Location,Area,BHK,Bathrooms,Property Age,Furnishing Status,Amenities,Price,price_per_sqft,property_age_group,luxury_score
HSR Layout,982,2,2,0,Furnished,"Children's Play Area, Clubhouse, Jogging Track, Swimming Pool",8880000.0,9042.77,New (0-3 yrs),3.57
HSR Layout,2758,4,3,23,Semi-Furnished,"24/7 Security, Covered Parking, Gym",20840000.0,7556.2,Old (20+ yrs),2.32
Electronic City,1798,3,3,3,Semi-Furnished,"24/7 Security, Clubhouse, Gym, Jogging Track, Landscaped Garden, Swimming Pool",10970000.0,6101.22,New (0-3 yrs),5.36
Whitefield,3470,5,5,1,Furnished,"Children's Play Area, Clubhouse, Covered Parking, Landscaped Garden, Tennis Court",24080000.0,6939.48,New (0-3 yrs),4.46
Yelahanka,1626,3,3,8,Semi-Furnished,"24/7 Security, Children's Play Area, Clubhouse, High-Speed Elevators, Jogging Track, Swimming Pool",9290000.0,5713.41,Modern (4-10 yrs),5.18
Indiranagar,2705,4,4,0,Semi-Furnished,"High-Speed Elevators, Jogging Track, Power Backup",35620000.0,13168.21,New (0-3 yrs),2.14
Hebbal,1653,3,2,10,Semi-Furnished,"Children's Play Area, Intercom, Power Backup, Swimming Pool",13490000.0,8160.92,Modern (4-10 yrs),3.12
Electronic City,948,2,2,0,Semi-Furnished,"Covered Parking, Gym, Intercom, Landscaped Garden, Power Backup, Swimming Pool",4680000.0,4936.71,New (0-3 yrs),4.91
Marathahalli,1529,3,3,5,Semi-Furnished,"Children's Play Area, Covered Parking, Gym, High-Speed Elevators, Intercom, Power Backup",9680000.0,6330.94,Modern (4-10 yrs),4.29
Banashankari,1469,3,3,8,Semi-Furnished,"Children's Play Area, Clubhouse, High-Speed Elevators, Swimming Pool, Tennis Court",12110000.0,8243.7,Modern (4-10 yrs),5.18
Marathahalli,1498,3,2,5,Furnished,"24/7 Security, High-Speed Elevators, Power Backup, Swimming Pool",11510000.0,7683.58,Modern (4-10 yrs),3.66
Koramangala,1241,2,2,15,Semi-Furnished,"Power Backup, Tennis Court",12970000.0,10451.25,Established (11-20 yrs),1.96
Yelahanka,1111,2,2,1,Furnished,"Gym, High-Speed Elevators, Intercom, Jogging Track, Landscaped Garden",6290000.0,5661.57,New (0-3 yrs),3.57
Electronic City,652,1,1,8,Semi-Furnished,"24/7 Security, Landscaped Garden, Power Backup",2920000.0,4478.53,Modern (4-10 yrs),2.23
Whitefield,1152,2,2,0,Semi-Furnished,"Children's Play Area, Covered Parking, High-Speed Elevators, Jogging Track",6370000.0,5529.51,New (0-3 yrs),2.77
Marathahalli,1494,3,2,0,Furnished,"24/7 Security, High-Speed Elevators, Landscaped Garden, Swimming Pool, Tennis Court",13550000.0,9069.61,New (0-3 yrs),5.0
Koramangala,462,1,1,10,Furnished,"Clubhouse, Covered Parking, Jogging Track, Landscaped Garden, Power Backup, Tennis Court",5360000.0,11601.73,Modern (4-10 yrs),5.09
Malleshwaram,1044,2,1,6,Semi-Furnished,"Clubhouse, Gym, Intercom, Jogging Track, Landscaped Garden, Power Backup, Swimming Pool",10720000.0,10268.2,Modern (4-10 yrs),5.8
Bellandur,1129,2,2,1,Semi-Furnished,"24/7 Security, Clubhouse, Covered Parking, Gym, Intercom, Landscaped Garden",9040000.0,8007.09,New (0-3 yrs),4.64
Yelahanka,1227,2,2,15,Semi-Furnished,"24/7 Security, Clubhouse, Swimming Pool, Tennis Court",5830000.0,4751.43,Established (11-20 yrs),4.38
Sarjapur Road,2306,4,4,17,Unfurnished,"Covered Parking, Intercom",13200000.0,5724.2,Established (11-20 yrs),1.16
Indiranagar,913,2,1,4,Furnished,"Covered Parking, Landscaped Garden",9310000.0,10197.15,Modern (4-10 yrs),1.52
Hebbal,1267,2,1,21,Semi-Furnished,"Children's Play Area, Jogging Track, Landscaped Garden, Swimming Pool, Tennis Court",9880000.0,7797.95,Old (20+ yrs),4.55
Bellandur,4296,5,4,7,Semi-Furnished,"24/7 Security, Jogging Track, Landscaped Garden",37720000.0,8780.26,Modern (4-10 yrs),2.05
Malleshwaram,2706,4,4,1,Unfurnished,"Covered Parking, Gym, High-Speed Elevators, Landscaped Garden, Power Backup",31490000.0,11637.1,New (0-3 yrs),4.02
Koramangala,1815,3,2,6,Semi-Furnished,"24/7 Security, Children's Play Area, Clubhouse, Intercom",19540000.0,10765.84,Modern (4-10 yrs),2.86
Marathahalli,4095,5,5,8,Semi-Furnished,"Clubhouse, Intercom, Power Backup, Swimming Pool",30070000.0,7343.1,Modern (4-10 yrs),3.57
Malleshwaram,1722,3,3,8,Unfurnished,"Clubhouse, Intercom, Jogging Track, Landscaped Garden",18580000.0,10789.78,Modern (4-10 yrs),2.86
Koramangala,2137,4,3,3,Semi-Furnished,"Children's Play Area, Clubhouse, Power Backup, Swimming Pool, Tennis Court",29590000.0,13846.51,New (0-3 yrs),5.0
HSR Layout,1542,3,3,4,Unfurnished,"Children's Play Area, Clubhouse, Covered Parking, Intercom, Landscaped Garden",13730000.0,8904.02,Modern (4-10 yrs),3.66
Electronic City,800,2,2,9,Semi-Furnished,"Children's Play Area, Clubhouse, Covered Parking, Gym, Jogging Track, Power Backup",4240000.0,5300.0,Modern (4-10 yrs),4.55
Whitefield,1624,3,3,24,Semi-Furnished,"24/7 Security, Clubhouse, Swimming Pool",7990000.0,4919.95,Old (20+ yrs),3.12
Banashankari,2389,4,4,2,Unfurnished,"Children's Play Area, Covered Parking, High-Speed Elevators",15730000.0,6584.34,New (0-3 yrs),2.23
Thanisandra,2105,3,3,2,Furnished,"Covered Parking, Gym, Intercom, Power Backup, Tennis Court",13170000.0,6256.53,New (0-3 yrs),4.02
Bellandur,1733,3,3,1,Furnished,"Children's Play Area, Clubhouse, High-Speed Elevators, Intercom, Power Backup, Swimming Pool, Tennis Court",16870000.0,9734.56,New (0-3 yrs),6.34
Malleshwaram,1202,2,2,5,Semi-Furnished,"24/7 Security, Clubhouse, Landscaped Garden, Power Backup, Swimming Pool",11900000.0,9900.17,Modern (4-10 yrs),4.64
Whitefield,1667,3,3,15,Semi-Furnished,"Covered Parking, Gym, Jogging Track, Tennis Court",9600000.0,5758.85,Established (11-20 yrs),3.39
Whitefield,1470,3,3,22,Unfurnished,"24/7 Security, Clubhouse, Gym, High-Speed Elevators, Landscaped Garden",6770000.0,4605.44,Old (20+ yrs),4.38
Yelahanka,1949,3,3,0,Semi-Furnished,"24/7 Security, Clubhouse, Gym, High-Speed Elevators, Intercom, Jogging Track, Landscaped Garden",12890000.0,6613.65,New (0-3 yrs),5.36
Jayanagar,1091,2,2,2,Furnished,"Children's Play Area, High-Speed Elevators, Intercom, Jogging Track, Landscaped Garden",12970000.0,11888.18,New (0-3 yrs),3.3
HSR Layout,1492,3,2,16,Unfurnished,"High-Speed Elevators, Intercom, Jogging Track, Power Backup, Swimming Pool, Tennis Court",11170000.0,7486.6,Established (11-20 yrs),5.18
Koramangala,2085,3,2,4,Semi-Furnished,"24/7 Security, Intercom, Jogging Track, Swimming Pool",28120000.0,13486.81,Modern (4-10 yrs),3.04
Koramangala,1084,2,2,6,Furnished,"Children's Play Area, Clubhouse, High-Speed Elevators, Intercom, Landscaped Garden",14330000.0,13219.56,Modern (4-10 yrs),3.84
Electronic City,1196,2,1,4,Unfurnished,"Children's Play Area, Clubhouse, Gym, High-Speed Elevators, Intercom, Jogging Track, Tennis Court",5480000.0,4581.94,Modern (4-10 yrs),5.71
Yelahanka,713,1,1,6,Semi-Furnished,"24/7 Security, Clubhouse, Gym, High-Speed Elevators, Jogging Track, Tennis Court",4480000.0,6283.31,Modern (4-10 yrs),5.36
Koramangala,1716,3,3,1,Semi-Furnished,"24/7 Security, Children's Play Area, Clubhouse, Gym, High-Speed Elevators, Intercom, Jogging Track, Swimming Pool, Tennis Court",22760000.0,13263.4,New (0-3 yrs),7.77
Electronic City,1169,2,2,2,Semi-Furnished,"Covered Parking, Gym, Intercom, Landscaped Garden, Power Backup, Swimming Pool",6190000.0,5295.12,New (0-3 yrs),4.91
Thanisandra,1165,2,1,17,Semi-Furnished,"Children's Play Area, Swimming Pool",6190000.0,5313.3,Established (11-20 yrs),1.96
Malleshwaram,1243,2,2,0,Unfurnished,"24/7 Security, Children's Play Area, Clubhouse, Gym, High-Speed Elevators, Jogging Track, Landscaped Garden, Power Backup",12340000.0,9927.59,New (0-3 yrs),6.25
Marathahalli,951,2,2,6,Furnished,"24/7 Security, Children's Play Area, Clubhouse, Gym, High-Speed Elevators, Jogging Track, Power Backup, Tennis Court",6730000.0,7076.76,Modern (4-10 yrs),6.7
Malleshwaram,1503,3,2,3,Furnished,"Intercom, Jogging Track, Landscaped Garden, Power Backup, Tennis Court",19040000.0,12668.0,New (0-3 yrs),3.75
Marathahalli,1458,3,2,5,Unfurnished,"24/7 Security, Children's Play Area, Gym, Swimming Pool, Tennis Court",9200000.0,6310.01,Modern (4-10 yrs),4.82
Sarjapur Road,1300,3,2,5,Semi-Furnished,"24/7 Security, Children's Play Area, Clubhouse, Landscaped Garden",10020000.0,7707.69,Modern (4-10 yrs),3.21
Koramangala,1719,3,2,0,Unfurnished,"24/7 Security, Gym, Intercom, Power Backup",22170000.0,12897.03,New (0-3 yrs),2.77
Jayanagar,1100,2,2,4,Semi-Furnished,"Intercom, Landscaped Garden, Power Backup, Swimming Pool",11990000.0,10900.0,Modern (4-10 yrs),3.3
HSR Layout,1261,2,2,7,Furnished,"Intercom, Jogging Track, Landscaped Garden",11100000.0,8802.54,Modern (4-10 yrs),1.79
Thanisandra,864,2,2,4,Furnished,"24/7 Security, High-Speed Elevators, Intercom, Power Backup, Tennis Court",5100000.0,5902.78,Modern (4-10 yrs),4.02
HSR Layout,966,2,2,4,Unfurnished,"Gym, Intercom, Power Backup, Swimming Pool",7900000.0,8178.05,Modern (4-10 yrs),3.39
Malleshwaram,1738,3,3,2,Furnished,"Children's Play Area, Gym, Intercom, Tennis Court",18930000.0,10891.83,New (0-3 yrs),3.21
Whitefield,1300,3,2,1,Semi-Furnished,"Children's Play Area, High-Speed Elevators, Jogging Track",6910000.0,5315.38,New (0-3 yrs),2.05
Whitefield,484,1,1,3,Semi-Furnished,"24/7 Security, Gym, Power Backup, Swimming Pool",2430000.0,5020.66,New (0-3 yrs),3.66
Jayanagar,1172,2,2,1,Unfurnished,"Covered Parking, Gym, Landscaped Garden",12070000.0,10298.63,New (0-3 yrs),2.41
Thanisandra,1609,3,2,4,Semi-Furnished,"Intercom, Jogging Track, Power Backup",9930000.0,6171.54,Modern (4-10 yrs),1.7
Electronic City,884,2,2,26,Unfurnished,"24/7 Security, Children's Play Area, Gym, High-Speed Elevators, Intercom, Jogging Track, Power Backup",3280000.0,3710.41,Old (20+ yrs),4.82
Thanisandra,2303,4,4,2,Furnished,"24/7 Security, Children's Play Area, Clubhouse, Landscaped Garden, Tennis Court",14750000.0,6404.69,New (0-3 yrs),4.46
Jayanagar,1615,3,3,1,Semi-Furnished,"24/7 Security, Clubhouse, Covered Parking, Intercom",18080000.0,11195.05,New (0-3 yrs),2.95
Jayanagar,1778,3,3,2,Unfurnished,"24/7 Security, Children's Play Area, Landscaped Garden, Power Backup, Swimming Pool, Tennis Court",20870000.0,11737.91,New (0-3 yrs),5.45
Indiranagar,1749,3,2,5,Furnished,"Intercom, Power Backup",21690000.0,12401.37,Modern (4-10 yrs),1.16
Thanisandra,1361,3,3,13,Semi-Furnished,"24/7 Security, High-Speed Elevators, Jogging Track, Power Backup, Swimming Pool",7240000.0,5319.62,Established (11-20 yrs),4.2
Yelahanka,1019,2,1,0,Semi-Furnished,"24/7 Security, Children's Play Area, Covered Parking, Gym, High-Speed Elevators, Jogging Track",4830000.0,4739.94,New (0-3 yrs),4.38
Sarjapur Road,1181,2,2,12,Semi-Furnished,"24/7 Security, Covered Parking, Intercom, Swimming Pool",7180000.0,6079.59,Established (11-20 yrs),3.21
Sarjapur Road,1546,3,3,1,Semi-Furnished,"Covered Parking, Intercom, Landscaped Garden, Power Backup, Swimming Pool",10680000.0,6908.15,New (0-3 yrs),4.02
Sarjapur Road,833,2,1,2,Semi-Furnished,"Children's Play Area, High-Speed Elevators, Jogging Track",4630000.0,5558.22,New (0-3 yrs),2.05
Yelahanka,728,1,1,12,Semi-Furnished,"Covered Parking, Jogging Track, Landscaped Garden, Swimming Pool, Tennis Court",3590000.0,4931.32,Established (11-20 yrs),4.64
Malleshwaram,1754,3,2,18,Semi-Furnished,"Children's Play Area, Clubhouse, Landscaped Garden, Swimming Pool",17130000.0,9766.25,Established (11-20 yrs),3.84
Bellandur,595,1,1,1,Furnished,"24/7 Security, Clubhouse, High-Speed Elevators, Intercom, Jogging Track, Landscaped Garden, Power Backup",4650000.0,7815.13,New (0-3 yrs),5.18
Marathahalli,1592,3,3,3,Semi-Furnished,"24/7 Security, Landscaped Garden",9240000.0,5804.02,New (0-3 yrs),1.52
Sarjapur Road,1029,2,1,3,Unfurnished,"24/7 Security, Children's Play Area, Clubhouse, High-Speed Elevators, Jogging Track, Landscaped Garden, Power Backup",6860000.0,6666.67,New (0-3 yrs),5.36
Whitefield,694,1,1,10,Unfurnished,"Children's Play Area, High-Speed Elevators, Jogging Track, Landscaped Garden, Power Backup",2980000.0,4293.95,Modern (4-10 yrs),3.57
Jayanagar,1016,2,2,10,Semi-Furnished,"Children's Play Area, Jogging Track, Swimming Pool",10220000.0,10059.06,Modern (4-10 yrs),2.5
Marathahalli,585,1,1,6,Semi-Furnished,"24/7 Security, Gym, High-Speed Elevators, Intercom, Landscaped Garden, Power Backup",3770000.0,6444.44,Modern (4-10 yrs),4.46
Electronic City,1140,2,2,7,Semi-Furnished,"Children's Play Area, Covered Parking, Jogging Track, Power Backup",4240000.0,3719.3,Modern (4-10 yrs),2.59
Sarjapur Road,1151,2,2,1,Furnished,"Children's Play Area, Covered Parking, Power Backup",9060000.0,7871.42,New (0-3 yrs),2.05
Indiranagar,746,1,1,4,Furnished,"Children's Play Area, Clubhouse, Gym, High-Speed Elevators, Tennis Court",9560000.0,12815.01,Modern (4-10 yrs),4.73
Rajajinagar,902,2,1,0,Semi-Furnished,"24/7 Security, Intercom, Landscaped Garden, Swimming Pool",10050000.0,11141.91,New (0-3 yrs),3.3
Bellandur,1368,2,2,10,Semi-Furnished,"Children's Play Area, Clubhouse, High-Speed Elevators, Swimming Pool",10610000.0,7755.85,Modern (4-10 yrs),3.93
Indiranagar,517,1,1,14,Furnished,"High-Speed Elevators, Jogging Track, Tennis Court",5160000.0,9980.66,Established (11-20 yrs),2.68
Malleshwaram,1689,3,3,1,Semi-Furnished,"Covered Parking, Gym, High-Speed Elevators, Intercom, Jogging Track, Landscaped Garden, Power Backup, Swimming Pool, Tennis Court",21690000.0,12841.92,New (0-3 yrs),7.59
Marathahalli,991,2,2,6,Semi-Furnished,"Clubhouse, Gym, High-Speed Elevators, Jogging Track, Power Backup, Swimming Pool",5870000.0,5923.31,Modern (4-10 yrs),5.45
Marathahalli,1579,3,3,1,Semi-Furnished,"Children's Play Area, Gym, Jogging Track, Power Backup",10420000.0,6599.11,New (0-3 yrs),2.77
Sarjapur Road,1164,2,2,1,Furnished,"24/7 Security, Covered Parking, Gym, Power Backup, Swimming Pool",9680000.0,8316.15,New (0-3 yrs),4.38
HSR Layout,1764,3,3,1,Furnished,"Clubhouse, High-Speed Elevators, Intercom, Jogging Track",16360000.0,9274.38,New (0-3 yrs),2.95
HSR Layout,1711,3,2,6,Unfurnished,"24/7 Security, Children's Play Area, Landscaped Garden",13490000.0,7884.28,Modern (4-10 yrs),2.14
Marathahalli,1102,2,2,6,Unfurnished,"Children's Play Area, Clubhouse, High-Speed Elevators, Intercom, Landscaped Garden, Power Backup",6870000.0,6234.12,Modern (4-10 yrs),4.55
Rajajinagar,588,1,1,7,Semi-Furnished,"24/7 Security, Covered Parking, Gym, Intercom, Jogging Track, Power Backup, Swimming Pool",5480000.0,9319.73,Modern (4-10 yrs),5.36
HSR Layout,1641,3,3,3,Semi-Furnished,"24/7 Security, Intercom, Swimming Pool, Tennis Court",15740000.0,9591.71,New (0-3 yrs),3.75
Indiranagar,1312,2,2,5,Semi-Furnished,"Clubhouse, Covered Parking, Gym, Landscaped Garden, Power Backup",17610000.0,13422.26,Modern (4-10 yrs),4.2
Whitefield,4824,5,5,7,Semi-Furnished,"Covered Parking, High-Speed Elevators, Intercom, Tennis Court",28790000.0,5968.08,Modern (4-10 yrs),3.3
Bellandur,1749,3,2,7,Semi-Furnished,"Clubhouse, Intercom, Jogging Track, Landscaped Garden, Power Backup, Tennis Court",13110000.0,7495.71,Modern (4-10 yrs),4.82
Electronic City,643,1,1,3,Furnished,"Children's Play Area, Intercom, Jogging Track",3120000.0,4852.26,New (0-3 yrs),1.61
Whitefield,1107,2,2,3,Unfurnished,"Covered Parking, Gym, Tennis Court",5960000.0,5383.92,New (0-3 yrs),2.86
Yelahanka,1035,2,2,4,Semi-Furnished,"Intercom, Jogging Track, Swimming Pool",5590000.0,5400.97,Modern (4-10 yrs),2.32
Koramangala,2055,3,2,10,Furnished,"24/7 Security, High-Speed Elevators, Intercom, Swimming Pool, Tennis Court",24490000.0,11917.27,Modern (4-10 yrs),4.64
Koramangala,1060,2,2,22,Semi-Furnished,"Power Backup, Swimming Pool",9540000.0,9000.0,Old (20+ yrs),2.05
Rajajinagar,1106,2,2,4,Furnished,"Children's Play Area, Clubhouse, Gym, Intercom, Landscaped Garden, Power Backup, Swimming Pool, Tennis Court",11960000.0,10813.74,Modern (4-10 yrs),7.14
Koramangala,2519,4,4,6,Unfurnished,"Covered Parking, Gym, High-Speed Elevators, Intercom, Jogging Track, Swimming Pool",35700000.0,14172.29,Modern (4-10 yrs),4.82
Rajajinagar,1075,2,1,5,Furnished,"24/7 Security, Gym, High-Speed Elevators, Landscaped Garden, Power Backup, Swimming Pool",11360000.0,10567.44,Modern (4-10 yrs),5.36
Whitefield,1062,2,2,2,Semi-Furnished,"24/7 Security, Clubhouse, Swimming Pool, Tennis Court",6000000.0,5649.72,New (0-3 yrs),4.38
Banashankari,1805,3,3,6,Semi-Furnished,"Children's Play Area, Gym, Swimming Pool",14260000.0,7900.28,Modern (4-10 yrs),2.86
Whitefield,2059,3,3,7,Unfurnished,"Gym, Power Backup, Tennis Court",12870000.0,6250.61,Modern (4-10 yrs),2.86
HSR Layout,2714,4,4,4,Semi-Furnished,"Clubhouse, High-Speed Elevators, Swimming Pool",21780000.0,8025.06,Modern (4-10 yrs),3.3
Yelahanka,1022,2,2,4,Unfurnished,"24/7 Security, Clubhouse, Covered Parking, Intercom, Jogging Track, Tennis Court",6140000.0,6007.83,Modern (4-10 yrs),4.73
Jayanagar,1731,3,3,10,Furnished,"24/7 Security, Clubhouse, Gym, Intercom, Power Backup",21630000.0,12495.67,Modern (4-10 yrs),3.84
Koramangala,2335,4,3,2,Unfurnished,"Intercom, Landscaped Garden",26210000.0,11224.84,New (0-3 yrs),1.25
Koramangala,1589,3,3,15,Furnished,"Children's Play Area, Intercom, Swimming Pool",19650000.0,12366.27,Established (11-20 yrs),2.41
Indiranagar,1106,2,2,4,Semi-Furnished,"Clubhouse, Gym, High-Speed Elevators, Intercom, Jogging Track, Power Backup, Tennis Court",14040000.0,12694.39,Modern (4-10 yrs),5.8
Electronic City,2267,4,3,2,Unfurnished,"Clubhouse, Covered Parking, Gym, Tennis Court",10700000.0,4719.89,New (0-3 yrs),3.93
HSR Layout,2517,4,4,9,Unfurnished,"24/7 Security, Covered Parking, Landscaped Garden, Power Backup",24380000.0,9686.13,Modern (4-10 yrs),2.95
Marathahalli,2361,4,4,2,Unfurnished,"Covered Parking, Intercom, Jogging Track, Swimming Pool",16260000.0,6886.91,New (0-3 yrs),3.04
Whitefield,701,1,1,5,Semi-Furnished,"Clubhouse, High-Speed Elevators, Landscaped Garden, Power Backup",3820000.0,5449.36,Modern (4-10 yrs),3.48
HSR Layout,852,2,1,6,Semi-Furnished,"Clubhouse, Gym, Jogging Track, Swimming Pool, Tennis Court",7250000.0,8509.39,Modern (4-10 yrs),5.09
Indiranagar,3807,5,4,2,Semi-Furnished,"Gym, Intercom, Landscaped Garden, Swimming Pool",55960000.0,14699.24,New (0-3 yrs),3.48
Yelahanka,1373,3,2,0,Unfurnished,"24/7 Security, Intercom",7390000.0,5382.37,New (0-3 yrs),1.16
Marathahalli,1027,2,1,4,Furnished,"Clubhouse, Covered Parking, Tennis Court",6220000.0,6056.48,Modern (4-10 yrs),3.04
Whitefield,1908,3,3,15,Furnished,"24/7 Security, High-Speed Elevators, Intercom, Jogging Track, Power Backup, Swimming Pool",10580000.0,5545.07,Established (11-20 yrs),4.64
Thanisandra,3241,4,4,3,Semi-Furnished,"24/7 Security, Gym, Swimming Pool",20690000.0,6383.83,New (0-3 yrs),2.95
Koramangala,1389,2,2,8,Furnished,"24/7 Security, Children's Play Area, Covered Parking, Gym, Jogging Track, Power Backup, Swimming Pool",16090000.0,11583.87,Modern (4-10 yrs),5.54
Sarjapur Road,2729,4,3,0,Semi-Furnished,"24/7 Security, Covered Parking, Gym, High-Speed Elevators, Intercom, Landscaped Garden, Tennis Court",23700000.0,8684.5,New (0-3 yrs),5.71
Whitefield,1459,3,2,9,Unfurnished,"24/7 Security, Gym, High-Speed Elevators, Swimming Pool",7160000.0,4907.47,Modern (4-10 yrs),3.84
Jayanagar,1092,2,2,0,Unfurnished,"24/7 Security, Children's Play Area, Swimming Pool",13230000.0,12115.38,New (0-3 yrs),2.68
Whitefield,1810,3,3,14,Semi-Furnished,"Children's Play Area, High-Speed Elevators, Intercom, Jogging Track, Swimming Pool",9140000.0,5049.72,Established (11-20 yrs),3.84
HSR Layout,675,1,1,0,Semi-Furnished,"24/7 Security, Children's Play Area, Clubhouse, High-Speed Elevators, Intercom, Jogging Track, Landscaped Garden, Tennis Court",5940000.0,8800.0,New (0-3 yrs),6.34
Rajajinagar,1213,2,2,0,Unfurnished,"Children's Play Area, Clubhouse, Covered Parking, Gym, Landscaped Garden",12680000.0,10453.42,New (0-3 yrs),4.11
Whitefield,1918,3,3,15,Unfurnished,"Intercom, Jogging Track, Landscaped Garden, Swimming Pool",10480000.0,5464.03,Established (11-20 yrs),3.12
Jayanagar,1147,2,2,27,Unfurnished,"Gym, High-Speed Elevators, Jogging Track, Landscaped Garden, Tennis Court",10000000.0,8718.4,Old (20+ yrs),4.38
Electronic City,1302,2,2,4,Unfurnished,"Covered Parking, High-Speed Elevators, Jogging Track, Power Backup, Tennis Court",6630000.0,5092.17,Modern (4-10 yrs),4.11
Indiranagar,1075,2,2,0,Semi-Furnished,"Clubhouse, Intercom",13160000.0,12241.86,New (0-3 yrs),1.52
Whitefield,1307,2,2,7,Semi-Furnished,"24/7 Security, Covered Parking, Gym, Intercom, Landscaped Garden",6860000.0,5248.66,Modern (4-10 yrs),3.57
Bellandur,1300,3,2,2,Furnished,"Covered Parking, Swimming Pool",10380000.0,7984.62,New (0-3 yrs),2.05
Electronic City,2050,3,3,1,Semi-Furnished,"Clubhouse, Gym, High-Speed Elevators, Power Backup, Swimming Pool",10150000.0,4951.22,New (0-3 yrs),4.91
Whitefield,1718,3,2,8,Semi-Furnished,"Children's Play Area, Clubhouse, Covered Parking",9750000.0,5675.2,Modern (4-10 yrs),2.41
Bellandur,1672,3,2,7,Semi-Furnished,"Clubhouse, Power Backup",11770000.0,7039.47,Modern (4-10 yrs),1.79
Electronic City,1348,2,2,14,Semi-Furnished,"24/7 Security, Covered Parking, Gym, Jogging Track, Landscaped Garden, Power Backup",5600000.0,4154.3,Established (11-20 yrs),4.38
Yelahanka,1230,2,2,3,Semi-Furnished,"Intercom, Jogging Track, Power Backup, Swimming Pool",7910000.0,6430.89,New (0-3 yrs),3.04
Sarjapur Road,881,2,2,3,Unfurnished,"24/7 Security, Children's Play Area, Covered Parking, High-Speed Elevators, Swimming Pool, Tennis Court",5440000.0,6174.8,New (0-3 yrs),5.54
Indiranagar,3718,5,5,5,Semi-Furnished,"Clubhouse, Gym, Landscaped Garden, Swimming Pool",51400000.0,13824.64,Modern (4-10 yrs),4.11
Whitefield,450,1,1,0,Semi-Furnished,"Clubhouse, Covered Parking",2620000.0,5822.22,New (0-3 yrs),1.79
Hebbal,1341,2,2,0,Furnished,"Clubhouse, Covered Parking, Gym, Intercom",13030000.0,9716.63,New (0-3 yrs),3.12
Marathahalli,1083,2,2,0,Unfurnished,"24/7 Security, Intercom, Jogging Track, Power Backup",7710000.0,7119.11,New (0-3 yrs),2.41
Electronic City,1288,2,1,1,Furnished,"Clubhouse, Intercom, Jogging Track, Swimming Pool",6790000.0,5271.74,New (0-3 yrs),3.39
HSR Layout,886,2,1,8,Unfurnished,"Children's Play Area, Covered Parking, Gym, High-Speed Elevators, Jogging Track, Landscaped Garden, Tennis Court",6940000.0,7832.96,Modern (4-10 yrs),5.71
Indiranagar,1554,3,3,15,Furnished,"Children's Play Area, Clubhouse, Covered Parking, High-Speed Elevators, Landscaped Garden, Power Backup",20210000.0,13005.15,Established (11-20 yrs),4.82
Bellandur,1095,2,2,0,Semi-Furnished,"24/7 Security, Children's Play Area, Clubhouse, Gym, Intercom, Jogging Track, Swimming Pool",10200000.0,9315.07,New (0-3 yrs),5.62
Thanisandra,961,2,1,3,Semi-Furnished,"24/7 Security, Children's Play Area, Jogging Track",5000000.0,5202.91,New (0-3 yrs),1.88
Hebbal,977,2,2,2,Semi-Furnished,"24/7 Security, Landscaped Garden, Tennis Court",7730000.0,7911.98,New (0-3 yrs),2.77
Yelahanka,905,2,2,0,Semi-Furnished,"Clubhouse, Covered Parking, Landscaped Garden, Swimming Pool, Tennis Court",5690000.0,6287.29,New (0-3 yrs),5.18
Bellandur,1220,2,2,3,Unfurnished,"Children's Play Area, Gym, Landscaped Garden, Swimming Pool, Tennis Court",9200000.0,7540.98,New (0-3 yrs),4.91
Electronic City,2031,3,2,0,Furnished,"Landscaped Garden, Power Backup, Swimming Pool",10840000.0,5337.27,New (0-3 yrs),2.86
Sarjapur Road,1668,3,3,2,Semi-Furnished,"24/7 Security, Clubhouse, Covered Parking, High-Speed Elevators, Intercom, Swimming Pool",11390000.0,6828.54,New (0-3 yrs),5.18
Koramangala,1128,2,2,11,Semi-Furnished,"24/7 Security, Children's Play Area, Clubhouse, Covered Parking, High-Speed Elevators, Landscaped Garden, Power Backup",13360000.0,11843.97,Established (11-20 yrs),5.54
Bellandur,2461,4,3,3,Semi-Furnished,"Children's Play Area, Clubhouse, Covered Parking, Gym, Jogging Track, Tennis Court",24900000.0,10117.84,New (0-3 yrs),5.09
Electronic City,851,2,1,18,Unfurnished,"Clubhouse, Intercom",3550000.0,4171.56,Established (11-20 yrs),1.52
Whitefield,1047,2,2,4,Unfurnished,"Clubhouse, Jogging Track, Swimming Pool",5930000.0,5663.8,Modern (4-10 yrs),2.95
Whitefield,1289,2,2,5,Furnished,"Clubhouse, Gym, Jogging Track, Landscaped Garden, Tennis Court",7170000.0,5562.45,Modern (4-10 yrs),4.55
Whitefield,2313,3,2,0,Furnished,"24/7 Security, Children's Play Area, Clubhouse, Covered Parking, High-Speed Elevators, Intercom, Landscaped Garden, Swimming Pool",15550000.0,6722.87,New (0-3 yrs),6.61
Yelahanka,2337,4,3,4,Unfurnished,"Clubhouse, Covered Parking, Swimming Pool",12870000.0,5507.06,Modern (4-10 yrs),3.12
Jayanagar,999,2,2,5,Furnished,"24/7 Security, Children's Play Area, Gym, High-Speed Elevators, Power Backup, Swimming Pool, Tennis Court",11180000.0,11191.19,Modern (4-10 yrs),6.43
Jayanagar,1583,3,2,0,Unfurnished,"Gym, High-Speed Elevators, Landscaped Garden, Tennis Court",22810000.0,14409.35,New (0-3 yrs),3.84
Rajajinagar,1554,3,3,7,Semi-Furnished,"24/7 Security, Children's Play Area, Clubhouse, Covered Parking, Power Backup, Swimming Pool",14730000.0,9478.76,Modern (4-10 yrs),5.18
Thanisandra,3867,5,5,4,Semi-Furnished,"24/7 Security, Clubhouse, Covered Parking, Jogging Track, Landscaped Garden, Tennis Court",26270000.0,6793.38,Modern (4-10 yrs),5.09
Whitefield,1872,3,3,12,Furnished,"Intercom, Power Backup",11220000.0,5993.59,Established (11-20 yrs),1.16
Thanisandra,1526,3,2,3,Semi-Furnished,"Children's Play Area, Clubhouse, Gym, High-Speed Elevators, Tennis Court",10040000.0,6579.29,New (0-3 yrs),4.73
Sarjapur Road,1218,2,2,13,Furnished,"Clubhouse, Covered Parking, Swimming Pool, Tennis Court",7240000.0,5944.17,Established (11-20 yrs),4.38
Sarjapur Road,1438,3,2,3,Semi-Furnished,"24/7 Security, High-Speed Elevators, Jogging Track",10600000.0,7371.35,New (0-3 yrs),2.14
Sarjapur Road,1201,2,1,17,Semi-Furnished,"24/7 Security, Covered Parking, Gym, Swimming Pool, Tennis Court",7130000.0,5936.72,Established (11-20 yrs),4.91
Bellandur,1105,2,2,13,Semi-Furnished,"24/7 Security, High-Speed Elevators, Intercom, Tennis Court",8830000.0,7990.95,Established (11-20 yrs),3.3
Bellandur,1200,2,2,13,Semi-Furnished,"Children's Play Area, Covered Parking, High-Speed Elevators, Intercom, Power Backup, Tennis Court",8040000.0,6700.0,Established (11-20 yrs),4.64
Sarjapur Road,558,1,1,6,Semi-Furnished,"Covered Parking, Intercom, Swimming Pool",3420000.0,6129.03,Modern (4-10 yrs),2.5
Indiranagar,1670,3,2,13,Semi-Furnished,"24/7 Security, Children's Play Area, Covered Parking, Landscaped Garden",19880000.0,11904.19,Established (11-20 yrs),2.86
Jayanagar,815,2,2,0,Semi-Furnished,"24/7 Security, Gym, Jogging Track",9150000.0,11226.99,New (0-3 yrs),2.14
Bellandur,1443,3,3,1,Furnished,"24/7 Security, Power Backup, Tennis Court",11690000.0,8101.18,New (0-3 yrs),2.68
Thanisandra,1306,3,2,0,Semi-Furnished,"Clubhouse, Gym, High-Speed Elevators, Jogging Track, Landscaped Garden, Power Backup, Swimming Pool",9450000.0,7235.83,New (0-3 yrs),6.25
Hebbal,1101,2,2,0,Semi-Furnished,"24/7 Security, Children's Play Area, Gym, Jogging Track, Swimming Pool",9510000.0,8637.6,New (0-3 yrs),4.11
Sarjapur Road,1273,2,2,15,Furnished,"Children's Play Area, Covered Parking, Jogging Track",8470000.0,6653.57,Established (11-20 yrs),1.88
Hebbal,3901,5,4,15,Unfurnished,"Children's Play Area, Gym, Intercom, Tennis Court",34580000.0,8864.39,Established (11-20 yrs),3.21
Sarjapur Road,2025,3,2,8,Semi-Furnished,"24/7 Security, Children's Play Area, Gym, Landscaped Garden, Power Backup, Swimming Pool, Tennis Court",14390000.0,7106.17,Modern (4-10 yrs),6.34
Marathahalli,1300,3,2,0,Furnished,"High-Speed Elevators, Jogging Track, Landscaped Garden, Swimming Pool",7280000.0,5600.0,New (0-3 yrs),3.57
Bellandur,1101,2,2,1,Semi-Furnished,"24/7 Security, Covered Parking, Tennis Court",9240000.0,8392.37,New (0-3 yrs),2.68
Hebbal,2100,4,3,11,Semi-Furnished,"24/7 Security, Intercom, Jogging Track, Tennis Court",16970000.0,8080.95,Established (11-20 yrs),2.95
Rajajinagar,1581,3,2,0,Semi-Furnished,"Clubhouse, Covered Parking, High-Speed Elevators, Intercom, Landscaped Garden",18840000.0,11916.51,New (0-3 yrs),3.93
Marathahalli,1026,2,2,13,Furnished,"Children's Play Area, Jogging Track",5750000.0,5604.29,Established (11-20 yrs),1.16
HSR Layout,2143,4,3,23,Furnished,"24/7 Security, Children's Play Area, Covered Parking, Gym, Landscaped Garden, Power Backup, Tennis Court",21190000.0,9888.01,Old (20+ yrs),5.71
Rajajinagar,3966,5,5,2,Semi-Furnished,"High-Speed Elevators, Landscaped Garden",45890000.0,11570.85,New (0-3 yrs),1.7
Malleshwaram,1194,2,2,2,Semi-Furnished,"Clubhouse, Covered Parking, Intercom, Jogging Track, Landscaped Garden, Swimming Pool",12320000.0,10318.26,New (0-3 yrs),4.91
HSR Layout,648,1,1,6,Furnished,"24/7 Security, Children's Play Area, Covered Parking, Jogging Track, Power Backup, Tennis Court",6190000.0,9552.47,Modern (4-10 yrs),4.55
Hebbal,935,2,2,2,Unfurnished,"Covered Parking, High-Speed Elevators, Intercom, Jogging Track",7330000.0,7839.57,New (0-3 yrs),2.59
Thanisandra,2499,4,4,5,Semi-Furnished,"Children's Play Area, Intercom, Tennis Court",15670000.0,6270.51,Modern (4-10 yrs),2.32
Koramangala,1475,3,2,17,Furnished,"Covered Parking, Gym, Intercom, Landscaped Garden",16600000.0,11254.24,Established (11-20 yrs),2.86
Malleshwaram,942,2,2,5,Semi-Furnished,"High-Speed Elevators, Jogging Track, Landscaped Garden, Tennis Court",10550000.0,11199.58,Modern (4-10 yrs),3.48
Koramangala,1943,3,3,9,Unfurnished,"24/7 Security, Clubhouse, High-Speed Elevators, Jogging Track, Swimming Pool",22870000.0,11770.46,Modern (4-10 yrs),4.55
HSR Layout,1453,3,3,25,Semi-Furnished,"24/7 Security, Jogging Track, Landscaped Garden, Tennis Court",12730000.0,8761.18,Old (20+ yrs),3.3
Bellandur,1674,3,2,1,Semi-Furnished,"Clubhouse, High-Speed Elevators, Jogging Track, Swimming Pool",13390000.0,7998.81,New (0-3 yrs),3.84
Rajajinagar,1210,2,2,7,Semi-Furnished,"Clubhouse, Jogging Track, Swimming Pool",11430000.0,9446.28,Modern (4-10 yrs),2.95
Malleshwaram,572,1,1,13,Semi-Furnished,"24/7 Security, Clubhouse, Landscaped Garden, Swimming Pool",4700000.0,8216.78,Established (11-20 yrs),3.93
Malleshwaram,1736,3,3,1,Semi-Furnished,"Clubhouse, High-Speed Elevators, Landscaped Garden, Power Backup, Swimming Pool",19510000.0,11238.48,New (0-3 yrs),4.82
Koramangala,1448,3,2,18,Unfurnished,"Children's Play Area, Gym, Jogging Track, Landscaped Garden, Tennis Court",12650000.0,8736.19,Established (11-20 yrs),4.11
Hebbal,2347,4,3,19,Semi-Furnished,"Jogging Track, Swimming Pool",19310000.0,8227.52,Established (11-20 yrs),1.88
Yelahanka,544,1,1,0,Semi-Furnished,"Children's Play Area, High-Speed Elevators, Intercom, Swimming Pool, Tennis Court",3010000.0,5533.09,New (0-3 yrs),4.55
Bellandur,621,1,1,4,Furnished,"24/7 Security, Gym, Landscaped Garden, Power Backup, Tennis Court",4940000.0,7954.91,Modern (4-10 yrs),4.38
Koramangala,983,2,1,3,Semi-Furnished,"Children's Play Area, Clubhouse, High-Speed Elevators, Intercom, Swimming Pool",11080000.0,11271.62,New (0-3 yrs),4.38
Banashankari,1089,2,1,15,Semi-Furnished,"24/7 Security, Children's Play Area, Covered Parking, Intercom",6580000.0,6042.24,Established (11-20 yrs),2.5
HSR Layout,1759,3,3,11,Semi-Furnished,"Children's Play Area, Clubhouse, Intercom, Landscaped Garden, Tennis Court",13980000.0,7947.7,Established (11-20 yrs),4.2
Thanisandra,1170,2,2,8,Unfurnished,"Power Backup, Swimming Pool",6410000.0,5478.63,Modern (4-10 yrs),2.05
Marathahalli,4471,5,4,9,Semi-Furnished,"24/7 Security, Clubhouse, Covered Parking, Gym, High-Speed Elevators, Intercom, Landscaped Garden, Power Backup",30460000.0,6812.79,Modern (4-10 yrs),6.25
Marathahalli,1030,2,2,16,Semi-Furnished,"24/7 Security, Gym, Intercom, Landscaped Garden, Swimming Pool",5910000.0,5737.86,Established (11-20 yrs),4.2
Electronic City,618,1,1,2,Unfurnished,"Children's Play Area, Clubhouse",2930000.0,4741.1,New (0-3 yrs),1.7
Whitefield,2706,4,3,4,Semi-Furnished,"Children's Play Area, Clubhouse, Covered Parking, Swimming Pool",15710000.0,5805.62,Modern (4-10 yrs),3.75
HSR Layout,564,1,1,2,Semi-Furnished,"Gym, Intercom, Landscaped Garden, Swimming Pool, Tennis Court",4690000.0,8315.6,New (0-3 yrs),4.73
Sarjapur Road,695,1,1,9,Furnished,"Jogging Track, Landscaped Garden, Power Backup, Swimming Pool",3920000.0,5640.29,Modern (4-10 yrs),3.39
Koramangala,1695,3,2,14,Unfurnished,"24/7 Security, Children's Play Area, Clubhouse, Gym, High-Speed Elevators, Power Backup",18890000.0,11144.54,Established (11-20 yrs),4.91
Electronic City,1446,3,3,11,Semi-Furnished,"Covered Parking, Gym, Jogging Track",6400000.0,4426.0,Established (11-20 yrs),2.14
Banashankari,3985,5,4,5,Semi-Furnished,"24/7 Security, Children's Play Area, Jogging Track, Landscaped Garden, Swimming Pool",32430000.0,8138.02,Modern (4-10 yrs),4.02
Koramangala,580,1,1,1,Semi-Furnished,"24/7 Security, Clubhouse",7590000.0,13086.21,New (0-3 yrs),1.79
Banashankari,1759,3,3,5,Furnished,"Children's Play Area, High-Speed Elevators, Intercom, Power Backup, Tennis Court",14690000.0,8351.34,Modern (4-10 yrs),3.93
Jayanagar,598,1,1,4,Semi-Furnished,"Covered Parking, Power Backup",6180000.0,10334.45,Modern (4-10 yrs),1.43
Indiranagar,735,1,1,7,Unfurnished,"24/7 Security, Clubhouse, Covered Parking, High-Speed Elevators, Jogging Track, Power Backup",7630000.0,10380.95,Modern (4-10 yrs),4.64
HSR Layout,1301,3,2,1,Semi-Furnished,"24/7 Security, Clubhouse, Intercom, Jogging Track, Power Backup, Swimming Pool",12060000.0,9269.79,New (0-3 yrs),4.82
Marathahalli,1904,3,3,0,Furnished,"24/7 Security, Covered Parking, Gym, Intercom, Landscaped Garden",13480000.0,7079.83,New (0-3 yrs),3.57
Sarjapur Road,1141,2,2,3,Semi-Furnished,"24/7 Security, Gym, Jogging Track, Power Backup, Swimming Pool, Tennis Court",6490000.0,5687.99,New (0-3 yrs),5.45
Bellandur,628,1,1,1,Furnished,"Children's Play Area, Intercom, Landscaped Garden, Power Backup",5590000.0,8901.27,New (0-3 yrs),2.59
Marathahalli,1231,2,2,8,Semi-Furnished,"Landscaped Garden, Tennis Court",7230000.0,5873.27,Modern (4-10 yrs),2.05
Electronic City,1271,2,2,4,Unfurnished,"Intercom, Jogging Track, Power Backup, Swimming Pool",6250000.0,4917.39,Modern (4-10 yrs),3.04
Koramangala,3852,5,5,8,Semi-Furnished,"Clubhouse, Intercom, Jogging Track, Landscaped Garden",58810000.0,15267.39,Modern (4-10 yrs),2.86
Electronic City,959,2,2,21,Furnished,"Children's Play Area, Covered Parking, Jogging Track, Landscaped Garden",3330000.0,3472.37,Old (20+ yrs),2.68
Electronic City,3353,4,4,6,Semi-Furnished,"Children's Play Area, Covered Parking, Gym, High-Speed Elevators, Jogging Track",15920000.0,4747.99,Modern (4-10 yrs),3.66
Yelahanka,1359,3,3,13,Furnished,"Covered Parking, Landscaped Garden",9230000.0,6791.76,Established (11-20 yrs),1.52
HSR Layout,947,2,2,8,Unfurnished,"Children's Play Area, Covered Parking, Jogging Track, Power Backup, Tennis Court",7610000.0,8035.9,Modern (4-10 yrs),3.84
Indiranagar,587,1,1,0,Furnished,"Clubhouse, Covered Parking, Gym, Swimming Pool",6580000.0,11209.54,New (0-3 yrs),4.02
Jayanagar,926,2,2,0,Semi-Furnished,"Children's Play Area, Intercom, Landscaped Garden, Power Backup",11200000.0,12095.03,New (0-3 yrs),2.59
Whitefield,1173,2,2,1,Semi-Furnished,"Children's Play Area, Intercom, Landscaped Garden, Power Backup, Tennis Court",8060000.0,6871.27,New (0-3 yrs),3.84
Whitefield,982,2,2,1,Semi-Furnished,"24/7 Security, Clubhouse, High-Speed Elevators, Intercom, Power Backup, Swimming Pool",4850000.0,4938.9,New (0-3 yrs),5.18
HSR Layout,906,2,2,10,Unfurnished,"24/7 Security, Children's Play Area, Gym",7020000.0,7748.34,Modern (4-10 yrs),2.23
Marathahalli,1708,3,2,0,Unfurnished,"Children's Play Area, Clubhouse, High-Speed Elevators, Landscaped Garden, Power Backup",10680000.0,6252.93,New (0-3 yrs),4.11
Sarjapur Road,1059,2,2,2,Furnished,"24/7 Security, Gym, High-Speed Elevators, Jogging Track, Swimming Pool",7730000.0,7299.34,New (0-3 yrs),4.38
Jayanagar,1300,3,3,0,Semi-Furnished,"Clubhouse, Intercom, Swimming Pool",14360000.0,11046.15,New (0-3 yrs),2.86
Whitefield,861,2,1,1,Semi-Furnished,"Covered Parking, High-Speed Elevators, Landscaped Garden, Swimming Pool",4650000.0,5400.7,New (0-3 yrs),3.75
Whitefield,1527,3,2,2,Semi-Furnished,"24/7 Security, Clubhouse, High-Speed Elevators, Intercom, Landscaped Garden, Tennis Court",10120000.0,6627.37,New (0-3 yrs),5.18
Bellandur,863,2,2,1,Semi-Furnished,"24/7 Security, Clubhouse, Gym, High-Speed Elevators, Intercom, Tennis Court",7660000.0,8876.01,New (0-3 yrs),5.27
Bellandur,597,1,1,8,Furnished,"Covered Parking, Gym, High-Speed Elevators, Jogging Track, Landscaped Garden, Swimming Pool",4140000.0,6934.67,Modern (4-10 yrs),5.18
Bellandur,2856,4,3,4,Furnished,"Children's Play Area, Gym, Power Backup",25030000.0,8764.01,Modern (4-10 yrs),2.23
Thanisandra,1099,2,1,3,Semi-Furnished,"Clubhouse, Intercom, Swimming Pool, Tennis Court",5830000.0,5304.82,New (0-3 yrs),4.11
Indiranagar,1069,2,2,1,Semi-Furnished,"Clubhouse, Covered Parking, Swimming Pool, Tennis Court",14650000.0,13704.4,New (0-3 yrs),4.38
Koramangala,1683,3,2,27,Semi-Furnished,"24/7 Security, Clubhouse, Gym, Landscaped Garden",15700000.0,9328.58,Old (20+ yrs),3.48
Jayanagar,1669,3,2,0,Unfurnished,"Clubhouse, Covered Parking, Tennis Court",18660000.0,11180.35,New (0-3 yrs),3.04
Electronic City,1701,3,2,18,Semi-Furnished,"Clubhouse, Covered Parking, Landscaped Garden, Power Backup",7920000.0,4656.08,Established (11-20 yrs),3.3
Marathahalli,1793,3,2,7,Furnished,"24/7 Security, Covered Parking, Gym, Jogging Track, Landscaped Garden, Power Backup, Swimming Pool",12000000.0,6692.69,Modern (4-10 yrs),5.71
Hebbal,917,2,2,1,Unfurnished,"Clubhouse, Swimming Pool",7570000.0,8255.18,New (0-3 yrs),2.41
Koramangala,875,2,2,9,Furnished,"Covered Parking, High-Speed Elevators, Swimming Pool, Tennis Court",10210000.0,11668.57,Modern (4-10 yrs),4.2
Electronic City,654,1,1,3,Semi-Furnished,"Children's Play Area, Clubhouse, Gym, Jogging Track",2960000.0,4525.99,New (0-3 yrs),3.12
Whitefield,1640,3,2,2,Furnished,"24/7 Security, Clubhouse, Tennis Court",9330000.0,5689.02,New (0-3 yrs),3.04
Bellandur,2127,3,2,0,Furnished,"Clubhouse, High-Speed Elevators, Landscaped Garden",17030000.0,8006.58,New (0-3 yrs),2.77
Marathahalli,1400,3,2,2,Semi-Furnished,"24/7 Security, Gym, Jogging Track",10360000.0,7400.0,New (0-3 yrs),2.14
Whitefield,1871,3,2,23,Semi-Furnished,"24/7 Security, Landscaped Garden, Swimming Pool",8570000.0,4580.44,Old (20+ yrs),2.86
Whitefield,850,2,2,4,Furnished,"Children's Play Area, Clubhouse, Gym, High-Speed Elevators, Intercom, Swimming Pool, Tennis Court",5490000.0,6458.82,Modern (4-10 yrs),6.52
Jayanagar,2047,3,3,0,Semi-Furnished,"24/7 Security, High-Speed Elevators, Swimming Pool, Tennis Court",24780000.0,12105.52,New (0-3 yrs),4.2
Whitefield,1986,3,3,5,Semi-Furnished,"Children's Play Area, Jogging Track, Power Backup",11710000.0,5896.27,Modern (4-10 yrs),1.88
Sarjapur Road,650,1,1,2,Unfurnished,"Children's Play Area, Jogging Track, Landscaped Garden, Swimming Pool, Tennis Court",4210000.0,6476.92,New (0-3 yrs),4.55
Banashankari,908,2,2,26,Semi-Furnished,"24/7 Security, Children's Play Area, Covered Parking, Intercom, Jogging Track, Landscaped Garden, Swimming Pool",5860000.0,6453.74,Old (20+ yrs),5.18
Hebbal,1983,3,3,3,Unfurnished,"Gym, High-Speed Elevators, Intercom",15860000.0,7997.98,New (0-3 yrs),2.23
Jayanagar,1466,3,3,21,Semi-Furnished,"Covered Parking, Gym, Jogging Track",15670000.0,10688.95,Old (20+ yrs),2.14
Koramangala,1876,3,2,12,Semi-Furnished,"Gym, Landscaped Garden, Power Backup",23160000.0,12345.42,Established (11-20 yrs),2.41
Whitefield,1529,3,2,2,Semi-Furnished,"Clubhouse, Covered Parking, High-Speed Elevators, Intercom, Landscaped Garden",8790000.0,5748.86,New (0-3 yrs),3.93
Bellandur,3100,5,5,1,Semi-Furnished,"Clubhouse, Jogging Track, Landscaped Garden, Power Backup",32490000.0,10480.65,New (0-3 yrs),3.12
Electronic City,1617,3,2,17,Semi-Furnished,"Landscaped Garden, Power Backup",6820000.0,4217.69,Established (11-20 yrs),1.52
Electronic City,2384,4,4,11,Semi-Furnished,"Clubhouse, Intercom, Tennis Court",11360000.0,4765.1,Established (11-20 yrs),2.77
Indiranagar,3189,5,4,8,Furnished,"24/7 Security, Children's Play Area, Clubhouse, Gym, High-Speed Elevators, Power Backup, Swimming Pool",49510000.0,15525.24,Modern (4-10 yrs),6.25
Malleshwaram,1117,2,2,0,Unfurnished,"24/7 Security, Clubhouse, High-Speed Elevators, Jogging Track",12700000.0,11369.74,New (0-3 yrs),3.21
Koramangala,529,1,1,3,Unfurnished,"24/7 Security, Jogging Track, Power Backup, Swimming Pool, Tennis Court",5730000.0,10831.76,New (0-3 yrs),4.55
Whitefield,1641,3,3,2,Semi-Furnished,"Intercom, Swimming Pool",9070000.0,5527.12,New (0-3 yrs),1.79
Koramangala,1051,2,2,1,Semi-Furnished,"24/7 Security, High-Speed Elevators, Intercom, Jogging Track, Power Backup, Swimming Pool",14330000.0,13634.63,New (0-3 yrs),4.64
Banashankari,1098,2,2,4,Semi-Furnished,"Clubhouse, Jogging Track, Landscaped Garden",7510000.0,6839.71,Modern (4-10 yrs),2.41
Whitefield,694,1,1,0,Semi-Furnished,"24/7 Security, Clubhouse, Covered Parking, Gym, High-Speed Elevators, Power Backup, Tennis Court",4350000.0,6268.01,New (0-3 yrs),6.25
Jayanagar,1601,3,2,1,Semi-Furnished,"Clubhouse, Covered Parking, Gym, Jogging Track",17610000.0,10999.38,New (0-3 yrs),3.21
Marathahalli,1006,2,2,0,Furnished,"24/7 Security, Covered Parking, Gym, Intercom, Landscaped Garden, Swimming Pool",6750000.0,6709.74,New (0-3 yrs),4.91
Bellandur,955,2,2,7,Unfurnished,"24/7 Security, Children's Play Area, Gym, Intercom, Landscaped Garden, Swimming Pool",6850000.0,7172.77,Modern (4-10 yrs),4.82
Marathahalli,639,1,1,16,Semi-Furnished,"Children's Play Area, Covered Parking, Jogging Track, Landscaped Garden",3530000.0,5524.26,Established (11-20 yrs),2.68
Whitefield,922,2,2,18,Semi-Furnished,"Children's Play Area, High-Speed Elevators, Landscaped Garden, Power Backup, Tennis Court",4740000.0,5141.0,Established (11-20 yrs),4.29
Whitefield,811,2,1,5,Semi-Furnished,"Covered Parking, Jogging Track",3730000.0,4599.26,Modern (4-10 yrs),1.25
Thanisandra,2543,4,4,3,Furnished,"24/7 Security, Clubhouse, Covered Parking, Gym, Intercom, Swimming Pool, Tennis Court",20220000.0,7951.24,New (0-3 yrs),6.43
Jayanagar,1313,2,2,1,Semi-Furnished,"24/7 Security, Children's Play Area, Clubhouse, Intercom, Jogging Track, Tennis Court",15860000.0,12079.21,New (0-3 yrs),4.64
Marathahalli,1070,2,2,10,Unfurnished,"Clubhouse, Gym, High-Speed Elevators, Intercom, Swimming Pool",6960000.0,6504.67,Modern (4-10 yrs),4.64
Whitefield,1148,2,2,4,Unfurnished,"24/7 Security, Children's Play Area, Clubhouse, Covered Parking, Gym, Jogging Track, Power Backup, Swimming Pool",6320000.0,5505.23,Modern (4-10 yrs),6.61
Rajajinagar,1433,3,3,2,Furnished,"Covered Parking, Gym, Intercom, Swimming Pool, Tennis Court",14950000.0,10432.66,New (0-3 yrs),4.64
HSR Layout,1204,2,1,11,Unfurnished,"Clubhouse, Covered Parking, Gym, Swimming Pool",10530000.0,8745.85,Established (11-20 yrs),4.02
HSR Layout,1782,3,3,0,Semi-Furnished,"Power Backup, Tennis Court",19060000.0,10695.85,New (0-3 yrs),1.96
Banashankari,927,2,2,17,Semi-Furnished,"Clubhouse, Gym, High-Speed Elevators, Jogging Track, Power Backup, Swimming Pool",6250000.0,6742.18,Established (11-20 yrs),5.45
Indiranagar,1926,3,3,7,Furnished,"24/7 Security, Children's Play Area, Gym, Landscaped Garden, Power Backup, Swimming Pool",29940000.0,15545.17,Modern (4-10 yrs),5.09
Malleshwaram,1679,3,3,0,Semi-Furnished,"Children's Play Area, Tennis Court",18080000.0,10768.31,New (0-3 yrs),1.87
Indiranagar,1380,3,3,7,Semi-Furnished,"Children's Play Area, Clubhouse, Intercom, Jogging Track",18060000.0,13086.96,Modern (4-10 yrs),2.68
Jayanagar,1749,3,2,7,Semi-Furnished,"Covered Parking, Gym, Jogging Track, Landscaped Garden, Swimming Pool",23490000.0,13430.53,Modern (4-10 yrs),4.29
Sarjapur Road,1300,3,3,6,Semi-Furnished,"Clubhouse, Gym, High-Speed Elevators, Landscaped Garden, Swimming Pool, Tennis Court",9610000.0,7392.31,Modern (4-10 yrs),6.25
Bellandur,1472,3,3,3,Semi-Furnished,"Covered Parking, Landscaped Garden",11890000.0,8077.45,New (0-3 yrs),1.52
Indiranagar,1128,2,2,17,Semi-Furnished,"24/7 Security, Children's Play Area, Clubhouse, Covered Parking, Gym, Landscaped Garden, Power Backup, Tennis Court",11910000.0,10558.51,Established (11-20 yrs),6.79
Whitefield,2100,4,3,17,Semi-Furnished,"Children's Play Area, Covered Parking, High-Speed Elevators, Intercom",12400000.0,5904.76,Established (11-20 yrs),2.68
Sarjapur Road,2470,4,3,10,Semi-Furnished,"Landscaped Garden, Swimming Pool",18230000.0,7380.57,Modern (4-10 yrs),2.14
Rajajinagar,1054,2,2,2,Semi-Furnished,"24/7 Security, Intercom, Jogging Track, Power Backup",9870000.0,9364.33,New (0-3 yrs),2.41
Indiranagar,965,2,2,14,Semi-Furnished,"24/7 Security, Children's Play Area, Clubhouse, Power Backup",9580000.0,9927.46,Established (11-20 yrs),3.12
Bellandur,2326,4,4,14,Unfurnished,"Clubhouse, Covered Parking, High-Speed Elevators, Landscaped Garden, Tennis Court",19760000.0,8495.27,Established (11-20 yrs),4.73
Whitefield,949,2,1,10,Furnished,"Clubhouse, Jogging Track, Landscaped Garden, Tennis Court",4860000.0,5121.18,Modern (4-10 yrs),3.66
Banashankari,844,2,2,6,Semi-Furnished,"Gym, Landscaped Garden, Power Backup, Swimming Pool",5600000.0,6635.07,Modern (4-10 yrs),3.75
Sarjapur Road,3308,4,3,2,Semi-Furnished,"Children's Play Area, Clubhouse, Tennis Court",26380000.0,7974.61,New (0-3 yrs),2.95
Thanisandra,1157,2,1,1,Semi-Furnished,"24/7 Security, Children's Play Area, Gym, Intercom, Jogging Track, Landscaped Garden, Swimming Pool, Tennis Court",8150000.0,7044.08,New (0-3 yrs),6.61
Rajajinagar,1069,2,2,0,Semi-Furnished,"24/7 Security, Children's Play Area, Intercom, Jogging Track",10620000.0,9934.52,New (0-3 yrs),2.32
Whitefield,3489,4,4,5,Furnished,"Intercom, Swimming Pool",22850000.0,6549.15,Modern (4-10 yrs),1.79
Whitefield,1300,3,3,0,Semi-Furnished,"24/7 Security, Intercom, Swimming Pool",7010000.0,5392.31,New (0-3 yrs),2.5
HSR Layout,1300,3,3,5,Semi-Furnished,"24/7 Security, Clubhouse, Intercom, Landscaped Garden",10170000.0,7823.08,Modern (4-10 yrs),3.04
Thanisandra,708,1,1,2,Unfurnished,"Covered Parking, Intercom",3660000.0,5169.49,New (0-3 yrs),1.16
HSR Layout,1184,2,1,1,Unfurnished,"Clubhouse, Covered Parking, Power Backup, Swimming Pool, Tennis Court",9250000.0,7812.5,New (0-3 yrs),5.09
Bellandur,1133,2,2,14,Semi-Furnished,"Covered Parking, Gym, Landscaped Garden, Power Backup, Swimming Pool",8120000.0,7166.81,Established (11-20 yrs),4.46
Hebbal,1417,3,2,11,Furnished,"Children's Play Area, Covered Parking, Gym, Intercom, Jogging Track",11210000.0,7911.08,Established (11-20 yrs),3.21
Thanisandra,1633,3,2,3,Semi-Furnished,"Jogging Track, Swimming Pool, Tennis Court",11760000.0,7201.47,New (0-3 yrs),3.12
Bellandur,2121,4,4,2,Furnished,"24/7 Security, Children's Play Area, Covered Parking, High-Speed Elevators, Intercom, Jogging Track, Tennis Court",18530000.0,8736.45,New (0-3 yrs),5.18
HSR Layout,1163,2,2,3,Furnished,"24/7 Security, Clubhouse, Intercom, Jogging Track, Tennis Court",10080000.0,8667.24,New (0-3 yrs),4.02
Indiranagar,1830,3,3,1,Unfurnished,"Children's Play Area, Covered Parking, High-Speed Elevators, Jogging Track, Tennis Court",26070000.0,14245.9,New (0-3 yrs),4.02
HSR Layout,1723,3,3,9,Semi-Furnished,"Children's Play Area, Clubhouse, Covered Parking, Gym, Jogging Track",15750000.0,9141.03,Modern (4-10 yrs),3.84
Bellandur,2423,4,3,4,Semi-Furnished,"24/7 Security, Clubhouse, Covered Parking, Gym, High-Speed Elevators, Intercom, Power Backup",20270000.0,8365.66,Modern (4-10 yrs),5.45
Bellandur,1553,3,3,7,Furnished,"24/7 Security, Clubhouse, High-Speed Elevators",10180000.0,6555.05,Modern (4-10 yrs),2.68
Thanisandra,1537,3,3,2,Semi-Furnished,"Clubhouse, Landscaped Garden, Swimming Pool",9240000.0,6011.71,New (0-3 yrs),3.21
Bellandur,4114,5,5,5,Semi-Furnished,"Gym, Intercom, Jogging Track, Landscaped Garden, Power Backup, Swimming Pool, Tennis Court",36830000.0,8952.36,Modern (4-10 yrs),5.98
Koramangala,830,2,2,19,Furnished,"Children's Play Area, Clubhouse, Intercom, Landscaped Garden, Power Backup",10880000.0,13108.43,Established (11-20 yrs),3.66
Koramangala,1401,3,3,0,Unfurnished,"24/7 Security, Landscaped Garden, Swimming Pool",17480000.0,12476.8,New (0-3 yrs),2.86
HSR Layout,2727,4,3,0,Furnished,"Covered Parking, Gym, Intercom, Jogging Track, Landscaped Garden, Power Backup, Swimming Pool",23750000.0,8709.2,New (0-3 yrs),5.45
Hebbal,1547,3,3,18,Furnished,"Children's Play Area, Clubhouse, Covered Parking, Gym, Intercom, Jogging Track, Landscaped Garden, Swimming Pool",13930000.0,9004.52,Established (11-20 yrs),6.43
Bellandur,1172,2,2,4,Semi-Furnished,"High-Speed Elevators, Intercom",8550000.0,7295.22,Modern (4-10 yrs),1.34
Jayanagar,1901,3,2,15,Unfurnished,"24/7 Security, Covered Parking, High-Speed Elevators, Intercom, Power Backup",19170000.0,10084.17,Established (11-20 yrs),3.48
Marathahalli,1329,2,2,8,Semi-Furnished,"24/7 Security, Children's Play Area, Clubhouse, Covered Parking, Gym, Intercom, Landscaped Garden, Tennis Court",9650000.0,7261.1,Modern (4-10 yrs),6.52
Hebbal,807,2,1,0,Semi-Furnished,"Children's Play Area, Clubhouse, High-Speed Elevators, Landscaped Garden, Power Backup, Swimming Pool",6540000.0,8104.09,New (0-3 yrs),5.45
Electronic City,4003,5,4,3,Semi-Furnished,"Children's Play Area, Clubhouse, Covered Parking, High-Speed Elevators, Landscaped Garden, Swimming Pool, Tennis Court",21100000.0,5271.05,New (0-3 yrs),6.7
Yelahanka,1487,3,3,6,Semi-Furnished,"Covered Parking, Gym, Jogging Track, Tennis Court",7450000.0,5010.09,Modern (4-10 yrs),3.39
Banashankari,1651,3,3,4,Furnished,"Clubhouse, Intercom, Power Backup, Tennis Court",10990000.0,6656.57,Modern (4-10 yrs),3.48
Electronic City,2618,4,3,1,Unfurnished,"Covered Parking, High-Speed Elevators, Jogging Track",14140000.0,5401.07,New (0-3 yrs),2.14
Whitefield,1989,3,3,4,Furnished,"Intercom, Landscaped Garden, Power Backup, Swimming Pool, Tennis Court",11360000.0,5711.41,Modern (4-10 yrs),4.55
Bellandur,1723,3,3,14,Semi-Furnished,"Covered Parking, Intercom, Jogging Track",10490000.0,6088.22,Established (11-20 yrs),1.7
Whitefield,1368,2,2,9,Semi-Furnished,"Clubhouse, Covered Parking, High-Speed Elevators, Landscaped Garden, Power Backup",8850000.0,6469.3,Modern (4-10 yrs),4.2
Indiranagar,1525,3,3,2,Semi-Furnished,"Gym, High-Speed Elevators, Swimming Pool, Tennis Court",21840000.0,14321.31,New (0-3 yrs),4.38
Thanisandra,1601,3,3,9,Semi-Furnished,"Clubhouse, Covered Parking, High-Speed Elevators, Jogging Track, Landscaped Garden, Power Backup",8920000.0,5571.52,Modern (4-10 yrs),4.73
Rajajinagar,1026,2,2,10,Furnished,"24/7 Security, Clubhouse, Covered Parking, Gym, Jogging Track, Power Backup, Tennis Court",10800000.0,10526.32,Modern (4-10 yrs),5.89
Whitefield,1670,3,2,3,Semi-Furnished,"Children's Play Area, Power Backup, Tennis Court",9370000.0,5610.78,New (0-3 yrs),2.59
Bellandur,1545,3,2,2,Unfurnished,"24/7 Security, Children's Play Area, Gym, High-Speed Elevators, Power Backup, Swimming Pool",11640000.0,7533.98,New (0-3 yrs),5.18
Koramangala,1246,2,2,9,Semi-Furnished,"Clubhouse, High-Speed Elevators, Jogging Track, Landscaped Garden",13050000.0,10473.52,Modern (4-10 yrs),3.3
Bellandur,1262,2,2,12,Unfurnished,"Clubhouse, Covered Parking, High-Speed Elevators, Power Backup, Tennis Court",9710000.0,7694.14,Established (11-20 yrs),4.64
Rajajinagar,1212,2,2,2,Unfurnished,"Clubhouse, Covered Parking, Intercom",12450000.0,10272.28,New (0-3 yrs),2.23
Bellandur,1699,3,3,3,Unfurnished,"High-Speed Elevators, Jogging Track, Landscaped Garden, Power Backup",13340000.0,7851.68,New (0-3 yrs),2.95
Malleshwaram,903,2,2,4,Furnished,"Children's Play Area, Clubhouse, Covered Parking, Gym, Intercom",9500000.0,10520.49,Modern (4-10 yrs),3.75
Banashankari,1543,3,3,4,Furnished,"Children's Play Area, Swimming Pool",12420000.0,8049.25,Modern (4-10 yrs),1.96
Thanisandra,1121,2,2,1,Semi-Furnished,"Children's Play Area, Covered Parking, Jogging Track, Swimming Pool, Tennis Court",7610000.0,6788.58,New (0-3 yrs),4.46
Hebbal,1792,3,3,11,Unfurnished,"24/7 Security, Clubhouse, Covered Parking, Gym, High-Speed Elevators, Tennis Court",15300000.0,8537.95,Established (11-20 yrs),5.54
Koramangala,1300,2,2,1,Semi-Furnished,"Covered Parking, High-Speed Elevators, Intercom, Jogging Track, Tennis Court",17120000.0,13169.23,New (0-3 yrs),3.84
Whitefield,1340,2,2,14,Furnished,"Children's Play Area, Covered Parking, Gym, High-Speed Elevators, Jogging Track, Power Backup, Swimming Pool",8600000.0,6417.91,Established (11-20 yrs),5.71
Sarjapur Road,599,1,1,18,Semi-Furnished,"24/7 Security, Clubhouse, High-Speed Elevators, Intercom, Power Backup",3420000.0,5709.52,Established (11-20 yrs),3.84
Koramangala,621,1,1,2,Semi-Furnished,"24/7 Security, Children's Play Area, Clubhouse, Intercom, Swimming Pool",7700000.0,12399.36,New (0-3 yrs),4.2
HSR Layout,2779,4,4,8,Semi-Furnished,"Covered Parking, Jogging Track, Landscaped Garden, Power Backup",27250000.0,9805.69,Modern (4-10 yrs),2.77
Jayanagar,2167,4,4,20,Semi-Furnished,"Children's Play Area, Clubhouse, Gym, High-Speed Elevators, Power Backup",23250000.0,10729.12,Established (11-20 yrs),4.2
HSR Layout,1742,3,3,6,Semi-Furnished,"Clubhouse, High-Speed Elevators, Intercom, Landscaped Garden, Swimming Pool",14390000.0,8260.62,Modern (4-10 yrs),4.55
Bellandur,705,1,1,16,Furnished,"Clubhouse, Intercom, Landscaped Garden, Tennis Court",4650000.0,6595.74,Established (11-20 yrs),3.57
HSR Layout,804,2,2,10,Semi-Furnished,"24/7 Security, Gym, Power Backup",6320000.0,7860.7,Modern (4-10 yrs),2.32
Indiranagar,2031,3,2,0,Semi-Furnished,"24/7 Security, Children's Play Area, Covered Parking, Gym, Intercom, Jogging Track, Power Backup, Swimming Pool",22310000.0,10984.74,New (0-3 yrs),5.98
Thanisandra,1490,3,3,4,Semi-Furnished,"24/7 Security, Jogging Track, Landscaped Garden, Swimming Pool",10600000.0,7114.09,Modern (4-10 yrs),3.39
Hebbal,1603,3,2,28,Furnished,"Children's Play Area, Covered Parking, High-Speed Elevators, Intercom, Landscaped Garden",12450000.0,7766.69,Old (20+ yrs),3.48
Hebbal,2421,4,4,10,Semi-Furnished,"Children's Play Area, Clubhouse, Covered Parking, Gym, Tennis Court",22080000.0,9120.2,Modern (4-10 yrs),4.55
Jayanagar,1033,2,2,14,Semi-Furnished,"Covered Parking, Swimming Pool, Tennis Court",10860000.0,10513.07,Established (11-20 yrs),3.3
Whitefield,1950,3,3,5,Unfurnished,"24/7 Security, Children's Play Area, Gym, High-Speed Elevators, Intercom, Jogging Track, Tennis Court",10520000.0,5394.87,Modern (4-10 yrs),5.36
Hebbal,2579,4,4,2,Semi-Furnished,"Covered Parking, Gym",20340000.0,7886.78,New (0-3 yrs),1.61
Malleshwaram,1074,2,2,5,Semi-Furnished,"Children's Play Area, Gym, Landscaped Garden",10590000.0,9860.34,Modern (4-10 yrs),2.32
HSR Layout,1128,2,2,6,Semi-Furnished,"High-Speed Elevators, Jogging Track, Power Backup, Tennis Court",10040000.0,8900.71,Modern (4-10 yrs),3.39
Jayanagar,938,2,2,5,Semi-Furnished,"Jogging Track, Swimming Pool",9240000.0,9850.75,Modern (4-10 yrs),1.88
Rajajinagar,1430,3,3,0,Unfurnished,"Gym, Landscaped Garden, Power Backup, Tennis Court",13600000.0,9510.49,New (0-3 yrs),3.66
Malleshwaram,1027,2,2,6,Unfurnished,"24/7 Security, Children's Play Area, Clubhouse, Gym, Landscaped Garden, Power Backup, Tennis Court",11070000.0,10778.97,Modern (4-10 yrs),6.07
Indiranagar,1733,3,3,6,Semi-Furnished,"Children's Play Area, Clubhouse, Covered Parking, High-Speed Elevators, Power Backup, Swimming Pool",23610000.0,13623.77,Modern (4-10 yrs),5.36
Whitefield,965,2,2,1,Semi-Furnished,"24/7 Security, Children's Play Area, Covered Parking, Gym, High-Speed Elevators, Landscaped Garden, Swimming Pool, Tennis Court",5280000.0,5471.5,New (0-3 yrs),7.23
Hebbal,1528,3,3,15,Furnished,"24/7 Security, Clubhouse, Gym, High-Speed Elevators, Jogging Track, Power Backup",12490000.0,8174.08,Established (11-20 yrs),4.82
Whitefield,1300,3,3,6,Unfurnished,"Covered Parking, Gym, Jogging Track, Swimming Pool, Tennis Court",7190000.0,5530.77,Modern (4-10 yrs),4.73
Whitefield,1958,3,2,28,Semi-Furnished,"Children's Play Area, Intercom, Jogging Track, Swimming Pool",11060000.0,5648.62,Old (20+ yrs),2.95
Bellandur,478,1,1,0,Semi-Furnished,"24/7 Security, Clubhouse, Intercom, Jogging Track, Landscaped Garden",3890000.0,8138.08,New (0-3 yrs),3.57
HSR Layout,846,1,1,4,Semi-Furnished,"Children's Play Area, Clubhouse, High-Speed Elevators, Jogging Track, Power Backup",7040000.0,8321.51,Modern (4-10 yrs),3.84
Indiranagar,2770,4,4,14,Semi-Furnished,"Clubhouse, Gym, Jogging Track, Landscaped Garden, Power Backup, Tennis Court",34110000.0,12314.08,Established (11-20 yrs),5.27
Marathahalli,1386,2,2,0,Semi-Furnished,"High-Speed Elevators, Jogging Track, Landscaped Garden, Swimming Pool, Tennis Court",8820000.0,6363.64,New (0-3 yrs),4.82
Indiranagar,1227,2,2,2,Semi-Furnished,"24/7 Security, Clubhouse, High-Speed Elevators, Jogging Track",16590000.0,13520.78,New (0-3 yrs),3.21
Whitefield,1878,3,2,1,Furnished,"24/7 Security, Children's Play Area, Clubhouse, Gym, Intercom, Jogging Track, Tennis Court",13330000.0,7097.98,New (0-3 yrs),5.54
Banashankari,2065,3,2,5,Unfurnished,"Gym, Intercom, Power Backup, Swimming Pool",13040000.0,6314.77,Modern (4-10 yrs),3.39
Marathahalli,1036,2,1,1,Unfurnished,"24/7 Security, Covered Parking, High-Speed Elevators, Jogging Track, Tennis Court",6790000.0,6554.05,New (0-3 yrs),4.11
Jayanagar,1694,3,3,0,Unfurnished,"Children's Play Area, Covered Parking, Jogging Track, Power Backup",20630000.0,12178.28,New (0-3 yrs),2.59
Indiranagar,1078,2,2,4,Semi-Furnished,"Children's Play Area, Gym, Jogging Track, Power Backup, Swimming Pool, Tennis Court",11460000.0,10630.8,Modern (4-10 yrs),5.36
Indiranagar,594,1,1,2,Furnished,"High-Speed Elevators, Intercom, Tennis Court",8170000.0,13754.21,New (0-3 yrs),2.59
Rajajinagar,614,1,1,1,Furnished,"Children's Play Area, Covered Parking",5880000.0,9576.55,New (0-3 yrs),1.34
Sarjapur Road,1177,2,2,4,Semi-Furnished,"High-Speed Elevators, Landscaped Garden, Swimming Pool, Tennis Court",6500000.0,5522.51,Modern (4-10 yrs),4.29
Sarjapur Road,1080,2,1,2,Semi-Furnished,"Children's Play Area, Gym",7370000.0,6824.07,New (0-3 yrs),1.52
HSR Layout,1228,2,1,10,Semi-Furnished,"Covered Parking, Jogging Track, Landscaped Garden, Power Backup",10870000.0,8851.79,Modern (4-10 yrs),2.77
Sarjapur Road,2628,4,4,5,Semi-Furnished,"24/7 Security, Children's Play Area, Clubhouse, Gym, Intercom, Jogging Track, Power Backup, Swimming Pool, Tennis Court",20850000.0,7933.79,Modern (4-10 yrs),7.59
Banashankari,575,1,1,5,Semi-Furnished,"24/7 Security, Clubhouse, Covered Parking, Gym, High-Speed Elevators, Power Backup, Swimming Pool",3930000.0,6834.78,Modern (4-10 yrs),6.34
Sarjapur Road,959,2,2,5,Unfurnished,"Jogging Track, Power Backup, Swimming Pool",6750000.0,7038.58,Modern (4-10 yrs),2.59
Electronic City,1011,2,2,3,Semi-Furnished,"24/7 Security, Gym, High-Speed Elevators, Swimming Pool",4900000.0,4846.69,New (0-3 yrs),3.84
Yelahanka,1290,2,2,6,Unfurnished,"24/7 Security, Clubhouse, Covered Parking, Gym, Jogging Track, Landscaped Garden, Power Backup",6810000.0,5279.07,Modern (4-10 yrs),5.45
Whitefield,1930,3,2,0,Semi-Furnished,"Children's Play Area, Clubhouse, Covered Parking, Intercom, Landscaped Garden, Power Backup, Tennis Court",12910000.0,6689.12,New (0-3 yrs),5.62
Marathahalli,1071,2,2,6,Semi-Furnished,"Gym, Intercom, Jogging Track",6950000.0,6489.26,Modern (4-10 yrs),1.88
Thanisandra,1457,3,3,11,Furnished,"Clubhouse, Gym, Power Backup",8600000.0,5902.54,Established (11-20 yrs),2.68
Whitefield,3223,5,5,5,Furnished,"24/7 Security, Children's Play Area, Clubhouse, Covered Parking, Gym, Jogging Track, Tennis Court",20850000.0,6469.13,Modern (4-10 yrs),5.8
Koramangala,1300,2,1,0,Furnished,"24/7 Security, Intercom, Landscaped Garden, Power Backup, Swimming Pool",15080000.0,11600.0,New (0-3 yrs),4.02
Electronic City,1229,2,1,4,Unfurnished,"24/7 Security, Covered Parking, Gym, Power Backup, Swimming Pool",5860000.0,4768.1,Modern (4-10 yrs),4.38
Electronic City,1805,3,3,5,Unfurnished,"24/7 Security, Children's Play Area, High-Speed Elevators, Intercom",8250000.0,4570.64,Modern (4-10 yrs),2.68
Whitefield,1465,3,3,2,Semi-Furnished,"Children's Play Area, Jogging Track, Power Backup, Swimming Pool",9510000.0,6491.47,New (0-3 yrs),3.21
Electronic City,2363,4,4,3,Semi-Furnished,"24/7 Security, Intercom, Landscaped Garden, Power Backup",11320000.0,4790.52,New (0-3 yrs),2.68
Malleshwaram,1031,2,2,1,Unfurnished,"Children's Play Area, Clubhouse, Gym, Intercom, Jogging Track",10620000.0,10300.68,New (0-3 yrs),3.57
Whitefield,2079,3,3,1,Semi-Furnished,"24/7 Security, Gym, High-Speed Elevators, Jogging Track, Landscaped Garden",13960000.0,6714.77,New (0-3 yrs),3.84
HSR Layout,990,2,2,6,Semi-Furnished,"Clubhouse, Jogging Track, Power Backup, Swimming Pool, Tennis Court",8150000.0,8232.32,Modern (4-10 yrs),4.91
Malleshwaram,1167,2,2,28,Furnished,"24/7 Security, Covered Parking, Jogging Track, Landscaped Garden, Power Backup, Tennis Court",10410000.0,8920.31,Old (20+ yrs),4.73
Indiranagar,1071,2,2,18,Semi-Furnished,"Clubhouse, High-Speed Elevators, Jogging Track, Tennis Court",10910000.0,10186.74,Established (11-20 yrs),3.75
Bellandur,2618,4,4,28,Semi-Furnished,"Jogging Track, Landscaped Garden, Swimming Pool, Tennis Court",18220000.0,6959.51,Old (20+ yrs),3.93
Electronic City,1577,3,3,15,Unfurnished,"24/7 Security, Clubhouse, Gym, High-Speed Elevators, Intercom, Jogging Track, Landscaped Garden, Power Backup",6700000.0,4248.57,Established (11-20 yrs),6.07
Sarjapur Road,2346,4,3,7,Semi-Furnished,"24/7 Security, Clubhouse, Covered Parking, Gym, High-Speed Elevators, Intercom, Tennis Court",19230000.0,8196.93,Modern (4-10 yrs),5.98
Bellandur,1766,3,2,3,Unfurnished,"24/7 Security, Clubhouse, Intercom, Jogging Track, Landscaped Garden, Power Backup",12340000.0,6987.54,New (0-3 yrs),4.29
Marathahalli,1882,3,3,5,Furnished,"Children's Play Area, Clubhouse, Covered Parking, Intercom, Jogging Track, Landscaped Garden, Swimming Pool",12520000.0,6652.5,Modern (4-10 yrs),5.54
Whitefield,1102,2,2,0,Semi-Furnished,"24/7 Security, Clubhouse, Gym, High-Speed Elevators, Landscaped Garden, Swimming Pool",6880000.0,6243.19,New (0-3 yrs),5.71
Yelahanka,1615,3,2,0,Unfurnished,"Children's Play Area, High-Speed Elevators, Jogging Track, Swimming Pool",9980000.0,6179.57,New (0-3 yrs),3.39
Whitefield,1001,2,2,8,Semi-Furnished,"High-Speed Elevators, Jogging Track",4760000.0,4755.24,Modern (4-10 yrs),1.43
Malleshwaram,3596,4,4,0,Semi-Furnished,"24/7 Security, Clubhouse, High-Speed Elevators, Landscaped Garden, Power Backup, Swimming Pool",43850000.0,12194.1,New (0-3 yrs),5.54
Bellandur,1244,2,2,6,Unfurnished,"Children's Play Area, Clubhouse, Gym, Intercom, Swimming Pool, Tennis Court",8670000.0,6969.45,Modern (4-10 yrs),5.62
Whitefield,2840,4,4,0,Semi-Furnished,"24/7 Security, Swimming Pool",17760000.0,6253.52,New (0-3 yrs),2.05
Rajajinagar,3783,5,5,3,Semi-Furnished,"Covered Parking, Intercom, Swimming Pool, Tennis Court",39590000.0,10465.24,New (0-3 yrs),3.75
Bellandur,450,1,1,11,Furnished,"Clubhouse, High-Speed Elevators, Jogging Track, Swimming Pool",3280000.0,7288.89,Established (11-20 yrs),3.84
Hebbal,859,2,2,2,Unfurnished,"Gym, High-Speed Elevators",6440000.0,7497.09,New (0-3 yrs),1.79
Koramangala,2100,4,4,3,Semi-Furnished,"Clubhouse, Jogging Track, Swimming Pool",26600000.0,12666.67,New (0-3 yrs),2.95
HSR Layout,1613,3,3,4,Unfurnished,"Children's Play Area, Covered Parking, High-Speed Elevators, Jogging Track, Tennis Court",14990000.0,9293.24,Modern (4-10 yrs),4.02
Jayanagar,613,1,1,0,Semi-Furnished,"Covered Parking, Power Backup, Swimming Pool",6630000.0,10815.66,New (0-3 yrs),2.77
Whitefield,1088,2,2,4,Semi-Furnished,"High-Speed Elevators, Intercom, Jogging Track, Landscaped Garden, Power Backup, Swimming Pool",5850000.0,5376.84,Modern (4-10 yrs),4.73
Hebbal,877,2,2,5,Furnished,"High-Speed Elevators, Jogging Track",7120000.0,8118.59,Modern (4-10 yrs),1.43
Rajajinagar,4414,5,4,0,Furnished,"24/7 Security, Clubhouse, Covered Parking, Intercom, Tennis Court",53930000.0,12217.94,New (0-3 yrs),4.2
Marathahalli,1170,2,2,9,Furnished,"Children's Play Area, Gym, Intercom, Jogging Track",7660000.0,6547.01,Modern (4-10 yrs),2.5
Bellandur,1749,3,3,5,Semi-Furnished,"Children's Play Area, Covered Parking, Gym, High-Speed Elevators, Intercom, Jogging Track, Power Backup",14090000.0,8056.03,Modern (4-10 yrs),4.82
Marathahalli,1585,3,3,3,Furnished,"Covered Parking, Jogging Track, Power Backup, Swimming Pool",11860000.0,7482.65,New (0-3 yrs),3.3
Hebbal,995,2,2,3,Furnished,"Clubhouse, Gym, High-Speed Elevators, Power Backup",9590000.0,9638.19,New (0-3 yrs),3.57
Electronic City,1316,3,3,2,Unfurnished,"24/7 Security, Power Backup",6190000.0,4703.65,New (0-3 yrs),1.43
Hebbal,3171,4,4,9,Semi-Furnished,"24/7 Security, Children's Play Area, High-Speed Elevators, Jogging Track, Tennis Court",30420000.0,9593.19,Modern (4-10 yrs),4.02
Indiranagar,467,1,1,4,Semi-Furnished,"24/7 Security, Swimming Pool",5070000.0,10856.53,Modern (4-10 yrs),2.05
HSR Layout,1064,2,2,6,Semi-Furnished,"Clubhouse, Covered Parking, Gym, High-Speed Elevators, Landscaped Garden, Power Backup, Swimming Pool, Tennis Court",9850000.0,9257.52,Modern (4-10 yrs),7.68
Indiranagar,1072,2,2,5,Furnished,"24/7 Security, Clubhouse, Gym, Intercom, Jogging Track, Landscaped Garden, Power Backup, Tennis Court",13260000.0,12369.4,Modern (4-10 yrs),6.43
Electronic City,857,2,2,12,Furnished,"Children's Play Area, Covered Parking, Landscaped Garden",3260000.0,3803.97,Established (11-20 yrs),2.14
HSR Layout,1301,3,2,2,Semi-Furnished,"Children's Play Area, Clubhouse, Gym, Landscaped Garden, Swimming Pool",12290000.0,9446.58,New (0-3 yrs),4.73
Whitefield,1214,2,2,2,Semi-Furnished,"24/7 Security, Children's Play Area, Gym, High-Speed Elevators, Landscaped Garden, Swimming Pool, Tennis Court",5940000.0,4892.92,New (0-3 yrs),6.52
Indiranagar,1632,3,2,13,Furnished,"Clubhouse, Covered Parking",19920000.0,12205.88,Established (11-20 yrs),1.79
Koramangala,671,1,1,8,Semi-Furnished,"Clubhouse, Covered Parking, High-Speed Elevators, Intercom, Power Backup, Tennis Court",6080000.0,9061.1,Modern (4-10 yrs),5.09
HSR Layout,1069,2,1,1,Furnished,"24/7 Security, Children's Play Area, Intercom, Landscaped Garden, Power Backup",11410000.0,10673.53,New (0-3 yrs),3.3
Yelahanka,2924,4,4,2,Semi-Furnished,"24/7 Security, Children's Play Area, Jogging Track, Landscaped Garden",18950000.0,6480.85,New (0-3 yrs),2.68
Whitefield,1375,3,2,0,Semi-Furnished,"Clubhouse, High-Speed Elevators, Intercom, Landscaped Garden, Swimming Pool",7940000.0,5774.55,New (0-3 yrs),4.55
Whitefield,1204,2,2,1,Semi-Furnished,"24/7 Security, Clubhouse, Gym, High-Speed Elevators, Power Backup",7490000.0,6220.93,New (0-3 yrs),4.29
Banashankari,1490,3,3,0,Furnished,"24/7 Security, Covered Parking, Landscaped Garden",11580000.0,7771.81,New (0-3 yrs),2.23
Whitefield,3296,4,4,28,Semi-Furnished,"24/7 Security, Children's Play Area, Covered Parking, Intercom, Swimming Pool",16450000.0,4990.9,Old (20+ yrs),3.84
Indiranagar,1568,3,2,4,Semi-Furnished,"24/7 Security, Children's Play Area, Covered Parking, Intercom, Landscaped Garden, Power Backup",20050000.0,12786.99,Modern (4-10 yrs),4.02
Hebbal,1217,2,2,4,Furnished,"Clubhouse, Covered Parking, Intercom, Swimming Pool",9890000.0,8126.54,Modern (4-10 yrs),3.57
Electronic City,1258,2,2,6,Unfurnished,"24/7 Security, Covered Parking, High-Speed Elevators, Intercom",5680000.0,4515.1,Modern (4-10 yrs),2.77
Whitefield,3918,5,5,8,Furnished,"Clubhouse, Gym, High-Speed Elevators, Intercom, Landscaped Garden, Power Backup, Swimming Pool, Tennis Court",25680000.0,6554.36,Modern (4-10 yrs),7.41
Thanisandra,3573,5,4,3,Furnished,"24/7 Security, Clubhouse, Gym, High-Speed Elevators, Jogging Track, Power Backup, Tennis Court",23730000.0,6641.48,New (0-3 yrs),6.07
HSR Layout,1766,3,3,0,Unfurnished,"Children's Play Area, Clubhouse, Intercom, Power Backup, Tennis Court",16330000.0,9246.89,New (0-3 yrs),4.11
Whitefield,450,1,1,3,Semi-Furnished,"Covered Parking, Jogging Track, Landscaped Garden",2130000.0,4733.33,New (0-3 yrs),2.05
Malleshwaram,1163,2,2,16,Furnished,"Clubhouse, Gym, Landscaped Garden, Tennis Court",9440000.0,8116.94,Established (11-20 yrs),4.02
HSR Layout,931,2,2,0,Semi-Furnished,"24/7 Security, Children's Play Area, Jogging Track",8500000.0,9129.97,New (0-3 yrs),1.88
Whitefield,936,2,2,3,Unfurnished,"Children's Play Area, Gym, Intercom, Power Backup",5690000.0,6079.06,New (0-3 yrs),2.68
Electronic City,2119,4,3,7,Semi-Furnished,"Children's Play Area, Gym, High-Speed Elevators, Power Backup, Swimming Pool, Tennis Court",11480000.0,5417.65,Modern (4-10 yrs),5.71
HSR Layout,1391,3,3,1,Semi-Furnished,"Clubhouse, High-Speed Elevators, Landscaped Garden, Power Backup",15560000.0,11186.2,New (0-3 yrs),3.48
Hebbal,1508,3,2,6,Furnished,"High-Speed Elevators, Intercom, Jogging Track, Power Backup",12060000.0,7997.35,Modern (4-10 yrs),2.59
Electronic City,1806,3,2,2,Unfurnished,"Covered Parking, Intercom",8530000.0,4723.15,New (0-3 yrs),1.16
Malleshwaram,2062,3,2,7,Semi-Furnished,"24/7 Security, Children's Play Area, Covered Parking, High-Speed Elevators, Intercom, Jogging Track",22840000.0,11076.62,Modern (4-10 yrs),3.93
Sarjapur Road,1686,3,2,2,Furnished,"Children's Play Area, Clubhouse, Covered Parking, High-Speed Elevators",11440000.0,6785.29,New (0-3 yrs),3.3
Sarjapur Road,2100,4,4,10,Furnished,"Clubhouse, Landscaped Garden, Swimming Pool",14300000.0,6809.52,Modern (4-10 yrs),3.21
Marathahalli,2207,4,3,4,Semi-Furnished,"High-Speed Elevators, Intercom, Landscaped Garden, Tennis Court",16600000.0,7521.52,Modern (4-10 yrs),3.39
Electronic City,1411,3,2,1,Semi-Furnished,"24/7 Security, Covered Parking, Gym, Jogging Track",7530000.0,5336.64,New (0-3 yrs),2.86
Whitefield,1830,3,3,7,Semi-Furnished,"24/7 Security, Intercom, Power Backup, Tennis Court",10220000.0,5584.7,Modern (4-10 yrs),3.12
Jayanagar,1484,3,3,5,Semi-Furnished,"24/7 Security, Children's Play Area, Clubhouse, Jogging Track, Swimming Pool",15950000.0,10747.98,Modern (4-10 yrs),4.29
Electronic City,1272,2,2,12,Semi-Furnished,"Covered Parking, Intercom",6310000.0,4960.69,Established (11-20 yrs),1.16
Thanisandra,1284,2,2,4,Unfurnished,"24/7 Security, Gym, High-Speed Elevators, Power Backup",7210000.0,5615.26,Modern (4-10 yrs),3.21
Electronic City,1787,3,3,2,Unfurnished,"High-Speed Elevators, Intercom",8040000.0,4499.16,New (0-3 yrs),1.34
Indiranagar,1431,3,3,3,Unfurnished,"Gym, Tennis Court",16640000.0,11628.23,New (0-3 yrs),2.14
Indiranagar,1611,3,3,12,Semi-Furnished,"Children's Play Area, Covered Parking, High-Speed Elevators, Intercom, Jogging Track, Landscaped Garden, Swimming Pool",18550000.0,11514.59,Established (11-20 yrs),5.36
Sarjapur Road,933,2,2,18,Unfurnished,"24/7 Security, High-Speed Elevators, Intercom, Jogging Track, Landscaped Garden",5040000.0,5401.93,Established (11-20 yrs),3.39
Koramangala,4709,5,4,2,Semi-Furnished,"24/7 Security, Children's Play Area, Gym, High-Speed Elevators, Landscaped Garden",72190000.0,15330.22,New (0-3 yrs),3.93
Koramangala,1140,2,2,4,Furnished,"Children's Play Area, Clubhouse, Covered Parking, Gym, High-Speed Elevators, Intercom",16180000.0,14192.98,Modern (4-10 yrs),4.64
Rajajinagar,1848,3,3,0,Furnished,"Clubhouse, Covered Parking, Gym, Power Backup",21980000.0,11893.94,New (0-3 yrs),3.39
Rajajinagar,1902,3,2,11,Furnished,"Covered Parking, Intercom, Swimming Pool",17220000.0,9053.63,Established (11-20 yrs),2.5
Electronic City,934,2,2,0,Semi-Furnished,"24/7 Security, High-Speed Elevators, Jogging Track, Landscaped Garden, Tennis Court",5350000.0,5728.05,New (0-3 yrs),4.2
Marathahalli,2867,4,4,23,Semi-Furnished,"24/7 Security, Clubhouse, Covered Parking, Gym, Intercom, Power Backup, Swimming Pool, Tennis Court",17860000.0,6229.51,Old (20+ yrs),7.14
Koramangala,597,1,1,1,Semi-Furnished,"Children's Play Area, Covered Parking, Intercom, Jogging Track, Power Backup",6730000.0,11273.03,New (0-3 yrs),3.04
Malleshwaram,993,2,2,19,Furnished,"24/7 Security, Children's Play Area, Landscaped Garden, Power Backup",10590000.0,10664.65,Established (11-20 yrs),2.86
Jayanagar,1206,2,2,18,Semi-Furnished,"Children's Play Area, Covered Parking, Jogging Track, Landscaped Garden, Swimming Pool",13400000.0,11111.11,Established (11-20 yrs),4.02
Sarjapur Road,1150,2,2,0,Semi-Furnished,"24/7 Security, Gym, High-Speed Elevators, Landscaped Garden",7910000.0,6878.26,New (0-3 yrs),3.3
Koramangala,660,1,1,2,Semi-Furnished,"24/7 Security, Intercom, Jogging Track, Power Backup, Swimming Pool",7530000.0,11409.09,New (0-3 yrs),3.75
HSR Layout,2768,4,3,1,Semi-Furnished,"Landscaped Garden, Swimming Pool",24340000.0,8793.35,New (0-3 yrs),2.14
Thanisandra,1154,2,2,4,Semi-Furnished,"24/7 Security, Landscaped Garden, Power Backup",6340000.0,5493.93,Modern (4-10 yrs),2.23
Hebbal,1018,2,2,4,Semi-Furnished,"24/7 Security, Children's Play Area, Covered Parking, Gym, Landscaped Garden, Tennis Court",8750000.0,8595.28,Modern (4-10 yrs),5.0
Marathahalli,1155,2,2,4,Unfurnished,"Clubhouse, Jogging Track, Landscaped Garden",6470000.0,5601.73,Modern (4-10 yrs),2.41
Rajajinagar,1154,2,1,1,Furnished,"Children's Play Area, Clubhouse, Gym, Swimming Pool, Tennis Court",12900000.0,11178.51,New (0-3 yrs),5.18
Indiranagar,2819,4,4,4,Furnished,"Clubhouse, Jogging Track, Power Backup",41770000.0,14817.31,Modern (4-10 yrs),2.32
Whitefield,1783,3,2,4,Semi-Furnished,"Children's Play Area, Gym, High-Speed Elevators, Jogging Track, Swimming Pool",11990000.0,6724.62,Modern (4-10 yrs),4.29
Sarjapur Road,925,2,2,1,Semi-Furnished,"Gym, Swimming Pool",6740000.0,7286.49,New (0-3 yrs),2.23
Hebbal,2959,4,4,0,Semi-Furnished,"24/7 Security, Covered Parking, Gym, Intercom",29220000.0,9874.96,New (0-3 yrs),2.77
Koramangala,800,2,1,7,Unfurnished,"Clubhouse, Covered Parking, High-Speed Elevators, Landscaped Garden",8130000.0,10162.5,Modern (4-10 yrs),3.48
Indiranagar,2709,4,3,7,Unfurnished,"High-Speed Elevators, Intercom, Jogging Track, Power Backup, Swimming Pool, Tennis Court",34280000.0,12654.12,Modern (4-10 yrs),5.18
Koramangala,1059,2,1,9,Semi-Furnished,"Children's Play Area, Clubhouse, Tennis Court",11910000.0,11246.46,Modern (4-10 yrs),2.95
Electronic City,1023,2,2,28,Furnished,"Clubhouse, High-Speed Elevators, Intercom, Landscaped Garden",4350000.0,4252.2,Old (20+ yrs),3.21
Koramangala,1011,2,2,7,Unfurnished,"Covered Parking, High-Speed Elevators, Jogging Track, Swimming Pool",11910000.0,11780.42,Modern (4-10 yrs),3.48
Malleshwaram,1094,2,2,0,Semi-Furnished,"24/7 Security, Clubhouse, Jogging Track",11250000.0,10283.36,New (0-3 yrs),2.32
Marathahalli,1115,2,2,6,Semi-Furnished,"Clubhouse, Covered Parking, Gym, High-Speed Elevators, Intercom",7410000.0,6645.74,Modern (4-10 yrs),4.02
Electronic City,1037,2,2,7,Semi-Furnished,"24/7 Security, Covered Parking, Gym, Power Backup",4530000.0,4368.37,Modern (4-10 yrs),3.04
Rajajinagar,1722,3,3,12,Furnished,"Gym, Intercom, Landscaped Garden, Power Backup",19320000.0,11219.51,Established (11-20 yrs),2.86
HSR Layout,920,2,2,6,Semi-Furnished,"24/7 Security, Covered Parking, High-Speed Elevators, Intercom, Jogging Track, Landscaped Garden, Power Backup, Swimming Pool",8840000.0,9608.7,Modern (4-10 yrs),6.16
Whitefield,1569,3,3,8,Semi-Furnished,"Clubhouse, Gym, High-Speed Elevators, Jogging Track, Tennis Court",9250000.0,5895.47,Modern (4-10 yrs),4.64
Electronic City,2987,4,4,6,Furnished,"Covered Parking, High-Speed Elevators, Jogging Track, Swimming Pool, Tennis Court",16480000.0,5517.24,Modern (4-10 yrs),4.73
Yelahanka,2814,4,4,0,Semi-Furnished,"Children's Play Area, Clubhouse, High-Speed Elevators, Intercom, Landscaped Garden",18630000.0,6620.47,New (0-3 yrs),3.84
HSR Layout,1842,3,2,14,Unfurnished,"24/7 Security, Children's Play Area, Landscaped Garden, Power Backup",16840000.0,9142.24,Established (11-20 yrs),2.86
Sarjapur Road,1598,3,2,0,Semi-Furnished,"24/7 Security, Children's Play Area, Clubhouse, Covered Parking, Gym, Power Backup",10920000.0,6833.54,New (0-3 yrs),4.73
Sarjapur Road,1266,2,2,2,Semi-Furnished,"Children's Play Area, Swimming Pool, Tennis Court",7430000.0,5868.88,New (0-3 yrs),3.21
Electronic City,1134,2,2,3,Furnished,"Power Backup, Tennis Court",5520000.0,4867.72,New (0-3 yrs),1.96
Indiranagar,548,1,1,0,Semi-Furnished,"Gym, Swimming Pool, Tennis Court",6030000.0,11003.65,New (0-3 yrs),3.48
Indiranagar,645,1,1,3,Furnished,"24/7 Security, High-Speed Elevators, Jogging Track, Tennis Court",7590000.0,11767.44,New (0-3 yrs),3.39
Sarjapur Road,1638,3,3,2,Semi-Furnished,"24/7 Security, Children's Play Area, Covered Parking, Intercom, Jogging Track, Swimming Pool, Tennis Court",12170000.0,7429.79,New (0-3 yrs),5.62
Marathahalli,953,2,2,3,Semi-Furnished,"Clubhouse, Covered Parking, Intercom, Landscaped Garden",6190000.0,6495.28,New (0-3 yrs),3.04
Marathahalli,1257,2,2,0,Unfurnished,"24/7 Security, Covered Parking, Gym, Jogging Track",7630000.0,6070.01,New (0-3 yrs),2.86
Thanisandra,2875,4,4,4,Semi-Furnished,"Children's Play Area, Gym, Jogging Track, Landscaped Garden, Tennis Court",18140000.0,6309.57,Modern (4-10 yrs),4.11
Electronic City,994,2,2,1,Unfurnished,"Covered Parking, High-Speed Elevators, Intercom, Power Backup",5380000.0,5412.47,New (0-3 yrs),2.77
Malleshwaram,895,2,2,13,Semi-Furnished,"Clubhouse, Covered Parking, Intercom, Tennis Court",7840000.0,8759.78,Established (11-20 yrs),3.48
HSR Layout,1545,3,3,4,Semi-Furnished,"24/7 Security, High-Speed Elevators, Swimming Pool",14750000.0,9546.93,Modern (4-10 yrs),2.95
Marathahalli,1128,2,2,0,Unfurnished,"Covered Parking, Landscaped Garden",7650000.0,6781.91,New (0-3 yrs),1.52
Malleshwaram,1748,3,2,7,Semi-Furnished,"Children's Play Area, Clubhouse, Landscaped Garden, Swimming Pool, Tennis Court",19370000.0,11081.24,Modern (4-10 yrs),5.09
Electronic City,1574,3,3,18,Semi-Furnished,"Jogging Track, Landscaped Garden, Tennis Court",6460000.0,4104.19,Established (11-20 yrs),2.59
Hebbal,699,1,1,0,Furnished,"24/7 Security, Children's Play Area, Covered Parking, Gym, High-Speed Elevators, Swimming Pool",6230000.0,8912.73,New (0-3 yrs),5.18
Marathahalli,1153,2,2,0,Unfurnished,"24/7 Security, Swimming Pool",7420000.0,6435.39,New (0-3 yrs),2.05
Whitefield,572,1,1,0,Unfurnished,"24/7 Security, Clubhouse, Covered Parking, Landscaped Garden, Power Backup, Swimming Pool",3250000.0,5681.82,New (0-3 yrs),5.36
Sarjapur Road,1684,3,3,4,Furnished,"24/7 Security, Children's Play Area, Intercom, Jogging Track, Power Backup, Swimming Pool, Tennis Court",12770000.0,7583.14,Modern (4-10 yrs),5.62
Koramangala,1402,3,3,5,Semi-Furnished,"High-Speed Elevators, Intercom",16710000.0,11918.69,Modern (4-10 yrs),1.34
Banashankari,1517,3,2,3,Semi-Furnished,"24/7 Security, High-Speed Elevators, Jogging Track, Landscaped Garden, Swimming Pool",11680000.0,7699.41,New (0-3 yrs),4.29
Jayanagar,980,2,2,7,Unfurnished,"Children's Play Area, Covered Parking, Intercom, Jogging Track, Landscaped Garden",11640000.0,11877.55,Modern (4-10 yrs),3.12
Sarjapur Road,1308,2,2,1,Semi-Furnished,"24/7 Security, Gym, High-Speed Elevators",8710000.0,6659.02,New (0-3 yrs),2.5
Whitefield,1366,3,3,0,Unfurnished,"24/7 Security, Gym, Jogging Track, Landscaped Garden",8170000.0,5980.97,New (0-3 yrs),2.95
Koramangala,1898,3,3,5,Semi-Furnished,"24/7 Security, Landscaped Garden, Swimming Pool",25910000.0,13651.21,Modern (4-10 yrs),2.86
HSR Layout,933,2,2,1,Furnished,"Children's Play Area, Clubhouse, Covered Parking, Gym, High-Speed Elevators, Intercom, Landscaped Garden, Swimming Pool",9810000.0,10514.47,New (0-3 yrs),6.79
Banashankari,2393,4,4,4,Furnished,"24/7 Security, Clubhouse, Covered Parking, Gym, High-Speed Elevators, Intercom, Jogging Track, Power Backup, Swimming Pool",18220000.0,7613.87,Modern (4-10 yrs),7.32
Indiranagar,1626,3,2,0,Unfurnished,"Children's Play Area, Clubhouse, Covered Parking, High-Speed Elevators, Intercom",17140000.0,10541.21,New (0-3 yrs),3.75
Koramangala,1942,3,3,25,Semi-Furnished,"Children's Play Area, Clubhouse, High-Speed Elevators, Jogging Track, Power Backup, Swimming Pool, Tennis Court",20780000.0,10700.31,Old (20+ yrs),6.43
Indiranagar,3331,4,4,1,Semi-Furnished,"24/7 Security, Children's Play Area, Clubhouse, Covered Parking, High-Speed Elevators",45970000.0,13800.66,New (0-3 yrs),4.02
HSR Layout,835,2,2,0,Semi-Furnished,"24/7 Security, Covered Parking, Landscaped Garden, Power Backup",7580000.0,9077.84,New (0-3 yrs),2.95
Electronic City,1117,2,2,1,Semi-Furnished,"24/7 Security, Covered Parking, Gym, Swimming Pool, Tennis Court",5460000.0,4888.09,New (0-3 yrs),4.91
Thanisandra,1012,2,2,1,Semi-Furnished,"24/7 Security, Covered Parking, Intercom, Landscaped Garden",6290000.0,6215.42,New (0-3 yrs),2.68
Electronic City,1864,3,2,0,Semi-Furnished,"24/7 Security, High-Speed Elevators, Jogging Track",10460000.0,5611.59,New (0-3 yrs),2.14
Jayanagar,929,2,2,3,Semi-Furnished,"24/7 Security, Gym, Jogging Track",10030000.0,10796.56,New (0-3 yrs),2.14
Banashankari,800,2,2,0,Furnished,"Jogging Track, Landscaped Garden, Swimming Pool",6030000.0,7537.5,New (0-3 yrs),2.68
Whitefield,1139,2,2,5,Semi-Furnished,"Clubhouse, Covered Parking, High-Speed Elevators, Intercom, Landscaped Garden, Power Backup, Swimming Pool",7520000.0,6602.28,Modern (4-10 yrs),5.98
HSR Layout,2831,4,4,14,Semi-Furnished,"24/7 Security, Children's Play Area, Jogging Track, Tennis Court",23280000.0,8223.24,Established (11-20 yrs),3.12
Electronic City,1021,2,2,1,Semi-Furnished,"24/7 Security, Power Backup",4480000.0,4387.86,New (0-3 yrs),1.43
Rajajinagar,1450,3,3,1,Semi-Furnished,"24/7 Security, Covered Parking, Gym, Landscaped Garden, Tennis Court",15340000.0,10579.31,New (0-3 yrs),4.38
Marathahalli,1135,2,2,5,Semi-Furnished,"Intercom, Swimming Pool, Tennis Court",7090000.0,6246.7,Modern (4-10 yrs),3.04
Banashankari,1692,3,3,0,Furnished,"Children's Play Area, Covered Parking",12880000.0,7612.29,New (0-3 yrs),1.34
Electronic City,1158,2,2,1,Semi-Furnished,"Gym, Intercom, Power Backup",5060000.0,4369.6,New (0-3 yrs),2.05
Marathahalli,1693,3,2,0,Semi-Furnished,"Children's Play Area, Covered Parking, Swimming Pool, Tennis Court",11660000.0,6887.18,New (0-3 yrs),3.93
Whitefield,1982,3,2,6,Semi-Furnished,"Clubhouse, Gym, Jogging Track, Swimming Pool",11290000.0,5696.27,Modern (4-10 yrs),3.84
Marathahalli,963,2,2,1,Semi-Furnished,"Children's Play Area, Power Backup, Tennis Court",6220000.0,6458.98,New (0-3 yrs),2.59
Hebbal,2005,3,2,1,Semi-Furnished,"Clubhouse, Intercom",17470000.0,8713.22,New (0-3 yrs),1.52
Bellandur,1430,3,3,11,Furnished,"Covered Parking, Jogging Track, Power Backup",10590000.0,7405.59,Established (11-20 yrs),1.96
Hebbal,2606,4,3,3,Unfurnished,"Clubhouse, Covered Parking, Power Backup",23960000.0,9194.17,New (0-3 yrs),2.5
Marathahalli,1604,3,2,10,Furnished,"24/7 Security, Children's Play Area, Jogging Track, Swimming Pool",11340000.0,7069.83,Modern (4-10 yrs),3.21
Whitefield,1355,2,2,12,Semi-Furnished,"Gym, High-Speed Elevators, Jogging Track, Landscaped Garden, Tennis Court",6170000.0,4553.51,Established (11-20 yrs),4.38
HSR Layout,1680,3,2,2,Furnished,"24/7 Security, Children's Play Area, High-Speed Elevators, Intercom, Swimming Pool, Tennis Court",14960000.0,8904.76,New (0-3 yrs),5.27
Koramangala,1134,2,2,0,Semi-Furnished,"Covered Parking, Intercom, Tennis Court",14020000.0,12363.32,New (0-3 yrs),2.41
HSR Layout,1867,3,2,5,Semi-Furnished,"High-Speed Elevators, Landscaped Garden, Power Backup, Tennis Court",17600000.0,9426.89,Modern (4-10 yrs),3.66
HSR Layout,1641,3,3,0,Unfurnished,"Gym, Landscaped Garden, Power Backup, Tennis Court",14040000.0,8555.76,New (0-3 yrs),3.66
Indiranagar,1293,2,2,25,Furnished,"Gym, Jogging Track, Tennis Court",13070000.0,10108.28,Old (20+ yrs),2.68
Sarjapur Road,1350,3,3,7,Semi-Furnished,"Children's Play Area, Clubhouse, Gym",8790000.0,6511.11,Modern (4-10 yrs),2.59
Jayanagar,846,2,2,0,Semi-Furnished,"Children's Play Area, Clubhouse, Covered Parking, High-Speed Elevators, Intercom, Jogging Track, Swimming Pool, Tennis Court",8880000.0,10496.45,New (0-3 yrs),6.88
Sarjapur Road,1096,2,2,4,Unfurnished,"Clubhouse, Covered Parking, Tennis Court",7010000.0,6395.99,Modern (4-10 yrs),3.04
Sarjapur Road,1748,3,3,0,Semi-Furnished,"Covered Parking, Jogging Track, Tennis Court",12930000.0,7397.03,New (0-3 yrs),2.5
Electronic City,2065,3,2,10,Semi-Furnished,"24/7 Security, Children's Play Area, Clubhouse, Jogging Track, Tennis Court",9150000.0,4430.99,Modern (4-10 yrs),4.2
Thanisandra,1113,2,2,6,Semi-Furnished,"Gym, Jogging Track, Tennis Court",6610000.0,5938.9,Modern (4-10 yrs),2.68
Indiranagar,850,2,2,1,Furnished,"Children's Play Area, Clubhouse, Gym, High-Speed Elevators, Intercom, Landscaped Garden, Power Backup, Tennis Court",10230000.0,12035.29,New (0-3 yrs),6.7
HSR Layout,1034,2,2,13,Unfurnished,"Gym, High-Speed Elevators, Landscaped Garden, Tennis Court",7780000.0,7524.18,Established (11-20 yrs),3.84
Hebbal,1317,3,2,2,Semi-Furnished,"Children's Play Area, Covered Parking, Intercom, Jogging Track",12330000.0,9362.19,New (0-3 yrs),2.32
Electronic City,2826,4,3,1,Furnished,"24/7 Security, Gym, Intercom, Jogging Track, Power Backup, Swimming Pool",19180000.0,6786.98,New (0-3 yrs),4.64
Whitefield,949,2,1,1,Semi-Furnished,"24/7 Security, Clubhouse, Gym, Swimming Pool",4940000.0,5205.48,New (0-3 yrs),4.02
Bellandur,1533,3,3,10,Furnished,"Children's Play Area, Clubhouse, Gym, Jogging Track, Swimming Pool",13620000.0,8884.54,Modern (4-10 yrs),4.46
Whitefield,2336,4,4,1,Unfurnished,"24/7 Security, Children's Play Area, Jogging Track, Landscaped Garden",15110000.0,6468.32,New (0-3 yrs),2.68
Marathahalli,1240,2,2,4,Unfurnished,"24/7 Security, Children's Play Area, Clubhouse, Covered Parking, Gym, Landscaped Garden",8010000.0,6459.68,Modern (4-10 yrs),4.82
Bellandur,1085,2,2,9,Semi-Furnished,"Clubhouse, Covered Parking, Swimming Pool",7040000.0,6488.48,Modern (4-10 yrs),3.12
HSR Layout,3159,4,3,20,Semi-Furnished,"Children's Play Area, Covered Parking, Gym, High-Speed Elevators, Intercom, Power Backup, Swimming Pool",29390000.0,9303.58,Established (11-20 yrs),5.62
Electronic City,1646,3,3,4,Semi-Furnished,"Gym, Power Backup",8810000.0,5352.37,Modern (4-10 yrs),1.61
Indiranagar,3823,5,5,3,Semi-Furnished,"Children's Play Area, High-Speed Elevators, Power Backup, Swimming Pool",60600000.0,15851.43,New (0-3 yrs),3.57
Whitefield,1473,3,2,3,Semi-Furnished,"24/7 Security, Clubhouse, High-Speed Elevators, Landscaped Garden, Tennis Court",9270000.0,6293.28,New (0-3 yrs),4.73
Bellandur,2153,4,4,7,Semi-Furnished,"24/7 Security, Covered Parking, Landscaped Garden, Power Backup",16250000.0,7547.61,Modern (4-10 yrs),2.95
HSR Layout,1138,2,2,6,Furnished,"Power Backup, Swimming Pool",8960000.0,7873.46,Modern (4-10 yrs),2.05
Rajajinagar,592,1,1,4,Unfurnished,"Children's Play Area, Clubhouse, Gym, Intercom, Landscaped Garden, Swimming Pool",4890000.0,8260.14,Modern (4-10 yrs),5.18
Whitefield,1103,2,2,0,Unfurnished,"24/7 Security, Children's Play Area, High-Speed Elevators, Intercom, Jogging Track, Power Backup",6270000.0,5684.5,New (0-3 yrs),3.93
Thanisandra,1591,3,2,4,Unfurnished,"High-Speed Elevators, Landscaped Garden, Swimming Pool",8300000.0,5216.84,Modern (4-10 yrs),3.04
Jayanagar,1269,2,2,8,Unfurnished,"Children's Play Area, Gym, Intercom",12490000.0,9842.4,Modern (4-10 yrs),1.96
Jayanagar,1077,2,2,2,Semi-Furnished,"Intercom, Jogging Track, Landscaped Garden, Tennis Court",12170000.0,11299.91,New (0-3 yrs),3.04
Koramangala,1253,2,2,3,Unfurnished,"Clubhouse, Covered Parking, High-Speed Elevators, Intercom, Landscaped Garden, Power Backup, Swimming Pool, Tennis Court",13870000.0,11069.43,New (0-3 yrs),7.23
HSR Layout,1805,3,3,0,Semi-Furnished,"High-Speed Elevators, Landscaped Garden, Power Backup, Swimming Pool",16270000.0,9013.85,New (0-3 yrs),3.75
Sarjapur Road,935,2,2,20,Semi-Furnished,"High-Speed Elevators, Jogging Track",5610000.0,6000.0,Established (11-20 yrs),1.43
Hebbal,939,2,2,1,Semi-Furnished,"Clubhouse, Covered Parking, Gym, Jogging Track, Landscaped Garden, Power Backup",8050000.0,8572.95,New (0-3 yrs),4.73
Electronic City,1098,2,2,0,Semi-Furnished,"Clubhouse, Covered Parking, Jogging Track, Swimming Pool, Tennis Court",5210000.0,4744.99,New (0-3 yrs),4.91
Jayanagar,1585,3,3,2,Semi-Furnished,"24/7 Security, High-Speed Elevators, Jogging Track, Landscaped Garden, Power Backup, Swimming Pool",16030000.0,10113.56,New (0-3 yrs),5.0
Hebbal,611,1,1,5,Furnished,"24/7 Security, Gym, Intercom, Jogging Track, Power Backup, Swimming Pool",4650000.0,7610.47,Modern (4-10 yrs),4.64
Electronic City,1697,3,2,2,Furnished,"Children's Play Area, Clubhouse, Intercom, Power Backup",9780000.0,5763.11,New (0-3 yrs),2.86
Bellandur,3308,5,5,3,Unfurnished,"Children's Play Area, Covered Parking, Jogging Track, Swimming Pool",30310000.0,9162.64,New (0-3 yrs),3.21
Marathahalli,1827,3,3,13,Semi-Furnished,"24/7 Security, Children's Play Area, Clubhouse",11030000.0,6037.22,Established (11-20 yrs),2.41
Bellandur,1557,3,2,2,Unfurnished,"Jogging Track, Landscaped Garden, Swimming Pool, Tennis Court",11020000.0,7077.71,New (0-3 yrs),3.93
Marathahalli,647,1,1,4,Unfurnished,"24/7 Security, Gym, Intercom, Jogging Track, Swimming Pool",3120000.0,4822.26,Modern (4-10 yrs),3.93
HSR Layout,1011,2,1,14,Furnished,"Children's Play Area, Gym, Landscaped Garden, Power Backup, Swimming Pool, Tennis Court",7770000.0,7685.46,Established (11-20 yrs),5.62
Hebbal,1116,2,2,6,Unfurnished,"Covered Parking, Jogging Track, Landscaped Garden, Power Backup",8750000.0,7840.5,Modern (4-10 yrs),2.77
Marathahalli,1160,2,2,5,Semi-Furnished,"Covered Parking, Gym, Swimming Pool",8560000.0,7379.31,Modern (4-10 yrs),2.95
Koramangala,1111,2,1,0,Furnished,"24/7 Security, Clubhouse, Covered Parking, Gym, High-Speed Elevators, Jogging Track, Landscaped Garden, Swimming Pool",13120000.0,11809.18,New (0-3 yrs),6.96
Whitefield,1189,2,1,5,Semi-Furnished,"24/7 Security, Gym, High-Speed Elevators, Jogging Track",6920000.0,5820.02,Modern (4-10 yrs),3.04
Sarjapur Road,1505,3,3,0,Semi-Furnished,"Gym, Intercom, Jogging Track, Swimming Pool",10860000.0,7215.95,New (0-3 yrs),3.21
Koramangala,728,1,1,0,Semi-Furnished,"Gym, Jogging Track",7870000.0,10810.44,New (0-3 yrs),1.43
Hebbal,1024,2,2,7,Semi-Furnished,"Clubhouse, Covered Parking, High-Speed Elevators, Intercom, Jogging Track, Landscaped Garden",8820000.0,8613.28,Modern (4-10 yrs),4.46
Electronic City,1665,3,3,3,Semi-Furnished,"Covered Parking, Gym, Power Backup",9260000.0,5561.56,New (0-3 yrs),2.32
Electronic City,1446,3,2,1,Unfurnished,"Jogging Track, Landscaped Garden, Swimming Pool",8390000.0,5802.21,New (0-3 yrs),2.68
Koramangala,972,2,2,8,Semi-Furnished,"Children's Play Area, Intercom, Landscaped Garden",12010000.0,12355.97,Modern (4-10 yrs),1.88
Jayanagar,584,1,1,0,Semi-Furnished,"Intercom, Landscaped Garden, Tennis Court",6070000.0,10393.84,New (0-3 yrs),2.5
Thanisandra,1678,3,2,4,Furnished,"Gym, Landscaped Garden, Swimming Pool",9420000.0,5613.83,Modern (4-10 yrs),3.04
Electronic City,450,1,1,9,Semi-Furnished,"Intercom, Jogging Track, Swimming Pool",1720000.0,3822.22,Modern (4-10 yrs),2.32
Whitefield,1950,3,3,11,Semi-Furnished,"24/7 Security, Intercom, Jogging Track, Landscaped Garden, Power Backup, Tennis Court",10650000.0,5461.54,Established (11-20 yrs),4.46
Rajajinagar,4264,5,5,10,Furnished,"Covered Parking, High-Speed Elevators, Tennis Court",45300000.0,10623.83,Modern (4-10 yrs),2.86
Electronic City,1080,2,1,1,Semi-Furnished,"24/7 Security, Children's Play Area, Clubhouse, Gym, High-Speed Elevators, Swimming Pool, Tennis Court",6740000.0,6240.74,New (0-3 yrs),6.79
Banashankari,1286,2,2,9,Unfurnished,"24/7 Security, Gym, High-Speed Elevators, Intercom, Power Backup",7880000.0,6127.53,Modern (4-10 yrs),3.66
Jayanagar,4075,5,4,3,Semi-Furnished,"24/7 Security, Children's Play Area, Covered Parking, High-Speed Elevators, Intercom, Swimming Pool",62150000.0,15251.53,New (0-3 yrs),4.73
Bellandur,2447,4,3,3,Furnished,"Clubhouse, Tennis Court",20490000.0,8373.52,New (0-3 yrs),2.32
Indiranagar,1668,3,3,0,Unfurnished,"Covered Parking, Intercom, Landscaped Garden, Power Backup",19900000.0,11930.46,New (0-3 yrs),2.68
Electronic City,673,1,1,1,Semi-Furnished,"Gym, High-Speed Elevators",2810000.0,4175.33,New (0-3 yrs),1.79
Jayanagar,1252,2,2,1,Semi-Furnished,"24/7 Security, Clubhouse, Gym, Landscaped Garden",13300000.0,10623.0,New (0-3 yrs),3.48
HSR Layout,1123,2,2,4,Semi-Furnished,"24/7 Security, High-Speed Elevators, Landscaped Garden",9340000.0,8317.01,Modern (4-10 yrs),2.41
Koramangala,1467,3,3,7,Semi-Furnished,"Clubhouse, Gym, Intercom, Landscaped Garden, Swimming Pool",19800000.0,13496.93,Modern (4-10 yrs),4.55
HSR Layout,1668,3,3,1,Furnished,"24/7 Security, Children's Play Area, Covered Parking, Intercom",17330000.0,10389.69,New (0-3 yrs),2.5
Whitefield,759,1,1,5,Unfurnished,"24/7 Security, Clubhouse",3670000.0,4835.31,Modern (4-10 yrs),1.79
Indiranagar,1595,3,2,2,Furnished,"Children's Play Area, Gym, Jogging Track, Landscaped Garden, Tennis Court",24560000.0,15398.12,New (0-3 yrs),4.11
HSR Layout,1893,3,2,2,Furnished,"24/7 Security, Covered Parking, High-Speed Elevators",18070000.0,9545.69,New (0-3 yrs),2.32
HSR Layout,1227,2,2,17,Furnished,"Clubhouse, Covered Parking, Landscaped Garden, Tennis Court",11110000.0,9054.6,Established (11-20 yrs),3.84
Koramangala,924,2,2,2,Furnished,"24/7 Security, Children's Play Area, High-Speed Elevators, Intercom, Tennis Court",12360000.0,13376.62,New (0-3 yrs),3.93
Whitefield,1325,3,2,2,Semi-Furnished,"Children's Play Area, Clubhouse, Landscaped Garden, Tennis Court",8240000.0,6218.87,New (0-3 yrs),3.75
Sarjapur Road,970,2,2,4,Semi-Furnished,"24/7 Security, Children's Play Area, Clubhouse, Covered Parking, Gym, Intercom, Landscaped Garden, Power Backup, Tennis Court",6940000.0,7154.64,Modern (4-10 yrs),7.23
Marathahalli,1075,2,2,1,Unfurnished,"Children's Play Area, Clubhouse, Covered Parking, Landscaped Garden, Swimming Pool",6000000.0,5581.4,New (0-3 yrs),4.55
Sarjapur Road,1006,2,2,7,Semi-Furnished,"Children's Play Area, Clubhouse, Gym, Jogging Track, Landscaped Garden, Power Backup, Tennis Court",6280000.0,6242.54,Modern (4-10 yrs),5.89
Yelahanka,1601,3,2,9,Semi-Furnished,"Children's Play Area, Clubhouse, Gym, High-Speed Elevators",9370000.0,5852.59,Modern (4-10 yrs),3.48
Koramangala,822,2,2,17,Semi-Furnished,"Covered Parking, Intercom",7970000.0,9695.86,Established (11-20 yrs),1.16
Electronic City,1767,3,2,7,Furnished,"Gym, High-Speed Elevators, Landscaped Garden, Power Backup, Swimming Pool",8470000.0,4793.44,Modern (4-10 yrs),4.64
Koramangala,877,2,1,13,Unfurnished,"24/7 Security, Covered Parking, High-Speed Elevators, Jogging Track",8770000.0,10000.0,Established (11-20 yrs),2.86
Hebbal,1769,3,3,3,Furnished,"Children's Play Area, Covered Parking, Landscaped Garden, Power Backup, Swimming Pool, Tennis Court",17780000.0,10050.88,New (0-3 yrs),5.45
Sarjapur Road,1161,2,2,1,Unfurnished,"24/7 Security, Clubhouse, Jogging Track, Landscaped Garden, Swimming Pool",6820000.0,5874.25,New (0-3 yrs),4.46
Whitefield,1002,2,2,0,Unfurnished,"Children's Play Area, Landscaped Garden",5410000.0,5399.2,New (0-3 yrs),1.43
Electronic City,1085,2,2,4,Semi-Furnished,"24/7 Security, Clubhouse, Covered Parking, Intercom, Landscaped Garden, Power Backup, Tennis Court",7310000.0,6737.33,Modern (4-10 yrs),5.71
HSR Layout,638,1,1,8,Semi-Furnished,"24/7 Security, Landscaped Garden",5590000.0,8761.76,Modern (4-10 yrs),1.52
Marathahalli,1064,2,2,14,Semi-Furnished,"Children's Play Area, Clubhouse, Covered Parking, High-Speed Elevators, Jogging Track, Power Backup",6390000.0,6005.64,Established (11-20 yrs),4.55
Malleshwaram,3458,4,4,1,Unfurnished,"Children's Play Area, Covered Parking, Gym, Jogging Track, Power Backup",45750000.0,13230.19,New (0-3 yrs),3.48
HSR Layout,685,1,1,8,Furnished,"Children's Play Area, Covered Parking, Landscaped Garden, Power Backup, Swimming Pool, Tennis Court",6250000.0,9124.09,Modern (4-10 yrs),5.45
Whitefield,1122,2,2,0,Furnished,"Gym, Intercom, Landscaped Garden",6780000.0,6042.78,New (0-3 yrs),2.14
Electronic City,2100,4,3,0,Semi-Furnished,"24/7 Security, Clubhouse",12350000.0,5880.95,New (0-3 yrs),1.79
Sarjapur Road,1451,3,3,5,Semi-Furnished,"Clubhouse, Intercom",10940000.0,7539.63,Modern (4-10 yrs),1.52
Bellandur,1106,2,1,5,Unfurnished,"Gym, Jogging Track",6930000.0,6265.82,Modern (4-10 yrs),1.43
Hebbal,1228,2,2,2,Semi-Furnished,"Children's Play Area, Clubhouse, Jogging Track, Landscaped Garden",8770000.0,7141.69,New (0-3 yrs),3.04
Marathahalli,2442,4,3,1,Unfurnished,"Covered Parking, High-Speed Elevators, Intercom",16330000.0,6687.14,New (0-3 yrs),2.05
Electronic City,555,1,1,3,Semi-Furnished,"24/7 Security, Children's Play Area, Covered Parking",2500000.0,4504.5,New (0-3 yrs),2.05
Marathahalli,1827,3,2,2,Semi-Furnished,"Intercom, Power Backup",11530000.0,6310.89,New (0-3 yrs),1.16
Koramangala,1349,2,1,9,Semi-Furnished,"Clubhouse, Gym, High-Speed Elevators, Jogging Track, Swimming Pool, Tennis Court",15830000.0,11734.62,Modern (4-10 yrs),5.98
Koramangala,1825,3,3,8,Unfurnished,"24/7 Security, Children's Play Area, Swimming Pool, Tennis Court",20120000.0,11024.66,Modern (4-10 yrs),3.93
HSR Layout,973,2,2,6,Semi-Furnished,"Covered Parking, Intercom, Jogging Track, Swimming Pool, Tennis Court",8250000.0,8478.93,Modern (4-10 yrs),4.29
Whitefield,1138,2,2,11,Semi-Furnished,"Children's Play Area, Clubhouse, Covered Parking, Power Backup, Tennis Court",5740000.0,5043.94,Established (11-20 yrs),4.38
Hebbal,954,2,1,15,Semi-Furnished,"24/7 Security, Clubhouse, Covered Parking, Gym, Power Backup, Tennis Court",7500000.0,7861.64,Established (11-20 yrs),5.36
Electronic City,1629,3,3,5,Furnished,"24/7 Security, Clubhouse, Intercom",9050000.0,5555.56,Modern (4-10 yrs),2.23
HSR Layout,1799,3,2,4,Unfurnished,"24/7 Security, Children's Play Area, Covered Parking, Gym, High-Speed Elevators",15120000.0,8404.67,Modern (4-10 yrs),3.84
Jayanagar,1921,3,3,6,Furnished,"Gym, High-Speed Elevators, Intercom, Landscaped Garden, Power Backup, Swimming Pool, Tennis Court",20870000.0,10864.13,Modern (4-10 yrs),6.34
Hebbal,2922,4,4,2,Semi-Furnished,"Children's Play Area, Clubhouse, Jogging Track, Landscaped Garden",26780000.0,9164.96,New (0-3 yrs),3.04
Yelahanka,1019,2,2,9,Semi-Furnished,"Clubhouse, Covered Parking, High-Speed Elevators, Jogging Track, Landscaped Garden, Power Backup, Swimming Pool, Tennis Court",6470000.0,6349.36,Modern (4-10 yrs),7.32
Indiranagar,1300,3,2,28,Unfurnished,"Children's Play Area, Clubhouse, Power Backup",13630000.0,10484.62,Old (20+ yrs),2.41
Malleshwaram,1941,3,3,0,Furnished,"Clubhouse, Landscaped Garden",24770000.0,12761.46,New (0-3 yrs),1.88
Banashankari,1527,3,3,12,Semi-Furnished,"24/7 Security, Power Backup, Swimming Pool",8460000.0,5540.28,Established (11-20 yrs),2.77
Electronic City,1914,3,3,6,Unfurnished,"24/7 Security, Children's Play Area, Clubhouse, Power Backup",8860000.0,4629.05,Modern (4-10 yrs),3.12
Hebbal,2183,4,3,4,Semi-Furnished,"24/7 Security, Clubhouse, Covered Parking, Jogging Track",17500000.0,8016.49,Modern (4-10 yrs),3.04
Jayanagar,958,2,2,2,Unfurnished,"24/7 Security, Clubhouse, Covered Parking, Gym, High-Speed Elevators, Intercom, Jogging Track, Tennis Court",10630000.0,11096.03,New (0-3 yrs),6.52
Koramangala,679,1,1,7,Semi-Furnished,"24/7 Security, Clubhouse, Covered Parking, Gym",6520000.0,9602.36,Modern (4-10 yrs),3.39
Hebbal,2597,4,3,3,Furnished,"High-Speed Elevators, Jogging Track, Power Backup, Swimming Pool",26100000.0,10050.06,New (0-3 yrs),3.48
Whitefield,1084,2,2,23,Semi-Furnished,"24/7 Security, Children's Play Area, Power Backup",4580000.0,4225.09,Old (20+ yrs),2.05
Yelahanka,953,2,2,0,Furnished,"Covered Parking, Gym, Landscaped Garden, Power Backup, Swimming Pool",6230000.0,6537.25,New (0-3 yrs),4.46
Marathahalli,651,1,1,28,Semi-Furnished,"Gym, Landscaped Garden, Power Backup, Tennis Court",3100000.0,4761.9,Old (20+ yrs),3.66
Jayanagar,1618,3,3,28,Unfurnished,"Clubhouse, Gym, Intercom, Tennis Court",14860000.0,9184.18,Old (20+ yrs),3.66
Indiranagar,1648,3,3,13,Furnished,"24/7 Security, Children's Play Area, Tennis Court",21630000.0,13125.0,Established (11-20 yrs),2.59
Hebbal,1706,3,3,7,Furnished,"Children's Play Area, Clubhouse, Covered Parking, Gym, Jogging Track, Landscaped Garden, Tennis Court",15850000.0,9290.74,Modern (4-10 yrs),5.89
HSR Layout,1551,3,3,10,Unfurnished,"Power Backup, Tennis Court",11980000.0,7724.05,Modern (4-10 yrs),1.96
Electronic City,1724,3,3,4,Unfurnished,"24/7 Security, Clubhouse, Covered Parking, Gym, Intercom, Landscaped Garden, Power Backup, Swimming Pool",10360000.0,6009.28,Modern (4-10 yrs),6.7
HSR Layout,1737,3,2,5,Unfurnished,"Children's Play Area, Clubhouse, Covered Parking, Gym, Intercom, Landscaped Garden, Power Backup, Swimming Pool, Tennis Court",16110000.0,9274.61,Modern (4-10 yrs),7.86
Malleshwaram,1595,3,3,20,Semi-Furnished,"Clubhouse, Gym, High-Speed Elevators, Intercom, Landscaped Garden, Power Backup, Tennis Court",14500000.0,9090.91,Established (11-20 yrs),6.07
Banashankari,2768,4,4,3,Furnished,"24/7 Security, Covered Parking, High-Speed Elevators, Intercom, Jogging Track, Power Backup, Tennis Court",24540000.0,8865.61,New (0-3 yrs),5.27
Thanisandra,801,2,2,0,Furnished,"Children's Play Area, Clubhouse, Covered Parking, Landscaped Garden, Tennis Court",5130000.0,6404.49,New (0-3 yrs),4.46
Marathahalli,1421,2,2,4,Furnished,"Children's Play Area, Landscaped Garden, Power Backup",10140000.0,7135.82,Modern (4-10 yrs),2.14
Hebbal,2926,4,3,5,Unfurnished,"24/7 Security, Children's Play Area, Clubhouse, Gym, High-Speed Elevators, Intercom",30170000.0,10311.0,Modern (4-10 yrs),4.64
Koramangala,931,2,2,4,Furnished,"24/7 Security, Children's Play Area, Covered Parking, Gym, Intercom, Landscaped Garden, Power Backup",8240000.0,8850.7,Modern (4-10 yrs),4.91
Electronic City,1416,2,2,14,Semi-Furnished,"24/7 Security, Clubhouse, High-Speed Elevators, Landscaped Garden, Swimming Pool",6810000.0,4809.32,Established (11-20 yrs),4.82
Bellandur,1191,2,2,1,Semi-Furnished,"24/7 Security, Intercom, Jogging Track, Power Backup, Swimming Pool",9040000.0,7590.26,New (0-3 yrs),3.75
Koramangala,1873,3,2,8,Semi-Furnished,"Landscaped Garden, Power Backup",21870000.0,11676.45,Modern (4-10 yrs),1.52
Jayanagar,2549,4,4,3,Semi-Furnished,"Children's Play Area, Jogging Track, Landscaped Garden, Tennis Court",27920000.0,10953.32,New (0-3 yrs),3.21
Bellandur,1389,2,2,1,Furnished,"24/7 Security, Children's Play Area, Covered Parking, Gym, Intercom, Landscaped Garden, Power Backup, Tennis Court",11180000.0,8048.96,New (0-3 yrs),6.16
Banashankari,1336,2,2,4,Semi-Furnished,"Covered Parking, Gym, Intercom, Landscaped Garden",9640000.0,7215.57,Modern (4-10 yrs),2.86
Hebbal,1345,3,2,27,Semi-Furnished,"Gym, High-Speed Elevators, Tennis Court",8540000.0,6349.44,Old (20+ yrs),3.04
Thanisandra,1906,3,2,1,Semi-Furnished,"Covered Parking, High-Speed Elevators, Jogging Track, Swimming Pool",13630000.0,7151.1,New (0-3 yrs),3.48
Electronic City,1562,3,3,9,Semi-Furnished,"24/7 Security, Clubhouse, Covered Parking, High-Speed Elevators, Landscaped Garden, Power Backup, Swimming Pool",8420000.0,5390.52,Modern (4-10 yrs),6.25
HSR Layout,1303,2,2,3,Furnished,"24/7 Security, Children's Play Area, Clubhouse, Gym, Intercom, Landscaped Garden, Swimming Pool, Tennis Court",12900000.0,9900.23,New (0-3 yrs),7.14
Koramangala,2193,3,2,6,Semi-Furnished,"24/7 Security, Children's Play Area, High-Speed Elevators, Landscaped Garden, Tennis Court",28550000.0,13018.7,Modern (4-10 yrs),4.29
Whitefield,1663,3,3,1,Unfurnished,"24/7 Security, Jogging Track",9280000.0,5580.28,New (0-3 yrs),1.25
Bellandur,1576,3,2,6,Furnished,"Intercom, Tennis Court",15420000.0,9784.26,Modern (4-10 yrs),1.7
Koramangala,3881,5,5,2,Unfurnished,"Clubhouse, Jogging Track, Landscaped Garden, Tennis Court",47670000.0,12282.92,New (0-3 yrs),3.66
Marathahalli,3752,5,4,11,Furnished,"High-Speed Elevators, Intercom, Jogging Track, Landscaped Garden, Power Backup",29640000.0,7899.79,Established (11-20 yrs),3.39
HSR Layout,563,1,1,1,Unfurnished,"24/7 Security, Children's Play Area, Clubhouse, Landscaped Garden, Swimming Pool, Tennis Court",4940000.0,8774.42,New (0-3 yrs),5.8
Marathahalli,506,1,1,8,Unfurnished,"24/7 Security, Children's Play Area, Jogging Track, Landscaped Garden, Power Backup",3150000.0,6225.3,Modern (4-10 yrs),3.39
Malleshwaram,3853,5,5,12,Unfurnished,"24/7 Security, Children's Play Area, Covered Parking, Gym, High-Speed Elevators, Intercom, Landscaped Garden, Power Backup, Tennis Court",47870000.0,12424.09,Established (11-20 yrs),7.05
Electronic City,1671,3,2,3,Semi-Furnished,"Children's Play Area, Landscaped Garden, Swimming Pool, Tennis Court",8260000.0,4943.15,New (0-3 yrs),4.02
Yelahanka,1528,3,3,0,Unfurnished,"Clubhouse, Gym, Intercom, Jogging Track, Power Backup",9800000.0,6413.61,New (0-3 yrs),3.66
Sarjapur Road,1741,3,3,0,Semi-Furnished,"Clubhouse, Covered Parking, Gym, Intercom, Swimming Pool",12720000.0,7306.15,New (0-3 yrs),4.46
Koramangala,1147,2,2,14,Furnished,"Children's Play Area, Covered Parking, Gym, Jogging Track, Landscaped Garden, Tennis Court",13810000.0,12040.1,Established (11-20 yrs),4.82
HSR Layout,1213,2,2,24,Semi-Furnished,"Children's Play Area, Covered Parking, Jogging Track, Landscaped Garden, Power Backup, Tennis Court",8570000.0,7065.13,Old (20+ yrs),4.64
HSR Layout,1140,2,2,0,Semi-Furnished,"24/7 Security, Children's Play Area, High-Speed Elevators, Intercom, Jogging Track, Landscaped Garden, Swimming Pool",11580000.0,10157.89,New (0-3 yrs),5.36
Marathahalli,2683,4,4,0,Semi-Furnished,"Covered Parking, Intercom, Swimming Pool",20140000.0,7506.52,New (0-3 yrs),2.5
Yelahanka,644,1,1,2,Furnished,"24/7 Security, Gym, Jogging Track, Landscaped Garden, Swimming Pool",3740000.0,5807.45,New (0-3 yrs),4.29
Marathahalli,976,2,1,14,Semi-Furnished,"Gym, Jogging Track, Landscaped Garden, Swimming Pool, Tennis Court",6350000.0,6506.15,Established (11-20 yrs),4.82
Electronic City,1111,2,2,1,Semi-Furnished,"Gym, High-Speed Elevators, Intercom",6050000.0,5445.54,New (0-3 yrs),2.23
Malleshwaram,1143,2,2,4,Unfurnished,"Children's Play Area, Clubhouse, Gym, Jogging Track, Landscaped Garden, Power Backup, Tennis Court",11390000.0,9965.0,Modern (4-10 yrs),5.89
Jayanagar,800,2,2,4,Unfurnished,"Children's Play Area, High-Speed Elevators",7490000.0,9362.5,Modern (4-10 yrs),1.52
Malleshwaram,1549,3,3,2,Furnished,"Clubhouse, Covered Parking, Gym, High-Speed Elevators, Power Backup, Tennis Court",19900000.0,12847.0,New (0-3 yrs),5.54
Banashankari,3620,5,5,4,Semi-Furnished,"24/7 Security, Clubhouse, Gym, Jogging Track, Landscaped Garden",32640000.0,9016.57,Modern (4-10 yrs),4.02
Marathahalli,1710,3,2,3,Semi-Furnished,"Gym, High-Speed Elevators, Power Backup, Swimming Pool, Tennis Court",13060000.0,7637.43,New (0-3 yrs),5.09
Indiranagar,2585,4,3,7,Unfurnished,"Children's Play Area, Clubhouse, Gym, Landscaped Garden",31040000.0,12007.74,Modern (4-10 yrs),3.39
Rajajinagar,1065,2,2,17,Semi-Furnished,"Gym, Landscaped Garden, Swimming Pool, Tennis Court",8600000.0,8075.12,Established (11-20 yrs),4.29
Koramangala,935,2,2,4,Semi-Furnished,"24/7 Security, Intercom, Power Backup, Tennis Court",11460000.0,12256.68,Modern (4-10 yrs),3.12
Rajajinagar,1824,3,3,1,Furnished,"Landscaped Garden, Swimming Pool, Tennis Court",18480000.0,10131.58,New (0-3 yrs),3.39
Koramangala,1006,2,2,3,Unfurnished,"24/7 Security, Clubhouse, High-Speed Elevators, Landscaped Garden, Power Backup",10690000.0,10626.24,New (0-3 yrs),4.2
Sarjapur Road,1761,3,3,5,Semi-Furnished,"Clubhouse, Power Backup",12520000.0,7109.6,Modern (4-10 yrs),1.79
Hebbal,1306,2,2,2,Unfurnished,"Children's Play Area, Tennis Court",10530000.0,8062.79,New (0-3 yrs),1.87
Hebbal,1420,3,3,3,Furnished,"Children's Play Area, Intercom, Jogging Track, Power Backup",13570000.0,9556.34,New (0-3 yrs),2.32
Koramangala,645,1,1,12,Furnished,"24/7 Security, Covered Parking, Gym, Landscaped Garden, Swimming Pool",6470000.0,10031.01,Established (11-20 yrs),4.46
HSR Layout,2328,4,3,0,Semi-Furnished,"24/7 Security, Children's Play Area, High-Speed Elevators",24040000.0,10326.46,New (0-3 yrs),2.23
Indiranagar,2924,4,4,0,Semi-Furnished,"24/7 Security, Clubhouse, Covered Parking, Tennis Court",43850000.0,14996.58,New (0-3 yrs),3.75
Yelahanka,1048,2,1,9,Furnished,"24/7 Security, Children's Play Area, Clubhouse, Gym, Jogging Track, Landscaped Garden, Power Backup, Tennis Court",6540000.0,6240.46,Modern (4-10 yrs),6.61
HSR Layout,1355,2,2,15,Furnished,"Clubhouse, Covered Parking, Landscaped Garden",12800000.0,9446.49,Established (11-20 yrs),2.59
Jayanagar,622,1,1,2,Semi-Furnished,"Intercom, Jogging Track",6650000.0,10691.32,New (0-3 yrs),1.0
Bellandur,1533,3,2,4,Unfurnished,"Children's Play Area, Clubhouse, High-Speed Elevators, Intercom, Jogging Track, Power Backup",12160000.0,7932.16,Modern (4-10 yrs),4.29
HSR Layout,1705,3,3,2,Semi-Furnished,"Clubhouse, Jogging Track, Swimming Pool, Tennis Court",14800000.0,8680.35,New (0-3 yrs),4.2
Marathahalli,1581,3,2,2,Unfurnished,"Covered Parking, Gym, Swimming Pool",9720000.0,6148.01,New (0-3 yrs),2.95
Whitefield,2056,3,3,0,Unfurnished,"High-Speed Elevators, Intercom, Power Backup",12920000.0,6284.05,New (0-3 yrs),2.05
Indiranagar,1106,2,2,11,Unfurnished,"Children's Play Area, Clubhouse, High-Speed Elevators, Jogging Track, Swimming Pool, Tennis Court",11990000.0,10840.87,Established (11-20 yrs),5.71
Whitefield,638,1,1,4,Unfurnished,"24/7 Security, Jogging Track, Landscaped Garden, Swimming Pool, Tennis Court",3430000.0,5376.18,Modern (4-10 yrs),4.64
Indiranagar,1684,3,2,4,Semi-Furnished,"Covered Parking, Jogging Track, Power Backup, Tennis Court",22290000.0,13236.34,Modern (4-10 yrs),3.21
Bellandur,1090,2,2,2,Unfurnished,"Children's Play Area, Intercom, Power Backup",7550000.0,6926.61,New (0-3 yrs),1.79
Sarjapur Road,1580,3,2,3,Semi-Furnished,"High-Speed Elevators, Power Backup",11310000.0,7158.23,New (0-3 yrs),1.61
Jayanagar,800,2,2,0,Unfurnished,"Clubhouse, High-Speed Elevators",8450000.0,10562.5,New (0-3 yrs),1.96
Whitefield,1139,2,2,9,Semi-Furnished,"24/7 Security, Children's Play Area",5540000.0,4863.92,Modern (4-10 yrs),1.34
HSR Layout,1822,3,3,17,Furnished,"Children's Play Area, Covered Parking, Jogging Track",16540000.0,9077.94,Established (11-20 yrs),1.88
Koramangala,1490,3,2,3,Unfurnished,"High-Speed Elevators, Landscaped Garden, Power Backup",14680000.0,9852.35,New (0-3 yrs),2.41
Indiranagar,1072,2,2,11,Semi-Furnished,"Children's Play Area, High-Speed Elevators, Jogging Track, Landscaped Garden, Swimming Pool, Tennis Court",13480000.0,12574.63,Established (11-20 yrs),5.45
Electronic City,1058,2,1,19,Unfurnished,"Children's Play Area, Clubhouse, Landscaped Garden, Swimming Pool, Tennis Court",4320000.0,4083.18,Established (11-20 yrs),5.09
Whitefield,705,1,1,16,Semi-Furnished,"Clubhouse, Gym, Landscaped Garden",3400000.0,4822.7,Established (11-20 yrs),2.77
Koramangala,1485,3,2,25,Semi-Furnished,"24/7 Security, Covered Parking, High-Speed Elevators, Power Backup",14120000.0,9508.42,Old (20+ yrs),3.04
Sarjapur Road,632,1,1,7,Unfurnished,"24/7 Security, Children's Play Area, Covered Parking, High-Speed Elevators, Intercom",3650000.0,5775.32,Modern (4-10 yrs),3.39
Hebbal,1101,2,2,20,Semi-Furnished,"24/7 Security, Power Backup",7840000.0,7120.8,Established (11-20 yrs),1.43
Hebbal,717,1,1,28,Semi-Furnished,"24/7 Security, Children's Play Area, Jogging Track, Landscaped Garden, Tennis Court",5000000.0,6973.5,Old (20+ yrs),3.93
Yelahanka,2021,3,3,9,Semi-Furnished,"24/7 Security, High-Speed Elevators, Intercom, Landscaped Garden",10660000.0,5274.62,Modern (4-10 yrs),2.86
Indiranagar,3007,4,3,6,Semi-Furnished,"Children's Play Area, High-Speed Elevators, Intercom, Landscaped Garden",44780000.0,14891.92,Modern (4-10 yrs),2.77
Yelahanka,1062,2,2,17,Unfurnished,"Covered Parking, Power Backup",5350000.0,5037.66,Established (11-20 yrs),1.43
Thanisandra,1613,3,3,3,Semi-Furnished,"24/7 Security, Gym, Tennis Court",11830000.0,7334.16,New (0-3 yrs),2.86
Sarjapur Road,1242,2,2,3,Furnished,"24/7 Security, Covered Parking",8430000.0,6787.44,New (0-3 yrs),1.43
Sarjapur Road,1742,3,3,10,Furnished,"24/7 Security, Children's Play Area, Gym, Landscaped Garden",11040000.0,6337.54,Modern (4-10 yrs),3.04
Whitefield,1318,2,2,7,Semi-Furnished,"Covered Parking, Gym, Power Backup",6460000.0,4901.37,Modern (4-10 yrs),2.32
Sarjapur Road,2648,4,4,4,Unfurnished,"Covered Parking, Gym, Intercom, Landscaped Garden, Power Backup",20930000.0,7904.08,Modern (4-10 yrs),3.57
Sarjapur Road,2670,4,4,14,Unfurnished,"24/7 Security, Covered Parking, Gym, High-Speed Elevators, Intercom, Jogging Track, Power Backup, Swimming Pool",17960000.0,6726.59,Established (11-20 yrs),6.25
Banashankari,2100,4,4,7,Furnished,"Children's Play Area, Gym, Landscaped Garden, Power Backup",19290000.0,9185.71,Modern (4-10 yrs),3.04
Hebbal,1324,3,3,28,Semi-Furnished,"Children's Play Area, Clubhouse, Swimming Pool",9220000.0,6963.75,Old (20+ yrs),3.04
Malleshwaram,572,1,1,13,Unfurnished,"Children's Play Area, Clubhouse, Covered Parking, High-Speed Elevators, Intercom, Jogging Track, Landscaped Garden, Swimming Pool, Tennis Court",4950000.0,8653.85,Established (11-20 yrs),7.68
Marathahalli,2469,4,4,4,Furnished,"24/7 Security, Gym, Jogging Track, Power Backup, Swimming Pool, Tennis Court",20540000.0,8319.16,Modern (4-10 yrs),5.45
Whitefield,841,2,2,28,Semi-Furnished,"Gym, Intercom, Jogging Track, Landscaped Garden, Swimming Pool",3580000.0,4256.84,Old (20+ yrs),4.02
Hebbal,869,2,2,4,Furnished,"24/7 Security, Children's Play Area, Gym, Intercom, Power Backup, Swimming Pool, Tennis Court",9010000.0,10368.24,Modern (4-10 yrs),5.98
Electronic City,1792,3,3,0,Semi-Furnished,"Clubhouse, Intercom, Landscaped Garden, Swimming Pool",8930000.0,4983.26,New (0-3 yrs),3.66
HSR Layout,1738,3,3,4,Unfurnished,"Children's Play Area, Clubhouse, Jogging Track, Power Backup",14670000.0,8440.74,Modern (4-10 yrs),2.95
Whitefield,1671,3,2,1,Unfurnished,"Covered Parking, Intercom, Landscaped Garden, Power Backup",10470000.0,6265.71,New (0-3 yrs),2.68
Hebbal,1493,3,2,19,Furnished,"Children's Play Area, Clubhouse, Covered Parking, High-Speed Elevators, Landscaped Garden, Swimming Pool, Tennis Court",14210000.0,9517.75,Established (11-20 yrs),6.7
Marathahalli,1705,3,3,17,Unfurnished,"Children's Play Area, Clubhouse, Intercom, Power Backup, Tennis Court",9230000.0,5413.49,Established (11-20 yrs),4.11
Whitefield,1484,3,2,10,Furnished,"Clubhouse, Gym, Jogging Track, Power Backup, Tennis Court",10050000.0,6772.24,Modern (4-10 yrs),4.46
Koramangala,2867,4,3,1,Unfurnished,"24/7 Security, Intercom, Power Backup, Tennis Court",39620000.0,13819.32,New (0-3 yrs),3.12
Banashankari,995,2,2,0,Unfurnished,"Clubhouse, Covered Parking, Gym, High-Speed Elevators, Jogging Track",6200000.0,6231.16,New (0-3 yrs),4.11
Thanisandra,1551,3,2,9,Furnished,"Gym, Intercom, Landscaped Garden, Power Backup, Swimming Pool, Tennis Court",9140000.0,5892.97,Modern (4-10 yrs),5.45
Whitefield,817,2,2,11,Semi-Furnished,"Clubhouse, Covered Parking, High-Speed Elevators, Landscaped Garden, Tennis Court",4380000.0,5361.08,Established (11-20 yrs),4.73
Banashankari,1100,2,2,4,Unfurnished,"24/7 Security, Children's Play Area, Intercom, Swimming Pool, Tennis Court",7550000.0,6863.64,Modern (4-10 yrs),4.38
Indiranagar,1006,2,1,6,Semi-Furnished,"Gym, High-Speed Elevators, Landscaped Garden, Swimming Pool, Tennis Court",13640000.0,13558.65,Modern (4-10 yrs),5.18
Yelahanka,1319,2,1,1,Unfurnished,"Clubhouse, Swimming Pool",7410000.0,5617.89,New (0-3 yrs),2.41
Bellandur,1573,3,3,2,Unfurnished,"Children's Play Area, Gym, Power Backup",11420000.0,7260.01,New (0-3 yrs),2.23
Electronic City,1520,3,2,10,Furnished,"Children's Play Area, Gym, Intercom, Swimming Pool",8020000.0,5276.32,Modern (4-10 yrs),3.3
Hebbal,1656,3,3,1,Unfurnished,"Covered Parking, Intercom, Power Backup",13390000.0,8085.75,New (0-3 yrs),1.88
Rajajinagar,539,1,1,1,Furnished,"Intercom, Jogging Track, Tennis Court",4530000.0,8404.45,New (0-3 yrs),2.23
Whitefield,796,1,1,14,Unfurnished,"24/7 Security, Clubhouse, Intercom, Landscaped Garden",3880000.0,4874.37,Established (11-20 yrs),3.04
Rajajinagar,1081,2,2,0,Furnished,"Covered Parking, High-Speed Elevators, Swimming Pool",10970000.0,10148.01,New (0-3 yrs),2.95
Marathahalli,1333,3,3,1,Semi-Furnished,"Children's Play Area, High-Speed Elevators, Landscaped Garden, Tennis Court",9150000.0,6864.22,New (0-3 yrs),3.57
HSR Layout,1288,2,2,3,Unfurnished,"Gym, High-Speed Elevators, Jogging Track, Tennis Court",10350000.0,8035.71,New (0-3 yrs),3.57
Banashankari,1695,3,2,8,Semi-Furnished,"24/7 Security, Covered Parking, High-Speed Elevators, Intercom, Jogging Track, Landscaped Garden, Swimming Pool",9810000.0,5787.61,Modern (4-10 yrs),5.45
Whitefield,675,1,1,4,Unfurnished,"Gym, Landscaped Garden, Swimming Pool",3640000.0,5392.59,Modern (4-10 yrs),3.04
HSR Layout,567,1,1,1,Semi-Furnished,"Clubhouse, High-Speed Elevators",4250000.0,7495.59,New (0-3 yrs),1.96
Electronic City,1447,3,3,6,Semi-Furnished,"Gym, High-Speed Elevators, Intercom, Landscaped Garden, Power Backup, Tennis Court",7600000.0,5252.25,Modern (4-10 yrs),5.0
Marathahalli,1875,3,2,2,Semi-Furnished,"Children's Play Area, Clubhouse, Gym, Tennis Court",13650000.0,7280.0,New (0-3 yrs),3.84
Bellandur,943,2,2,6,Semi-Furnished,"Covered Parking, Landscaped Garden, Swimming Pool",6870000.0,7285.26,Modern (4-10 yrs),2.86
Marathahalli,1640,3,3,5,Semi-Furnished,"24/7 Security, Gym, High-Speed Elevators, Intercom, Jogging Track, Landscaped Garden, Tennis Court",12030000.0,7335.37,Modern (4-10 yrs),5.54
Marathahalli,2832,4,4,20,Furnished,"24/7 Security, Clubhouse, Gym, Landscaped Garden, Power Backup, Swimming Pool",19980000.0,7055.08,Established (11-20 yrs),5.54
Jayanagar,1334,2,2,2,Unfurnished,"Children's Play Area, Covered Parking, Gym, High-Speed Elevators, Power Backup, Swimming Pool",14370000.0,10772.11,New (0-3 yrs),5.18
Marathahalli,924,2,1,9,Furnished,"24/7 Security, Gym, High-Speed Elevators, Intercom, Jogging Track, Swimming Pool",6150000.0,6655.84,Modern (4-10 yrs),4.82
Marathahalli,1231,2,1,28,Furnished,"Intercom, Power Backup",6310000.0,5125.91,Old (20+ yrs),1.16
Malleshwaram,1134,2,2,6,Furnished,"24/7 Security, Gym, Power Backup, Swimming Pool",12580000.0,11093.47,Modern (4-10 yrs),3.66
Electronic City,1473,3,3,19,Furnished,"24/7 Security, Covered Parking, Power Backup",6350000.0,4310.93,Established (11-20 yrs),2.14
Indiranagar,1396,3,3,0,Unfurnished,"Children's Play Area, Covered Parking, High-Speed Elevators, Jogging Track, Landscaped Garden, Tennis Court",16670000.0,11941.26,New (0-3 yrs),4.82
Koramangala,1793,3,3,2,Furnished,"Children's Play Area, Power Backup",23870000.0,13312.88,New (0-3 yrs),1.34
Yelahanka,1230,2,2,1,Semi-Furnished,"24/7 Security, Children's Play Area, Covered Parking, Swimming Pool",8200000.0,6666.67,New (0-3 yrs),3.39
Thanisandra,3308,4,4,0,Unfurnished,"24/7 Security, Clubhouse, Gym, High-Speed Elevators, Jogging Track, Landscaped Garden, Tennis Court",22220000.0,6717.05,New (0-3 yrs),6.16
Whitefield,1475,3,3,9,Furnished,"Children's Play Area, Clubhouse, Covered Parking, Power Backup",8200000.0,5559.32,Modern (4-10 yrs),3.12
Jayanagar,1251,2,2,4,Unfurnished,"24/7 Security, Clubhouse, Covered Parking",11670000.0,9328.54,Modern (4-10 yrs),2.5
Whitefield,1115,2,2,28,Semi-Furnished,"24/7 Security, Gym, Intercom, Landscaped Garden, Swimming Pool",4750000.0,4260.09,Old (20+ yrs),4.2
Malleshwaram,568,1,1,7,Semi-Furnished,"24/7 Security, Covered Parking",4950000.0,8714.79,Modern (4-10 yrs),1.43
Thanisandra,2168,3,2,5,Furnished,"24/7 Security, Clubhouse, Covered Parking, Swimming Pool",13770000.0,6351.48,Modern (4-10 yrs),3.84
Jayanagar,1722,3,3,2,Semi-Furnished,"Clubhouse, Covered Parking, Intercom, Landscaped Garden, Swimming Pool",19490000.0,11318.23,New (0-3 yrs),4.38
Malleshwaram,2701,4,4,6,Semi-Furnished,"Children's Play Area, Gym, Intercom, Landscaped Garden, Power Backup, Swimming Pool",31560000.0,11684.56,Modern (4-10 yrs),4.82
Electronic City,1371,3,2,4,Furnished,"24/7 Security, Children's Play Area, Gym, Jogging Track, Power Backup",7530000.0,5492.34,Modern (4-10 yrs),3.48
Jayanagar,3080,4,4,1,Furnished,"Children's Play Area, Covered Parking, High-Speed Elevators, Jogging Track, Power Backup, Tennis Court",42060000.0,13655.84,New (0-3 yrs),4.73
Sarjapur Road,633,1,1,3,Semi-Furnished,"24/7 Security, Children's Play Area, Covered Parking, High-Speed Elevators, Swimming Pool",4550000.0,7187.99,New (0-3 yrs),4.29
Marathahalli,750,1,1,6,Semi-Furnished,"Covered Parking, High-Speed Elevators, Power Backup",4170000.0,5560.0,Modern (4-10 yrs),2.32
Indiranagar,1289,2,2,0,Semi-Furnished,"Children's Play Area, Covered Parking, Gym, High-Speed Elevators, Landscaped Garden, Swimming Pool",18630000.0,14453.06,New (0-3 yrs),5.27
Malleshwaram,4346,5,4,13,Unfurnished,"Clubhouse, Intercom, Jogging Track, Landscaped Garden, Power Backup",49110000.0,11300.05,Established (11-20 yrs),3.57
Thanisandra,1695,3,2,6,Unfurnished,"Covered Parking, Gym, Jogging Track, Landscaped Garden, Power Backup, Swimming Pool",8770000.0,5174.04,Modern (4-10 yrs),5.0
Hebbal,4398,5,5,4,Unfurnished,"Clubhouse, Covered Parking, Gym, High-Speed Elevators, Intercom, Jogging Track, Tennis Court",40760000.0,9267.85,Modern (4-10 yrs),5.8
Indiranagar,628,1,1,8,Semi-Furnished,"24/7 Security, Gym, High-Speed Elevators, Intercom, Jogging Track, Swimming Pool",7290000.0,11608.28,Modern (4-10 yrs),4.82
Thanisandra,1176,2,2,21,Furnished,"24/7 Security, Children's Play Area, Covered Parking, Gym, High-Speed Elevators, Jogging Track, Landscaped Garden, Tennis Court",6420000.0,5459.18,Old (20+ yrs),6.43
Banashankari,776,1,1,8,Semi-Furnished,"Covered Parking, Jogging Track, Swimming Pool",6260000.0,8067.01,Modern (4-10 yrs),2.59
Indiranagar,1485,3,3,0,Semi-Furnished,"Clubhouse, Gym, High-Speed Elevators, Swimming Pool",19550000.0,13164.98,New (0-3 yrs),4.2
Indiranagar,1517,3,3,9,Semi-Furnished,"Clubhouse, Gym, Power Backup",17710000.0,11674.36,Modern (4-10 yrs),2.68
Jayanagar,1002,2,2,10,Semi-Furnished,"Clubhouse, Tennis Court",10510000.0,10489.02,Modern (4-10 yrs),2.32
Malleshwaram,1256,2,2,6,Semi-Furnished,"Intercom, Power Backup",15200000.0,12101.91,Modern (4-10 yrs),1.16
Koramangala,4263,5,4,12,Semi-Furnished,"Clubhouse, Covered Parking, High-Speed Elevators, Tennis Court",54770000.0,12847.76,Established (11-20 yrs),3.93
Electronic City,1612,3,2,4,Semi-Furnished,"Children's Play Area, Jogging Track, Power Backup",8270000.0,5130.27,Modern (4-10 yrs),1.88
Hebbal,1141,2,2,2,Furnished,"24/7 Security, Covered Parking, Intercom, Jogging Track, Landscaped Garden, Swimming Pool",10240000.0,8974.58,New (0-3 yrs),4.55
Indiranagar,1402,3,2,5,Semi-Furnished,"Children's Play Area, Covered Parking, Gym, Intercom",16240000.0,11583.45,Modern (4-10 yrs),2.68
Bellandur,857,2,1,1,Semi-Furnished,"Children's Play Area, Clubhouse, Gym, High-Speed Elevators",6540000.0,7631.27,New (0-3 yrs),3.48
Rajajinagar,1001,2,2,15,Unfurnished,"Clubhouse, Covered Parking, Intercom, Power Backup",9020000.0,9010.99,Established (11-20 yrs),2.95
Sarjapur Road,801,2,2,24,Semi-Furnished,"Children's Play Area, Clubhouse, Covered Parking, Power Backup",4350000.0,5430.71,Old (20+ yrs),3.12
Hebbal,1456,3,2,6,Semi-Furnished,"Clubhouse, Covered Parking, High-Speed Elevators, Jogging Track, Landscaped Garden, Power Backup",11850000.0,8138.74,Modern (4-10 yrs),4.73
Whitefield,1133,2,2,20,Unfurnished,"24/7 Security, Gym, Power Backup, Tennis Court",5660000.0,4995.59,Established (11-20 yrs),3.57
HSR Layout,1494,3,2,1,Unfurnished,"24/7 Security, Covered Parking, Power Backup, Swimming Pool, Tennis Court",13410000.0,8975.9,New (0-3 yrs),4.73
Malleshwaram,2717,4,4,15,Unfurnished,"24/7 Security, Children's Play Area, Gym, High-Speed Elevators, Intercom, Landscaped Garden, Tennis Court",31630000.0,11641.52,Established (11-20 yrs),5.62
Electronic City,889,2,2,0,Unfurnished,"Covered Parking, Gym, Jogging Track, Swimming Pool, Tennis Court",4460000.0,5016.87,New (0-3 yrs),4.73
Hebbal,2748,4,3,0,Furnished,"24/7 Security, High-Speed Elevators, Tennis Court",28370000.0,10323.87,New (0-3 yrs),2.86
HSR Layout,1614,3,2,0,Semi-Furnished,"Children's Play Area, Gym, Jogging Track",14960000.0,9268.9,New (0-3 yrs),2.05
HSR Layout,1300,3,3,2,Furnished,"Children's Play Area, Covered Parking, Gym, Jogging Track, Power Backup",12930000.0,9946.15,New (0-3 yrs),3.48
Whitefield,1797,3,3,1,Semi-Furnished,"24/7 Security, Clubhouse, High-Speed Elevators, Intercom, Swimming Pool, Tennis Court",11660000.0,6488.59,New (0-3 yrs),5.71
Whitefield,1211,2,2,1,Furnished,"24/7 Security, Children's Play Area, Gym",6060000.0,5004.13,New (0-3 yrs),2.23
HSR Layout,1619,3,2,3,Furnished,"Children's Play Area, Covered Parking, Intercom",15560000.0,9610.87,New (0-3 yrs),1.79
Whitefield,1113,2,2,1,Unfurnished,"Clubhouse, Gym, High-Speed Elevators, Landscaped Garden, Swimming Pool, Tennis Court",7050000.0,6334.23,New (0-3 yrs),6.25
Sarjapur Road,1779,3,2,6,Semi-Furnished,"Children's Play Area, Covered Parking, Gym, Intercom",13050000.0,7335.58,Modern (4-10 yrs),2.68
Koramangala,1074,2,2,5,Furnished,"Gym, Power Backup, Swimming Pool, Tennis Court",12870000.0,11983.24,Modern (4-10 yrs),4.2
HSR Layout,1157,2,2,1,Furnished,"24/7 Security, Covered Parking",9980000.0,8625.76,New (0-3 yrs),1.43
Whitefield,603,1,1,4,Unfurnished,"Clubhouse, Gym, Jogging Track, Landscaped Garden",3390000.0,5621.89,Modern (4-10 yrs),3.3
Whitefield,1066,2,2,8,Furnished,"Clubhouse, Intercom, Landscaped Garden",5630000.0,5281.43,Modern (4-10 yrs),2.32
Whitefield,1400,3,3,22,Furnished,"24/7 Security, High-Speed Elevators, Intercom, Jogging Track, Landscaped Garden",7860000.0,5614.29,Old (20+ yrs),3.39
Electronic City,1300,3,2,9,Semi-Furnished,"24/7 Security, High-Speed Elevators, Power Backup, Tennis Court",6570000.0,5053.85,Modern (4-10 yrs),3.57
Electronic City,2100,4,4,17,Semi-Furnished,"24/7 Security, Clubhouse, Covered Parking, Gym, High-Speed Elevators, Intercom, Power Backup, Tennis Court",11200000.0,5333.33,Established (11-20 yrs),6.7
Yelahanka,992,2,2,2,Unfurnished,"Children's Play Area, Covered Parking, Gym, High-Speed Elevators, Intercom, Jogging Track, Landscaped Garden",5420000.0,5463.71,New (0-3 yrs),4.91
Sarjapur Road,1910,3,3,0,Semi-Furnished,"Children's Play Area, Swimming Pool",11630000.0,6089.01,New (0-3 yrs),1.96
Indiranagar,1483,3,3,7,Semi-Furnished,"Children's Play Area, Covered Parking, High-Speed Elevators, Intercom, Swimming Pool",19730000.0,13304.11,Modern (4-10 yrs),4.02
Indiranagar,1805,3,3,2,Furnished,"24/7 Security, Clubhouse, Covered Parking, Landscaped Garden, Power Backup",23140000.0,12819.94,New (0-3 yrs),4.02
Whitefield,1300,3,3,11,Unfurnished,"24/7 Security, Children's Play Area, Clubhouse, High-Speed Elevators",6790000.0,5223.08,Established (11-20 yrs),3.3
Whitefield,1545,3,2,3,Furnished,"24/7 Security, Covered Parking, Intercom, Tennis Court",8520000.0,5514.56,New (0-3 yrs),3.12
Marathahalli,930,2,2,3,Semi-Furnished,"24/7 Security, Children's Play Area, Clubhouse, Covered Parking, Gym, Power Backup, Swimming Pool, Tennis Court",6580000.0,7075.27,New (0-3 yrs),7.32
Thanisandra,2841,4,4,10,Furnished,"24/7 Security, Children's Play Area, High-Speed Elevators, Tennis Court",17220000.0,6061.25,Modern (4-10 yrs),3.48
Banashankari,2033,3,3,4,Unfurnished,"Clubhouse, Covered Parking, High-Speed Elevators",12220000.0,6010.82,Modern (4-10 yrs),2.68
Banashankari,1388,2,2,0,Semi-Furnished,"24/7 Security, Children's Play Area, Landscaped Garden, Power Backup, Tennis Court",10090000.0,7269.45,New (0-3 yrs),4.11
Bellandur,800,2,2,3,Unfurnished,"24/7 Security, Children's Play Area, Gym, Swimming Pool, Tennis Court",5680000.0,7100.0,New (0-3 yrs),4.82
Electronic City,1580,3,3,1,Furnished,"Children's Play Area, Covered Parking, High-Speed Elevators, Intercom, Jogging Track, Landscaped Garden, Tennis Court",8270000.0,5234.18,New (0-3 yrs),5.27
HSR Layout,1391,3,2,0,Semi-Furnished,"Clubhouse, Intercom, Swimming Pool",14860000.0,10682.96,New (0-3 yrs),2.86
Rajajinagar,3036,4,4,7,Semi-Furnished,"Covered Parking, Intercom, Jogging Track, Tennis Court",31650000.0,10424.9,Modern (4-10 yrs),2.95
Koramangala,1198,2,2,10,Semi-Furnished,"Covered Parking, Jogging Track, Landscaped Garden, Tennis Court",10550000.0,8806.34,Modern (4-10 yrs),3.3
HSR Layout,963,2,2,11,Furnished,"Clubhouse, Covered Parking, Jogging Track, Landscaped Garden, Power Backup, Swimming Pool, Tennis Court",8840000.0,9179.65,Established (11-20 yrs),6.43
Marathahalli,1656,3,3,0,Semi-Furnished,"Children's Play Area, Clubhouse, Covered Parking, High-Speed Elevators, Swimming Pool, Tennis Court",13470000.0,8134.06,New (0-3 yrs),5.89
Whitefield,930,2,1,4,Semi-Furnished,"Clubhouse, Landscaped Garden, Power Backup, Tennis Court",5010000.0,5387.1,Modern (4-10 yrs),3.84
Electronic City,1117,2,2,10,Semi-Furnished,"Children's Play Area, Swimming Pool",4960000.0,4440.47,Modern (4-10 yrs),1.96
Electronic City,1300,3,3,4,Semi-Furnished,"24/7 Security, Children's Play Area, Clubhouse, High-Speed Elevators, Intercom, Jogging Track, Power Backup, Swimming Pool, Tennis Court",7310000.0,5623.08,Modern (4-10 yrs),7.59
Sarjapur Road,1510,3,3,6,Semi-Furnished,"24/7 Security, Clubhouse, Jogging Track, Swimming Pool",9830000.0,6509.93,Modern (4-10 yrs),3.66
Electronic City,1710,3,2,0,Semi-Furnished,"24/7 Security, Landscaped Garden, Power Backup, Swimming Pool, Tennis Court",9590000.0,5608.19,New (0-3 yrs),4.82
Koramangala,1830,3,2,9,Semi-Furnished,"24/7 Security, Clubhouse, High-Speed Elevators, Tennis Court",20550000.0,11229.51,Modern (4-10 yrs),3.93
Marathahalli,1072,2,1,1,Semi-Furnished,"24/7 Security, Gym",6990000.0,6520.52,New (0-3 yrs),1.61
Hebbal,800,2,2,1,Semi-Furnished,"Gym, Intercom, Jogging Track, Swimming Pool, Tennis Court",7600000.0,9500.0,New (0-3 yrs),4.46
Koramangala,561,1,1,4,Furnished,"Clubhouse, Gym, High-Speed Elevators, Intercom, Jogging Track, Power Backup",7080000.0,12620.32,Modern (4-10 yrs),4.55
Whitefield,2140,4,4,1,Semi-Furnished,"Gym, Power Backup",13170000.0,6154.21,New (0-3 yrs),1.61
HSR Layout,571,1,1,2,Semi-Furnished,"24/7 Security, Children's Play Area, Covered Parking, High-Speed Elevators, Intercom, Jogging Track, Power Backup, Tennis Court",5220000.0,9141.86,New (0-3 yrs),5.89
Electronic City,2630,4,4,5,Unfurnished,"24/7 Security, Covered Parking, Swimming Pool, Tennis Court",11360000.0,4319.39,Modern (4-10 yrs),4.02
Bellandur,2043,3,2,1,Semi-Furnished,"Clubhouse, Gym, Jogging Track, Landscaped Garden",15380000.0,7528.14,New (0-3 yrs),3.3
HSR Layout,1186,2,2,1,Semi-Furnished,"24/7 Security, Covered Parking, High-Speed Elevators, Intercom, Landscaped Garden",12950000.0,10919.06,New (0-3 yrs),3.57
Jayanagar,4350,5,5,4,Semi-Furnished,"24/7 Security, Children's Play Area, Covered Parking, Gym, Intercom, Jogging Track, Tennis Court",52700000.0,12114.94,Modern (4-10 yrs),5.18
Bellandur,480,1,1,0,Semi-Furnished,"Covered Parking, Intercom, Landscaped Garden",3630000.0,7562.5,New (0-3 yrs),1.96
Jayanagar,2085,3,2,0,Semi-Furnished,"24/7 Security, Children's Play Area, Covered Parking, Intercom, Landscaped Garden, Power Backup, Swimming Pool, Tennis Court",22530000.0,10805.76,New (0-3 yrs),6.61
Koramangala,1514,3,3,1,Furnished,"24/7 Security, Covered Parking, Gym",20190000.0,13335.54,New (0-3 yrs),2.32
Whitefield,1715,3,2,3,Unfurnished,"24/7 Security, Children's Play Area, Covered Parking, Gym, Jogging Track, Landscaped Garden",11130000.0,6489.8,New (0-3 yrs),4.29
Electronic City,2993,4,3,7,Unfurnished,"Covered Parking, Intercom, Landscaped Garden",13930000.0,4654.19,Modern (4-10 yrs),1.96
Indiranagar,565,1,1,11,Unfurnished,"Covered Parking, Gym, Landscaped Garden, Swimming Pool, Tennis Court",5900000.0,10442.48,Established (11-20 yrs),5.0
Electronic City,3775,5,5,2,Semi-Furnished,"Landscaped Garden, Swimming Pool, Tennis Court",21250000.0,5629.14,New (0-3 yrs),3.39
Malleshwaram,604,1,1,0,Semi-Furnished,"24/7 Security, Children's Play Area, Clubhouse, Covered Parking, Jogging Track",6620000.0,10960.26,New (0-3 yrs),3.66
Rajajinagar,1946,3,3,0,Semi-Furnished,"Gym, High-Speed Elevators, Landscaped Garden",20250000.0,10405.96,New (0-3 yrs),2.59
Marathahalli,1746,3,3,2,Semi-Furnished,"Gym, Intercom, Jogging Track, Power Backup, Swimming Pool",14100000.0,8075.6,New (0-3 yrs),3.93
HSR Layout,1761,3,2,5,Furnished,"24/7 Security, Clubhouse, High-Speed Elevators, Power Backup, Swimming Pool",16120000.0,9153.89,Modern (4-10 yrs),4.73
Whitefield,1283,2,2,10,Unfurnished,"Children's Play Area, Clubhouse, High-Speed Elevators, Landscaped Garden, Power Backup",6920000.0,5393.61,Modern (4-10 yrs),4.11
Marathahalli,3002,4,3,0,Unfurnished,"Children's Play Area, Covered Parking, Gym, Power Backup",21680000.0,7221.85,New (0-3 yrs),2.95
HSR Layout,1149,2,1,3,Semi-Furnished,"Children's Play Area, Clubhouse, Intercom, Power Backup, Tennis Court",9970000.0,8677.11,New (0-3 yrs),4.11
Whitefield,2390,4,3,1,Semi-Furnished,"Covered Parking, Intercom, Swimming Pool",14300000.0,5983.26,New (0-3 yrs),2.5
Yelahanka,2060,3,3,10,Furnished,"Children's Play Area, Clubhouse, Covered Parking, High-Speed Elevators, Intercom, Landscaped Garden, Tennis Court",15150000.0,7354.37,Modern (4-10 yrs),5.8
Marathahalli,4426,5,4,11,Furnished,"24/7 Security, Clubhouse, Gym, Intercom, Jogging Track, Power Backup, Swimming Pool",37950000.0,8574.33,Established (11-20 yrs),5.71
Sarjapur Road,1424,3,2,17,Semi-Furnished,"Children's Play Area, Covered Parking, Gym, Jogging Track, Tennis Court",8450000.0,5933.99,Established (11-20 yrs),4.02
Hebbal,805,2,2,9,Unfurnished,"Children's Play Area, Covered Parking, Gym, High-Speed Elevators",6340000.0,7875.78,Modern (4-10 yrs),3.12
Hebbal,1290,2,2,8,Unfurnished,"24/7 Security, Gym, Tennis Court",8590000.0,6658.91,Modern (4-10 yrs),2.86
Bellandur,1540,3,2,2,Semi-Furnished,"Clubhouse, Gym, High-Speed Elevators, Intercom, Landscaped Garden, Power Backup",12180000.0,7909.09,New (0-3 yrs),4.82
HSR Layout,965,2,2,3,Semi-Furnished,"24/7 Security, Clubhouse, High-Speed Elevators, Swimming Pool",8530000.0,8839.38,New (0-3 yrs),4.02
Hebbal,450,1,1,4,Furnished,"Clubhouse, Intercom, Landscaped Garden, Power Backup, Tennis Court",4270000.0,9488.89,Modern (4-10 yrs),4.29
Sarjapur Road,4047,5,5,1,Semi-Furnished,"24/7 Security, Covered Parking, Landscaped Garden, Power Backup, Swimming Pool, Tennis Court",34920000.0,8628.61,New (0-3 yrs),5.54
Sarjapur Road,848,2,1,18,Semi-Furnished,"24/7 Security, Clubhouse, Covered Parking, Intercom, Landscaped Garden, Power Backup",4840000.0,5707.55,Established (11-20 yrs),4.46
Hebbal,914,2,2,0,Furnished,"Children's Play Area, Covered Parking, Gym, High-Speed Elevators, Intercom, Power Backup",9360000.0,10240.7,New (0-3 yrs),4.29
Whitefield,2362,4,4,6,Semi-Furnished,"Covered Parking, High-Speed Elevators, Landscaped Garden, Swimming Pool",14770000.0,6253.18,Modern (4-10 yrs),3.75
HSR Layout,862,2,1,8,Semi-Furnished,"Gym, Jogging Track, Landscaped Garden, Swimming Pool, Tennis Court",7760000.0,9002.32,Modern (4-10 yrs),4.82
Bellandur,1466,3,3,3,Semi-Furnished,"Clubhouse, High-Speed Elevators, Intercom, Swimming Pool",12390000.0,8451.57,New (0-3 yrs),3.75
Thanisandra,3334,4,4,0,Semi-Furnished,"Children's Play Area, Jogging Track, Swimming Pool, Tennis Court",24030000.0,7207.56,New (0-3 yrs),3.75
Bellandur,1208,2,2,1,Semi-Furnished,"24/7 Security, Gym, Power Backup",10590000.0,8766.56,New (0-3 yrs),2.32
Bellandur,1909,3,3,5,Unfurnished,"24/7 Security, Children's Play Area, Covered Parking, Swimming Pool",14810000.0,7757.99,Modern (4-10 yrs),3.39
Electronic City,1300,3,3,1,Furnished,"Intercom, Landscaped Garden, Tennis Court",7390000.0,5684.62,New (0-3 yrs),2.5
Rajajinagar,4891,5,5,8,Semi-Furnished,"Clubhouse, Landscaped Garden, Power Backup",53610000.0,10960.95,Modern (4-10 yrs),2.59
Whitefield,2686,4,4,2,Semi-Furnished,"Intercom, Swimming Pool",16590000.0,6176.47,New (0-3 yrs),1.79
Yelahanka,1031,2,2,1,Semi-Furnished,"Children's Play Area, Clubhouse, Jogging Track, Landscaped Garden, Swimming Pool, Tennis Court",6940000.0,6731.33,New (0-3 yrs),5.62
Whitefield,1536,3,2,2,Unfurnished,"Children's Play Area, Covered Parking, Intercom, Power Backup, Swimming Pool, Tennis Court",9820000.0,6393.23,New (0-3 yrs),5.09
Koramangala,1054,2,2,8,Semi-Furnished,"Gym, High-Speed Elevators, Landscaped Garden, Tennis Court",11930000.0,11318.79,Modern (4-10 yrs),3.84
Indiranagar,1013,2,2,0,Semi-Furnished,"Jogging Track, Power Backup, Tennis Court",10700000.0,10562.69,New (0-3 yrs),2.5
Hebbal,1258,2,2,8,Semi-Furnished,"Gym, High-Speed Elevators, Jogging Track, Landscaped Garden, Tennis Court",10130000.0,8052.46,Modern (4-10 yrs),4.38
Yelahanka,1524,3,2,1,Semi-Furnished,"Children's Play Area, Clubhouse, High-Speed Elevators, Landscaped Garden, Tennis Court",8370000.0,5492.13,New (0-3 yrs),4.64
Marathahalli,944,2,1,11,Unfurnished,"Intercom, Landscaped Garden, Power Backup",5520000.0,5847.46,Established (11-20 yrs),1.96
Jayanagar,2690,4,4,2,Unfurnished,"24/7 Security, Children's Play Area, Clubhouse, Landscaped Garden, Swimming Pool",36310000.0,13498.14,New (0-3 yrs),4.55
Marathahalli,1189,2,2,1,Semi-Furnished,"Children's Play Area, Covered Parking, Gym, Swimming Pool, Tennis Court",8360000.0,7031.12,New (0-3 yrs),4.82
Whitefield,1191,2,2,2,Semi-Furnished,"Children's Play Area, Intercom",6090000.0,5113.35,New (0-3 yrs),1.07
Yelahanka,959,2,2,0,Unfurnished,"24/7 Security, Covered Parking, Intercom, Jogging Track, Power Backup, Swimming Pool",5730000.0,5974.97,New (0-3 yrs),4.46
Sarjapur Road,929,2,2,28,Semi-Furnished,"Clubhouse, Covered Parking, Gym, High-Speed Elevators, Jogging Track, Swimming Pool",5560000.0,5984.93,Old (20+ yrs),5.45
Sarjapur Road,1270,2,2,5,Semi-Furnished,"Clubhouse, Gym, High-Speed Elevators, Intercom",9620000.0,7574.8,Modern (4-10 yrs),3.3
HSR Layout,1004,2,2,0,Semi-Furnished,"Intercom, Jogging Track, Landscaped Garden, Tennis Court",8570000.0,8535.86,New (0-3 yrs),3.04
Whitefield,1021,2,2,1,Semi-Furnished,"24/7 Security, Children's Play Area, Covered Parking, High-Speed Elevators, Intercom, Power Backup, Tennis Court",6900000.0,6758.08,New (0-3 yrs),5.36
Electronic City,1563,3,2,11,Furnished,"Covered Parking, Intercom, Jogging Track, Landscaped Garden, Power Backup, Swimming Pool",7380000.0,4721.69,Established (11-20 yrs),4.55
Yelahanka,2651,4,4,0,Unfurnished,"Children's Play Area, Clubhouse, Jogging Track",17090000.0,6446.62,New (0-3 yrs),2.23
HSR Layout,1385,3,3,28,Furnished,"Children's Play Area, Covered Parking, Jogging Track, Landscaped Garden",9690000.0,6996.39,Old (20+ yrs),2.68
Jayanagar,1066,2,2,4,Semi-Furnished,"24/7 Security, Swimming Pool",10480000.0,9831.14,Modern (4-10 yrs),2.05
Indiranagar,1097,2,2,13,Unfurnished,"24/7 Security, Clubhouse, Covered Parking, Gym, Jogging Track, Swimming Pool, Tennis Court",13630000.0,12424.79,Established (11-20 yrs),6.52
HSR Layout,1712,3,2,13,Furnished,"24/7 Security, High-Speed Elevators, Jogging Track, Tennis Court",14790000.0,8639.02,Established (11-20 yrs),3.39
Indiranagar,1816,3,3,5,Semi-Furnished,"High-Speed Elevators, Landscaped Garden, Tennis Court",22320000.0,12290.75,Modern (4-10 yrs),2.95
Hebbal,1320,2,2,6,Semi-Furnished,"High-Speed Elevators, Landscaped Garden, Tennis Court",10340000.0,7833.33,Modern (4-10 yrs),2.95
Whitefield,1914,3,3,8,Furnished,"24/7 Security, Covered Parking, Gym, Power Backup, Swimming Pool",11550000.0,6034.48,Modern (4-10 yrs),4.38
Electronic City,2100,4,4,5,Semi-Furnished,"24/7 Security, Clubhouse, Covered Parking, Gym, High-Speed Elevators, Landscaped Garden, Tennis Court",11710000.0,5576.19,Modern (4-10 yrs),6.34
Malleshwaram,3392,5,5,2,Semi-Furnished,"Children's Play Area, Clubhouse, Gym, High-Speed Elevators, Power Backup",48000000.0,14150.94,New (0-3 yrs),4.2
Sarjapur Road,1681,3,2,2,Unfurnished,"Children's Play Area, Covered Parking, High-Speed Elevators, Landscaped Garden, Power Backup",11440000.0,6805.47,New (0-3 yrs),3.75
Sarjapur Road,800,2,1,4,Unfurnished,"Gym, Tennis Court",4600000.0,5750.0,Modern (4-10 yrs),2.14
Hebbal,1649,3,3,1,Semi-Furnished,"Children's Play Area, Covered Parking, Gym, Power Backup, Tennis Court",15240000.0,9241.96,New (0-3 yrs),4.2
Malleshwaram,1837,3,2,1,Semi-Furnished,"24/7 Security, Intercom, Jogging Track, Swimming Pool, Tennis Court",20010000.0,10892.76,New (0-3 yrs),4.29
Thanisandra,1603,3,3,6,Furnished,"24/7 Security, Children's Play Area, Clubhouse, Covered Parking, Gym, High-Speed Elevators, Intercom, Jogging Track, Power Backup",11010000.0,6868.37,Modern (4-10 yrs),6.61
Hebbal,981,2,2,9,Semi-Furnished,"24/7 Security, Children's Play Area, High-Speed Elevators, Jogging Track",7910000.0,8063.2,Modern (4-10 yrs),2.77
Indiranagar,2535,4,4,5,Furnished,"Clubhouse, Intercom, Jogging Track",31080000.0,12260.36,Modern (4-10 yrs),2.05
Whitefield,902,2,2,12,Semi-Furnished,"24/7 Security, Intercom, Jogging Track, Power Backup",5020000.0,5565.41,Established (11-20 yrs),2.41
Thanisandra,1243,2,2,6,Unfurnished,"24/7 Security, Children's Play Area, Clubhouse, Covered Parking, Intercom, Landscaped Garden, Power Backup, Tennis Court",8050000.0,6476.27,Modern (4-10 yrs),6.34
Rajajinagar,1448,3,2,10,Semi-Furnished,"Covered Parking, Intercom, Power Backup, Tennis Court",15450000.0,10669.89,Modern (4-10 yrs),3.12
Electronic City,1224,2,2,1,Furnished,"Covered Parking, Jogging Track, Swimming Pool, Tennis Court",5670000.0,4632.35,New (0-3 yrs),3.84
Bellandur,1652,3,3,10,Semi-Furnished,"24/7 Security, Children's Play Area, Clubhouse, Covered Parking, Intercom, Power Backup, Swimming Pool",13790000.0,8347.46,Modern (4-10 yrs),5.62
HSR Layout,906,2,2,0,Furnished,"24/7 Security, Gym, Tennis Court",9010000.0,9944.81,New (0-3 yrs),2.86
Hebbal,1397,3,2,6,Unfurnished,"Power Backup, Tennis Court",12040000.0,8618.47,Modern (4-10 yrs),1.96
Jayanagar,749,1,1,0,Semi-Furnished,"24/7 Security, High-Speed Elevators, Tennis Court",8260000.0,11028.04,New (0-3 yrs),2.86
Jayanagar,1590,3,3,10,Unfurnished,"Gym, Power Backup",17200000.0,10817.61,Modern (4-10 yrs),1.61
HSR Layout,493,1,1,6,Unfurnished,"Clubhouse, Intercom, Landscaped Garden, Power Backup",3480000.0,7058.82,Modern (4-10 yrs),3.04
Indiranagar,2775,4,4,10,Furnished,"Children's Play Area, Covered Parking, High-Speed Elevators, Intercom, Power Backup, Swimming Pool, Tennis Court",44520000.0,16043.24,Modern (4-10 yrs),5.98
Bellandur,1306,2,2,1,Furnished,"Children's Play Area, Covered Parking, Intercom, Jogging Track, Landscaped Garden, Power Backup",10470000.0,8016.85,New (0-3 yrs),3.84
Electronic City,1081,2,2,11,Furnished,"Swimming Pool, Tennis Court",5570000.0,5152.64,Established (11-20 yrs),2.59
Jayanagar,1780,3,2,0,Semi-Furnished,"24/7 Security, Children's Play Area, Clubhouse, High-Speed Elevators, Power Backup, Swimming Pool",22730000.0,12769.66,New (0-3 yrs),5.36
Jayanagar,1629,3,3,6,Furnished,"24/7 Security, High-Speed Elevators, Power Backup",20720000.0,12719.46,Modern (4-10 yrs),2.32
Rajajinagar,1722,3,3,2,Furnished,"Covered Parking, High-Speed Elevators, Intercom, Tennis Court",15940000.0,9256.68,New (0-3 yrs),3.3
Malleshwaram,3743,5,5,0,Furnished,"24/7 Security, Children's Play Area, Clubhouse, Covered Parking, Gym, High-Speed Elevators, Intercom",56290000.0,15038.74,New (0-3 yrs),5.36
Marathahalli,1364,3,2,2,Semi-Furnished,"Children's Play Area, Gym, Landscaped Garden, Swimming Pool",10180000.0,7463.34,New (0-3 yrs),3.66
Bellandur,2484,4,4,7,Unfurnished,"24/7 Security, Covered Parking, Landscaped Garden",18590000.0,7483.9,Modern (4-10 yrs),2.23
Whitefield,3481,4,4,2,Semi-Furnished,"24/7 Security, Children's Play Area, Covered Parking, Jogging Track, Landscaped Garden, Power Backup, Swimming Pool, Tennis Court",25620000.0,7359.95,New (0-3 yrs),6.7
Thanisandra,1185,2,2,11,Semi-Furnished,"High-Speed Elevators, Landscaped Garden, Swimming Pool, Tennis Court",6270000.0,5291.14,Established (11-20 yrs),4.29
Koramangala,1366,2,2,9,Unfurnished,"High-Speed Elevators, Intercom, Landscaped Garden, Swimming Pool",13920000.0,10190.34,Modern (4-10 yrs),3.48
HSR Layout,1283,2,1,0,Unfurnished,"Children's Play Area, Swimming Pool, Tennis Court",11270000.0,8784.1,New (0-3 yrs),3.21
Whitefield,970,2,2,2,Semi-Furnished,"Children's Play Area, Clubhouse, Covered Parking, Gym, High-Speed Elevators, Intercom, Jogging Track, Tennis Court",5520000.0,5690.72,New (0-3 yrs),6.43
Banashankari,941,2,2,20,Semi-Furnished,"Clubhouse, Covered Parking, High-Speed Elevators, Jogging Track, Swimming Pool",5420000.0,5759.83,Established (11-20 yrs),4.55
Malleshwaram,1237,2,2,5,Semi-Furnished,"Clubhouse, High-Speed Elevators, Swimming Pool, Tennis Court",12110000.0,9789.81,Modern (4-10 yrs),4.55
Electronic City,3462,5,4,18,Semi-Furnished,"24/7 Security, Clubhouse, Covered Parking, Jogging Track, Tennis Court",16160000.0,4667.82,Established (11-20 yrs),4.29
Malleshwaram,994,2,1,4,Furnished,"High-Speed Elevators, Intercom, Jogging Track, Landscaped Garden, Power Backup, Tennis Court",11600000.0,11670.02,Modern (4-10 yrs),4.64
Indiranagar,994,2,2,28,Semi-Furnished,"Children's Play Area, Clubhouse, Covered Parking, Jogging Track",9540000.0,9597.59,Old (20+ yrs),2.95
HSR Layout,3333,5,5,11,Furnished,"Children's Play Area, Clubhouse, Intercom, Power Backup, Swimming Pool",28740000.0,8622.86,Established (11-20 yrs),4.2
Hebbal,1972,3,2,2,Semi-Furnished,"Covered Parking, Gym, High-Speed Elevators, Landscaped Garden",16730000.0,8483.77,New (0-3 yrs),3.3
Indiranagar,578,1,1,24,Unfurnished,"High-Speed Elevators, Landscaped Garden",4580000.0,7923.88,Old (20+ yrs),1.7
Electronic City,1496,3,3,8,Unfurnished,"Children's Play Area, Gym, High-Speed Elevators, Jogging Track, Landscaped Garden, Power Backup, Tennis Court",7780000.0,5200.53,Modern (4-10 yrs),5.71
Rajajinagar,1085,2,2,8,Unfurnished,"Children's Play Area, Jogging Track, Power Backup",9620000.0,8866.36,Modern (4-10 yrs),1.88
Electronic City,2342,4,3,7,Semi-Furnished,"Intercom, Landscaped Garden, Tennis Court",12930000.0,5520.92,Modern (4-10 yrs),2.5
Hebbal,604,1,1,11,Semi-Furnished,"24/7 Security, Gym, Intercom, Jogging Track",3750000.0,6208.61,Established (11-20 yrs),2.59
Electronic City,1300,3,2,1,Semi-Furnished,"24/7 Security, Children's Play Area, Covered Parking, Intercom, Landscaped Garden, Tennis Court",6380000.0,4907.69,New (0-3 yrs),4.55
Whitefield,2516,4,4,13,Unfurnished,"Clubhouse, Covered Parking, High-Speed Elevators, Jogging Track",13020000.0,5174.88,Established (11-20 yrs),3.21
Yelahanka,1707,3,2,12,Unfurnished,"24/7 Security, Covered Parking, High-Speed Elevators",8570000.0,5020.5,Established (11-20 yrs),2.32
Thanisandra,1139,2,2,10,Semi-Furnished,"24/7 Security, Intercom, Jogging Track, Power Backup",7410000.0,6505.71,Modern (4-10 yrs),2.41
HSR Layout,903,2,2,4,Semi-Furnished,"Intercom, Power Backup, Tennis Court",7580000.0,8394.24,Modern (4-10 yrs),2.41
Sarjapur Road,1544,3,3,14,Furnished,"Children's Play Area, Clubhouse, High-Speed Elevators, Jogging Track, Landscaped Garden, Swimming Pool",9950000.0,6444.3,Established (11-20 yrs),5.27
Electronic City,2733,4,4,2,Unfurnished,"Children's Play Area, Covered Parking, Gym, Jogging Track, Landscaped Garden, Tennis Court",14700000.0,5378.7,New (0-3 yrs),4.82
Yelahanka,610,1,1,8,Semi-Furnished,"Swimming Pool, Tennis Court",3170000.0,5196.72,Modern (4-10 yrs),2.59
Whitefield,1026,2,2,12,Furnished,"24/7 Security, Swimming Pool",5290000.0,5155.95,Established (11-20 yrs),2.05
Whitefield,2960,4,4,2,Semi-Furnished,"24/7 Security, Clubhouse, High-Speed Elevators, Intercom, Landscaped Garden, Swimming Pool, Tennis Court",18990000.0,6415.54,New (0-3 yrs),6.52
Whitefield,2974,4,3,6,Semi-Furnished,"Clubhouse, Covered Parking, Gym, Landscaped Garden, Swimming Pool",16410000.0,5517.82,Modern (4-10 yrs),4.82
Bellandur,1841,3,3,7,Unfurnished,"Covered Parking, Gym, High-Speed Elevators, Intercom, Landscaped Garden, Power Backup, Tennis Court",12300000.0,6681.15,Modern (4-10 yrs),5.71
Whitefield,2568,4,3,8,Unfurnished,"Covered Parking, High-Speed Elevators, Landscaped Garden",13520000.0,5264.8,Modern (4-10 yrs),2.41
Rajajinagar,1811,3,2,2,Semi-Furnished,"24/7 Security, Children's Play Area, High-Speed Elevators, Intercom, Swimming Pool",17770000.0,9812.26,New (0-3 yrs),4.02
Hebbal,1297,2,2,2,Semi-Furnished,"Clubhouse, Covered Parking, High-Speed Elevators, Landscaped Garden, Tennis Court",9810000.0,7563.61,New (0-3 yrs),4.73
HSR Layout,2012,3,3,0,Furnished,"Children's Play Area, High-Speed Elevators, Landscaped Garden, Swimming Pool",20140000.0,10009.94,New (0-3 yrs),3.66
Banashankari,1623,3,2,3,Semi-Furnished,"Clubhouse, Covered Parking, Intercom, Swimming Pool",11210000.0,6906.96,New (0-3 yrs),3.57
Marathahalli,3717,5,4,2,Furnished,"Gym, Jogging Track, Swimming Pool",30460000.0,8194.78,New (0-3 yrs),2.77
Sarjapur Road,1206,2,2,7,Semi-Furnished,"Covered Parking, High-Speed Elevators, Jogging Track, Swimming Pool, Tennis Court",8600000.0,7131.01,Modern (4-10 yrs),4.73
Whitefield,1121,2,1,8,Semi-Furnished,"24/7 Security, Clubhouse, Covered Parking, Gym, High-Speed Elevators, Landscaped Garden, Power Backup, Swimming Pool, Tennis Court",6770000.0,6039.25,Modern (4-10 yrs),8.39
Marathahalli,1724,3,2,7,Furnished,"24/7 Security, Jogging Track, Landscaped Garden, Power Backup",11130000.0,6455.92,Modern (4-10 yrs),2.77
Whitefield,1003,2,2,0,Unfurnished,"Children's Play Area, Clubhouse, Intercom, Power Backup",4650000.0,4636.09,New (0-3 yrs),2.86
Koramangala,1047,2,2,14,Semi-Furnished,"Power Backup, Swimming Pool",11030000.0,10534.86,Established (11-20 yrs),2.05
Hebbal,1592,3,3,4,Semi-Furnished,"24/7 Security, Power Backup, Swimming Pool, Tennis Court",11590000.0,7280.15,Modern (4-10 yrs),4.02
Yelahanka,3100,5,4,1,Semi-Furnished,"24/7 Security, Clubhouse, Intercom, Swimming Pool",20950000.0,6758.06,New (0-3 yrs),3.57
Malleshwaram,1865,3,2,5,Semi-Furnished,"Clubhouse, High-Speed Elevators, Jogging Track, Swimming Pool",19340000.0,10369.97,Modern (4-10 yrs),3.84
Sarjapur Road,905,2,2,20,Semi-Furnished,"24/7 Security, Children's Play Area, Clubhouse, High-Speed Elevators, Intercom, Swimming Pool, Tennis Court",5200000.0,5745.86,Established (11-20 yrs),6.34
Indiranagar,1567,3,2,1,Furnished,"High-Speed Elevators, Jogging Track, Swimming Pool",19630000.0,12527.12,New (0-3 yrs),2.77
HSR Layout,1428,3,2,4,Unfurnished,"Gym, Power Backup, Swimming Pool",11540000.0,8081.23,Modern (4-10 yrs),2.95
Whitefield,894,2,2,1,Unfurnished,"24/7 Security, Intercom, Power Backup",4720000.0,5279.64,New (0-3 yrs),1.88
Rajajinagar,1794,3,3,6,Furnished,"Gym, Intercom, Swimming Pool",14810000.0,8255.3,Modern (4-10 yrs),2.68
Whitefield,700,1,1,3,Unfurnished,"24/7 Security, Covered Parking, Gym, Landscaped Garden, Swimming Pool",3670000.0,5242.86,New (0-3 yrs),4.46
Electronic City,1477,3,3,7,Semi-Furnished,"24/7 Security, Clubhouse, Gym, Landscaped Garden, Power Backup, Swimming Pool, Tennis Court",7550000.0,5111.71,Modern (4-10 yrs),6.79
Koramangala,1194,2,2,2,Semi-Furnished,"Gym, Landscaped Garden, Tennis Court",14840000.0,12428.81,New (0-3 yrs),2.95
Whitefield,1540,3,2,7,Unfurnished,"Children's Play Area, Clubhouse, Covered Parking, Gym, Jogging Track",7290000.0,4733.77,Modern (4-10 yrs),3.84
Thanisandra,452,1,1,4,Semi-Furnished,"24/7 Security, Covered Parking, Gym",2770000.0,6128.32,Modern (4-10 yrs),2.32
Sarjapur Road,760,1,1,4,Semi-Furnished,"Clubhouse, Covered Parking, Gym, Jogging Track, Landscaped Garden, Swimming Pool, Tennis Court",5390000.0,7092.11,Modern (4-10 yrs),6.61
Bellandur,2296,4,3,5,Semi-Furnished,"Covered Parking, Intercom, Jogging Track",18080000.0,7874.56,Modern (4-10 yrs),1.7
Whitefield,585,1,1,0,Semi-Furnished,"Children's Play Area, Landscaped Garden, Power Backup, Tennis Court",2960000.0,5059.83,New (0-3 yrs),3.39
Whitefield,660,1,1,0,Semi-Furnished,"Children's Play Area, Landscaped Garden",3580000.0,5424.24,New (0-3 yrs),1.43
Koramangala,965,2,2,1,Semi-Furnished,"Children's Play Area, Clubhouse, Jogging Track, Swimming Pool",10340000.0,10715.03,New (0-3 yrs),3.57
Jayanagar,1685,3,2,5,Unfurnished,"24/7 Security, Children's Play Area, Clubhouse, High-Speed Elevators, Landscaped Garden",17720000.0,10516.32,Modern (4-10 yrs),4.11
Thanisandra,4119,5,5,3,Unfurnished,"Clubhouse, High-Speed Elevators, Landscaped Garden, Swimming Pool, Tennis Court",28360000.0,6885.17,New (0-3 yrs),5.36
Bellandur,1309,2,2,15,Semi-Furnished,"24/7 Security, Covered Parking, High-Speed Elevators, Landscaped Garden, Power Backup, Swimming Pool",10010000.0,7647.06,Established (11-20 yrs),5.18
HSR Layout,1660,3,3,0,Unfurnished,"24/7 Security, Clubhouse, Covered Parking, Power Backup",18230000.0,10981.93,New (0-3 yrs),3.21
Yelahanka,1110,2,2,4,Unfurnished,"Covered Parking, Gym, Power Backup, Swimming Pool",6250000.0,5630.63,Modern (4-10 yrs),3.66
Whitefield,1363,3,3,2,Furnished,"24/7 Security, Clubhouse, Intercom, Tennis Court",8640000.0,6338.96,New (0-3 yrs),3.48
Rajajinagar,1037,2,2,16,Furnished,"24/7 Security, Gym, High-Speed Elevators, Intercom, Jogging Track, Landscaped Garden",9080000.0,8756.03,Established (11-20 yrs),4.29
Rajajinagar,1805,3,2,0,Semi-Furnished,"Gym, High-Speed Elevators, Jogging Track",19850000.0,10997.23,New (0-3 yrs),2.32
Thanisandra,1013,2,1,10,Furnished,"24/7 Security, Clubhouse, Covered Parking, Tennis Court",6170000.0,6090.82,Modern (4-10 yrs),3.75
Koramangala,872,2,1,2,Semi-Furnished,"Covered Parking, Jogging Track, Landscaped Garden, Swimming Pool",10860000.0,12454.13,New (0-3 yrs),3.39
Banashankari,570,1,1,3,Semi-Furnished,"24/7 Security, Children's Play Area, Covered Parking, Gym, Jogging Track, Landscaped Garden, Tennis Court",3060000.0,5368.42,New (0-3 yrs),5.54
Sarjapur Road,1810,3,3,4,Semi-Furnished,"Covered Parking, Tennis Court",14200000.0,7845.3,Modern (4-10 yrs),1.96
HSR Layout,1824,3,3,0,Semi-Furnished,"Clubhouse, Covered Parking, Power Backup, Swimming Pool",21360000.0,11710.53,New (0-3 yrs),3.84
Sarjapur Road,1127,2,2,2,Semi-Furnished,"Gym, Intercom, Jogging Track, Power Backup",7830000.0,6947.65,New (0-3 yrs),2.59
Electronic City,2562,4,4,2,Furnished,"Clubhouse, Tennis Court",13240000.0,5167.84,New (0-3 yrs),2.32
Sarjapur Road,1329,2,2,0,Semi-Furnished,"24/7 Security, Gym, High-Speed Elevators, Landscaped Garden",9530000.0,7170.81,New (0-3 yrs),3.3
Indiranagar,1102,2,2,6,Unfurnished,"24/7 Security, Children's Play Area, Clubhouse, High-Speed Elevators, Intercom, Power Backup",11710000.0,10626.13,Modern (4-10 yrs),4.46
Marathahalli,1681,3,2,0,Semi-Furnished,"24/7 Security, Clubhouse, Intercom, Jogging Track, Power Backup",11030000.0,6561.57,New (0-3 yrs),3.48
Malleshwaram,1028,2,2,1,Semi-Furnished,"Children's Play Area, Clubhouse, Landscaped Garden, Swimming Pool, Tennis Court",12860000.0,12509.73,New (0-3 yrs),5.09
Hebbal,450,1,1,4,Semi-Furnished,"Children's Play Area, High-Speed Elevators, Intercom",3380000.0,7511.11,Modern (4-10 yrs),1.96
HSR Layout,1402,3,2,10,Furnished,"High-Speed Elevators, Landscaped Garden",13630000.0,9721.83,Modern (4-10 yrs),1.7
Electronic City,803,2,2,16,Semi-Furnished,"Clubhouse, Covered Parking, High-Speed Elevators, Tennis Court",3390000.0,4221.67,Established (11-20 yrs),3.93
Thanisandra,1631,3,2,10,Semi-Furnished,"24/7 Security, Clubhouse, Covered Parking, High-Speed Elevators, Intercom, Jogging Track, Power Backup, Swimming Pool, Tennis Court",11230000.0,6885.35,Modern (4-10 yrs),7.68
Whitefield,1799,3,3,2,Unfurnished,"24/7 Security, Covered Parking, Gym, High-Speed Elevators, Intercom, Jogging Track, Landscaped Garden, Power Backup, Swimming Pool",10880000.0,6047.8,New (0-3 yrs),7.05
Hebbal,1900,3,3,1,Furnished,"24/7 Security, High-Speed Elevators, Intercom, Jogging Track, Swimming Pool, Tennis Court",19720000.0,10378.95,New (0-3 yrs),5.18
Koramangala,1108,2,2,4,Semi-Furnished,"Children's Play Area, Gym, High-Speed Elevators",10460000.0,9440.43,Modern (4-10 yrs),2.41
Jayanagar,1408,3,3,12,Unfurnished,"High-Speed Elevators, Landscaped Garden, Power Backup",14900000.0,10582.39,Established (11-20 yrs),2.41
HSR Layout,532,1,1,5,Semi-Furnished,"24/7 Security, Covered Parking, Swimming Pool",4630000.0,8703.01,Modern (4-10 yrs),2.77
Whitefield,450,1,1,8,Semi-Furnished,"Children's Play Area, Jogging Track, Swimming Pool, Tennis Court",2400000.0,5333.33,Modern (4-10 yrs),3.75
Sarjapur Road,1123,2,2,2,Semi-Furnished,"24/7 Security, High-Speed Elevators, Intercom, Power Backup",7720000.0,6874.44,New (0-3 yrs),2.77
Whitefield,2023,3,3,11,Semi-Furnished,"24/7 Security, Children's Play Area, Clubhouse, Covered Parking, Gym, Intercom, Jogging Track, Tennis Court",10090000.0,4987.64,Established (11-20 yrs),6.25
Koramangala,1709,3,3,1,Unfurnished,"24/7 Security, Covered Parking, High-Speed Elevators, Intercom, Landscaped Garden, Swimming Pool, Tennis Court",20610000.0,12059.68,New (0-3 yrs),6.16
Yelahanka,1419,3,2,5,Semi-Furnished,"24/7 Security, Children's Play Area, Covered Parking, High-Speed Elevators, Intercom, Jogging Track, Landscaped Garden, Power Backup, Tennis Court",9720000.0,6849.89,Modern (4-10 yrs),6.7
Bellandur,1668,3,3,5,Semi-Furnished,"24/7 Security, Children's Play Area, Clubhouse, Gym, High-Speed Elevators",13050000.0,7823.74,Modern (4-10 yrs),4.2
Yelahanka,1710,3,3,2,Semi-Furnished,"Children's Play Area, Clubhouse, Swimming Pool, Tennis Court",9790000.0,5725.15,New (0-3 yrs),4.29
Koramangala,960,2,2,2,Semi-Furnished,"24/7 Security, Clubhouse, Covered Parking, Gym, Intercom, Jogging Track, Landscaped Garden, Swimming Pool",13740000.0,14312.5,New (0-3 yrs),6.52
Whitefield,2100,4,4,3,Semi-Furnished,"Covered Parking, Gym, Landscaped Garden, Swimming Pool",13850000.0,6595.24,New (0-3 yrs),3.75
Indiranagar,995,2,1,5,Semi-Furnished,"Clubhouse, Jogging Track, Landscaped Garden, Power Backup, Swimming Pool, Tennis Court",11900000.0,11959.8,Modern (4-10 yrs),5.71
Malleshwaram,696,1,1,1,Furnished,"Children's Play Area, Clubhouse, Gym, Power Backup, Swimming Pool, Tennis Court",7470000.0,10732.76,New (0-3 yrs),5.89
Sarjapur Road,1878,3,2,20,Unfurnished,"Clubhouse, Covered Parking, High-Speed Elevators, Jogging Track, Power Backup, Swimming Pool, Tennis Court",11690000.0,6224.71,Established (11-20 yrs),6.52
Bellandur,1239,2,2,1,Semi-Furnished,"Clubhouse, Intercom, Jogging Track, Landscaped Garden, Swimming Pool",8150000.0,6577.89,New (0-3 yrs),4.2
Electronic City,1433,3,3,0,Unfurnished,"Covered Parking, High-Speed Elevators, Intercom, Jogging Track",6320000.0,4410.33,New (0-3 yrs),2.59
Bellandur,1226,2,2,2,Unfurnished,"Children's Play Area, Clubhouse, Covered Parking, High-Speed Elevators, Jogging Track, Landscaped Garden, Swimming Pool, Tennis Court",8750000.0,7137.03,New (0-3 yrs),7.23
Marathahalli,1241,2,2,1,Unfurnished,"24/7 Security, Children's Play Area, Clubhouse, Gym, High-Speed Elevators, Intercom, Landscaped Garden, Swimming Pool",7710000.0,6212.73,New (0-3 yrs),6.79
Whitefield,1032,2,1,10,Furnished,"Children's Play Area, Clubhouse, Intercom, Landscaped Garden, Swimming Pool",5400000.0,5232.56,Modern (4-10 yrs),4.29
Marathahalli,1616,3,2,5,Semi-Furnished,"24/7 Security, Clubhouse, Power Backup",9770000.0,6045.79,Modern (4-10 yrs),2.5
Indiranagar,1307,3,3,2,Semi-Furnished,"24/7 Security, Children's Play Area, Covered Parking, Gym, Intercom, Jogging Track, Power Backup, Tennis Court",20390000.0,15600.61,New (0-3 yrs),5.89
Whitefield,1569,3,3,1,Semi-Furnished,"Children's Play Area, Covered Parking, Intercom, Power Backup, Swimming Pool",8960000.0,5710.64,New (0-3 yrs),3.84
Malleshwaram,1836,3,3,26,Semi-Furnished,"Clubhouse, Gym, High-Speed Elevators, Intercom, Jogging Track, Landscaped Garden, Power Backup, Tennis Court",14150000.0,7706.97,Old (20+ yrs),6.61
Marathahalli,1198,2,2,22,Semi-Furnished,"Children's Play Area, Clubhouse, Gym, High-Speed Elevators, Intercom",6300000.0,5258.76,Old (20+ yrs),3.93
Whitefield,584,1,1,7,Semi-Furnished,"24/7 Security, Children's Play Area, Clubhouse, Intercom, Power Backup, Swimming Pool",3310000.0,5667.81,Modern (4-10 yrs),4.91
Marathahalli,1300,3,2,9,Semi-Furnished,"Clubhouse, Intercom, Jogging Track, Landscaped Garden, Power Backup",7400000.0,5692.31,Modern (4-10 yrs),3.57
Rajajinagar,1822,3,2,4,Semi-Furnished,"Children's Play Area, Clubhouse, Gym, High-Speed Elevators, Landscaped Garden",18930000.0,10389.68,Modern (4-10 yrs),4.29
Rajajinagar,1159,2,2,13,Unfurnished,"Covered Parking, High-Speed Elevators, Power Backup, Swimming Pool",10630000.0,9171.7,Established (11-20 yrs),3.66
HSR Layout,1794,3,3,1,Semi-Furnished,"Gym, Swimming Pool",16840000.0,9386.85,New (0-3 yrs),2.23
Whitefield,800,2,2,1,Semi-Furnished,"Clubhouse, Jogging Track, Landscaped Garden, Swimming Pool",4420000.0,5525.0,New (0-3 yrs),3.75
Bellandur,562,1,1,0,Furnished,"24/7 Security, Gym, High-Speed Elevators, Jogging Track, Power Backup",3980000.0,7081.85,New (0-3 yrs),3.75
Jayanagar,1015,2,2,1,Furnished,"Children's Play Area, Clubhouse, Jogging Track",12850000.0,12660.1,New (0-3 yrs),2.23
Electronic City,742,1,1,3,Semi-Furnished,"Covered Parking, High-Speed Elevators, Intercom, Power Backup, Swimming Pool",3470000.0,4676.55,New (0-3 yrs),4.11
HSR Layout,1676,3,3,0,Furnished,"Covered Parking, Gym, High-Speed Elevators, Intercom, Power Backup, Tennis Court",19000000.0,11336.52,New (0-3 yrs),4.91
HSR Layout,1132,2,2,8,Semi-Furnished,"Children's Play Area, Gym, Jogging Track, Landscaped Garden, Swimming Pool, Tennis Court",9980000.0,8816.25,Modern (4-10 yrs),5.45
Indiranagar,2100,4,3,1,Semi-Furnished,"24/7 Security, Clubhouse, Intercom",28230000.0,13442.86,New (0-3 yrs),2.23
Rajajinagar,697,1,1,1,Semi-Furnished,"24/7 Security, Gym, High-Speed Elevators, Intercom, Power Backup",7410000.0,10631.28,New (0-3 yrs),3.66
Koramangala,918,2,2,3,Furnished,"Gym, Intercom, Landscaped Garden",12380000.0,13485.84,New (0-3 yrs),2.14
Koramangala,617,1,1,1,Semi-Furnished,"24/7 Security, Children's Play Area, Clubhouse, High-Speed Elevators, Jogging Track",6620000.0,10729.34,New (0-3 yrs),3.84
Electronic City,1055,2,2,23,Unfurnished,"24/7 Security, High-Speed Elevators, Intercom",4300000.0,4075.83,Old (20+ yrs),2.05
Hebbal,961,2,2,9,Furnished,"24/7 Security, Children's Play Area, Clubhouse, Jogging Track, Swimming Pool",7880000.0,8199.79,Modern (4-10 yrs),4.29
Electronic City,1854,3,3,1,Unfurnished,"Clubhouse, Gym, Power Backup, Swimming Pool",9660000.0,5210.36,New (0-3 yrs),4.02
Marathahalli,1300,3,3,11,Semi-Furnished,"Clubhouse, Gym, High-Speed Elevators, Jogging Track, Landscaped Garden",8060000.0,6200.0,Established (11-20 yrs),4.2
Electronic City,1217,2,2,4,Furnished,"Covered Parking, High-Speed Elevators, Power Backup, Swimming Pool",6780000.0,5571.08,Modern (4-10 yrs),3.66
Hebbal,2208,4,3,7,Semi-Furnished,"24/7 Security, Covered Parking, Power Backup, Swimming Pool",20120000.0,9112.32,Modern (4-10 yrs),3.48
HSR Layout,569,1,1,0,Semi-Furnished,"Children's Play Area, Intercom, Landscaped Garden",5480000.0,9630.93,New (0-3 yrs),1.88
Marathahalli,1012,2,2,6,Furnished,"Covered Parking, High-Speed Elevators, Jogging Track, Power Backup, Swimming Pool",6230000.0,6156.13,Modern (4-10 yrs),4.2
Bellandur,1274,2,2,7,Semi-Furnished,"Jogging Track, Landscaped Garden",9430000.0,7401.88,Modern (4-10 yrs),1.34
Electronic City,1028,2,2,8,Unfurnished,"24/7 Security, Children's Play Area, Clubhouse, Jogging Track",4560000.0,4435.8,Modern (4-10 yrs),2.95
Jayanagar,2583,4,4,1,Semi-Furnished,"24/7 Security, Children's Play Area, Clubhouse, Power Backup, Tennis Court",32030000.0,12400.31,New (0-3 yrs),4.38
Sarjapur Road,1356,2,2,16,Semi-Furnished,"Clubhouse, Power Backup, Tennis Court",8090000.0,5966.08,Established (11-20 yrs),3.04
Indiranagar,1120,2,1,3,Semi-Furnished,"Children's Play Area, Gym, Tennis Court",15460000.0,13803.57,New (0-3 yrs),2.77
Hebbal,2057,3,2,3,Unfurnished,"Children's Play Area, Clubhouse, Gym, Power Backup",20240000.0,9839.57,New (0-3 yrs),3.3
Electronic City,2436,4,3,1,Furnished,"24/7 Security, Clubhouse, Gym, High-Speed Elevators, Intercom, Landscaped Garden, Power Backup",13290000.0,5455.67,New (0-3 yrs),5.54
Sarjapur Road,1041,2,1,0,Furnished,"Gym, High-Speed Elevators, Power Backup",6750000.0,6484.15,New (0-3 yrs),2.5
Koramangala,1084,2,2,0,Semi-Furnished,"Children's Play Area, High-Speed Elevators, Landscaped Garden, Power Backup, Swimming Pool, Tennis Court",13990000.0,12905.9,New (0-3 yrs),5.62
HSR Layout,1022,2,2,4,Semi-Furnished,"24/7 Security, Covered Parking, Jogging Track, Power Backup",8680000.0,8493.15,Modern (4-10 yrs),2.68
Whitefield,611,1,1,5,Unfurnished,"High-Speed Elevators, Intercom, Swimming Pool",2770000.0,4533.55,Modern (4-10 yrs),2.68
Yelahanka,2509,4,3,9,Semi-Furnished,"24/7 Security, Gym, High-Speed Elevators, Landscaped Garden, Power Backup, Tennis Court",15670000.0,6245.52,Modern (4-10 yrs),5.27
Banashankari,1611,3,3,4,Semi-Furnished,"Gym, Tennis Court",10550000.0,6548.73,Modern (4-10 yrs),2.14
Jayanagar,1187,2,2,5,Furnished,"24/7 Security, Covered Parking, Intercom, Tennis Court",14870000.0,12527.38,Modern (4-10 yrs),3.12
Koramangala,1102,2,1,7,Unfurnished,"24/7 Security, High-Speed Elevators, Jogging Track",13090000.0,11878.4,Modern (4-10 yrs),2.14
Hebbal,603,1,1,1,Unfurnished,"Children's Play Area, Intercom, Jogging Track, Power Backup, Swimming Pool, Tennis Court",4370000.0,7247.1,New (0-3 yrs),4.91
Bellandur,686,1,1,15,Semi-Furnished,"Clubhouse, Gym, High-Speed Elevators, Jogging Track, Swimming Pool, Tennis Court",4610000.0,6720.12,Established (11-20 yrs),5.98
HSR Layout,1111,2,2,8,Unfurnished,"Children's Play Area, Clubhouse, Landscaped Garden",8530000.0,7677.77,Modern (4-10 yrs),2.5
Sarjapur Road,1633,3,3,2,Semi-Furnished,"Covered Parking, Intercom, Swimming Pool",11320000.0,6932.03,New (0-3 yrs),2.5
Indiranagar,1431,3,3,7,Semi-Furnished,"Children's Play Area, Covered Parking, High-Speed Elevators, Jogging Track, Swimming Pool, Tennis Court",19210000.0,13424.18,Modern (4-10 yrs),5.36
Thanisandra,1104,2,2,2,Unfurnished,"Covered Parking, High-Speed Elevators, Intercom, Landscaped Garden",6290000.0,5697.46,New (0-3 yrs),2.86
HSR Layout,878,2,2,2,Semi-Furnished,"Intercom, Power Backup, Tennis Court",8300000.0,9453.3,New (0-3 yrs),2.41
Hebbal,2576,4,4,8,Semi-Furnished,"24/7 Security, High-Speed Elevators, Landscaped Garden",20180000.0,7833.85,Modern (4-10 yrs),2.41
Hebbal,2284,3,3,18,Unfurnished,"24/7 Security, Children's Play Area, Covered Parking, High-Speed Elevators, Jogging Track, Landscaped Garden, Power Backup, Swimming Pool, Tennis Court",18480000.0,8091.07,Established (11-20 yrs),7.59
Yelahanka,522,1,1,16,Unfurnished,"Clubhouse, Gym, High-Speed Elevators, Jogging Track, Landscaped Garden, Power Backup, Tennis Court",2810000.0,5383.14,Established (11-20 yrs),6.16
Marathahalli,585,1,1,3,Unfurnished,"Clubhouse, Gym, Jogging Track, Swimming Pool, Tennis Court",3590000.0,6136.75,New (0-3 yrs),5.09
Whitefield,1582,3,2,4,Furnished,"24/7 Security, Children's Play Area, Clubhouse, Gym, Intercom, Jogging Track, Swimming Pool",9620000.0,6080.91,Modern (4-10 yrs),5.62
Indiranagar,1500,3,3,20,Semi-Furnished,"Children's Play Area, Clubhouse, Covered Parking, Gym, Intercom, Landscaped Garden, Swimming Pool, Tennis Court",15350000.0,10233.33,Established (11-20 yrs),7.14
Thanisandra,1042,2,2,2,Semi-Furnished,"24/7 Security, Landscaped Garden, Power Backup, Tennis Court",6470000.0,6209.21,New (0-3 yrs),3.48
Indiranagar,1678,3,3,3,Semi-Furnished,"24/7 Security, Covered Parking, Intercom, Landscaped Garden, Tennis Court",22080000.0,13158.52,New (0-3 yrs),3.93
Whitefield,933,2,1,4,Semi-Furnished,"Clubhouse, Gym, High-Speed Elevators, Intercom, Landscaped Garden, Power Backup",5120000.0,5487.67,Modern (4-10 yrs),4.82
Hebbal,922,2,1,0,Semi-Furnished,"Children's Play Area, Clubhouse, High-Speed Elevators, Jogging Track, Landscaped Garden",8060000.0,8741.87,New (0-3 yrs),3.93
Electronic City,1688,3,3,1,Unfurnished,"Clubhouse, Covered Parking, Intercom, Tennis Court",8050000.0,4768.96,New (0-3 yrs),3.48
Yelahanka,2545,4,4,12,Furnished,"24/7 Security, Landscaped Garden, Power Backup",18520000.0,7277.01,Established (11-20 yrs),2.23
Koramangala,1670,3,3,2,Semi-Furnished,"Gym, Intercom, Swimming Pool, Tennis Court",22720000.0,13604.79,New (0-3 yrs),3.93
Bellandur,1300,3,2,3,Furnished,"24/7 Security, Children's Play Area, High-Speed Elevators, Intercom, Power Backup",10830000.0,8330.77,New (0-3 yrs),3.39
Sarjapur Road,1076,2,1,0,Semi-Furnished,"24/7 Security, Clubhouse, Covered Parking, High-Speed Elevators, Landscaped Garden, Power Backup, Swimming Pool, Tennis Court",8820000.0,8197.03,New (0-3 yrs),7.5
Electronic City,2252,4,4,10,Unfurnished,"Gym, Intercom, Swimming Pool",10300000.0,4573.71,Modern (4-10 yrs),2.68
Whitefield,2579,4,4,3,Unfurnished,"Children's Play Area, Clubhouse, High-Speed Elevators, Intercom, Swimming Pool",14990000.0,5812.33,New (0-3 yrs),4.38
Marathahalli,1071,2,2,12,Semi-Furnished,"High-Speed Elevators, Landscaped Garden, Power Backup, Swimming Pool, Tennis Court",6310000.0,5891.69,Established (11-20 yrs),5.0
Electronic City,1207,2,2,1,Furnished,"Clubhouse, High-Speed Elevators, Tennis Court",5260000.0,4357.91,New (0-3 yrs),3.21
Malleshwaram,1748,3,2,0,Semi-Furnished,"Clubhouse, High-Speed Elevators",23260000.0,13306.64,New (0-3 yrs),1.96
Indiranagar,1233,2,2,5,Furnished,"Clubhouse, Power Backup, Swimming Pool",16100000.0,13057.58,Modern (4-10 yrs),3.12
Marathahalli,1801,3,3,0,Semi-Furnished,"High-Speed Elevators, Jogging Track, Swimming Pool, Tennis Court",14390000.0,7990.01,New (0-3 yrs),4.02
Sarjapur Road,1566,3,2,1,Semi-Furnished,"Children's Play Area, Clubhouse, Covered Parking, Gym, Tennis Court",12610000.0,8052.36,New (0-3 yrs),4.55
Electronic City,1144,2,2,16,Unfurnished,"24/7 Security, Clubhouse, High-Speed Elevators, Intercom, Power Backup, Swimming Pool",4950000.0,4326.92,Established (11-20 yrs),5.18
Indiranagar,1024,2,2,11,Semi-Furnished,"24/7 Security, Gym, High-Speed Elevators, Swimming Pool",13570000.0,13251.95,Established (11-20 yrs),3.84
Bellandur,1355,3,3,1,Semi-Furnished,"Covered Parking, Power Backup",11730000.0,8656.83,New (0-3 yrs),1.43
Bellandur,1308,2,1,4,Semi-Furnished,"24/7 Security, High-Speed Elevators, Intercom",9860000.0,7538.23,Modern (4-10 yrs),2.05
Sarjapur Road,1108,2,2,0,Semi-Furnished,"Children's Play Area, High-Speed Elevators, Landscaped Garden",7080000.0,6389.89,New (0-3 yrs),2.32
Whitefield,1556,3,3,21,Furnished,"Jogging Track, Landscaped Garden, Power Backup, Swimming Pool",9300000.0,5976.86,Old (20+ yrs),3.39
Electronic City,1300,3,3,4,Semi-Furnished,"Children's Play Area, Intercom, Tennis Court",5940000.0,4569.23,Modern (4-10 yrs),2.32
Whitefield,2060,3,3,3,Furnished,"Clubhouse, Gym, Landscaped Garden, Power Backup, Swimming Pool, Tennis Court",14560000.0,7067.96,New (0-3 yrs),6.07
Bellandur,1376,3,2,1,Unfurnished,"Clubhouse, Gym, Landscaped Garden, Power Backup, Swimming Pool, Tennis Court",10800000.0,7848.84,New (0-3 yrs),6.07
Marathahalli,845,2,2,1,Semi-Furnished,"24/7 Security, Children's Play Area, Clubhouse, Gym, High-Speed Elevators, Intercom, Power Backup, Swimming Pool",5900000.0,6982.25,New (0-3 yrs),6.7
Malleshwaram,1614,3,3,3,Semi-Furnished,"Children's Play Area, Intercom",17670000.0,10947.96,New (0-3 yrs),1.07
Banashankari,2425,4,4,0,Semi-Furnished,"Clubhouse, High-Speed Elevators, Jogging Track",17660000.0,7282.47,New (0-3 yrs),2.5
Banashankari,1726,3,2,8,Furnished,"Covered Parking, Gym, High-Speed Elevators, Power Backup",13380000.0,7752.03,Modern (4-10 yrs),3.21
Hebbal,1021,2,2,12,Unfurnished,"Clubhouse, Intercom, Landscaped Garden, Power Backup, Tennis Court",7810000.0,7649.36,Established (11-20 yrs),4.29
Yelahanka,1481,3,3,4,Furnished,"Gym, Intercom, Jogging Track, Swimming Pool",9280000.0,6266.04,Modern (4-10 yrs),3.21
Thanisandra,955,2,2,2,Unfurnished,"Children's Play Area, Clubhouse, Intercom, Jogging Track, Tennis Court",6010000.0,6293.19,New (0-3 yrs),3.93
Thanisandra,2169,4,4,10,Furnished,"24/7 Security, Children's Play Area, Clubhouse, High-Speed Elevators, Intercom, Jogging Track, Power Backup, Swimming Pool",14170000.0,6532.96,Modern (4-10 yrs),6.34
Whitefield,2777,4,4,6,Semi-Furnished,"Children's Play Area, Clubhouse, Landscaped Garden, Power Backup, Tennis Court",16020000.0,5768.82,Modern (4-10 yrs),4.46
Electronic City,2677,4,3,28,Unfurnished,"High-Speed Elevators, Landscaped Garden",10310000.0,3851.33,Old (20+ yrs),1.7
Banashankari,1183,2,2,0,Furnished,"24/7 Security, Clubhouse, Covered Parking, Gym, High-Speed Elevators, Tennis Court",9830000.0,8309.38,New (0-3 yrs),5.54
HSR Layout,3091,4,4,27,Semi-Furnished,"Children's Play Area, Gym, Intercom, Jogging Track, Tennis Court",27960000.0,9045.62,Old (20+ yrs),3.75
Marathahalli,2343,4,4,4,Unfurnished,"Covered Parking, Intercom, Power Backup, Swimming Pool",17380000.0,7417.84,Modern (4-10 yrs),3.21
Whitefield,1044,2,2,2,Furnished,"24/7 Security, Clubhouse, Gym, Intercom, Jogging Track",6500000.0,6226.05,New (0-3 yrs),3.66
Koramangala,1956,3,3,28,Semi-Furnished,"24/7 Security, Clubhouse, Landscaped Garden, Swimming Pool",17520000.0,8957.06,Old (20+ yrs),3.93
Yelahanka,1282,2,2,6,Unfurnished,"High-Speed Elevators, Jogging Track, Swimming Pool, Tennis Court",7320000.0,5709.83,Modern (4-10 yrs),4.02
Electronic City,1329,2,2,1,Semi-Furnished,"24/7 Security, Jogging Track, Power Backup",7350000.0,5530.47,New (0-3 yrs),1.96
Jayanagar,1610,3,2,4,Semi-Furnished,"24/7 Security, Covered Parking, High-Speed Elevators, Landscaped Garden, Swimming Pool",18390000.0,11422.36,Modern (4-10 yrs),4.46
Jayanagar,1629,3,2,1,Furnished,"Clubhouse, Covered Parking, Intercom",17400000.0,10681.4,New (0-3 yrs),2.23
Hebbal,1901,3,2,5,Semi-Furnished,"Covered Parking, High-Speed Elevators, Swimming Pool, Tennis Court",14980000.0,7880.06,Modern (4-10 yrs),4.2
Whitefield,2375,4,4,7,Unfurnished,"24/7 Security, High-Speed Elevators, Jogging Track",12720000.0,5355.79,Modern (4-10 yrs),2.14
HSR Layout,1642,3,3,3,Furnished,"24/7 Security, Children's Play Area, Jogging Track, Landscaped Garden, Power Backup, Swimming Pool",18970000.0,11552.98,New (0-3 yrs),4.73
Marathahalli,951,2,2,2,Unfurnished,"Children's Play Area, Covered Parking, Jogging Track, Power Backup, Tennis Court",5450000.0,5730.81,New (0-3 yrs),3.84
Electronic City,2695,4,4,8,Unfurnished,"Clubhouse, High-Speed Elevators, Jogging Track",13420000.0,4979.59,Modern (4-10 yrs),2.5
Jayanagar,579,1,1,11,Unfurnished,"24/7 Security, Clubhouse, Jogging Track, Tennis Court",5320000.0,9188.26,Established (11-20 yrs),3.57
Rajajinagar,2100,4,4,0,Furnished,"Gym, High-Speed Elevators",27910000.0,13290.48,New (0-3 yrs),1.79
Koramangala,1403,3,3,7,Semi-Furnished,"24/7 Security, Gym, Swimming Pool, Tennis Court",15150000.0,10798.29,Modern (4-10 yrs),4.2
Electronic City,1053,2,1,4,Semi-Furnished,"High-Speed Elevators, Jogging Track, Tennis Court",5370000.0,5099.72,Modern (4-10 yrs),2.68
Bellandur,1075,2,1,2,Semi-Furnished,"Children's Play Area, Clubhouse, Gym, Jogging Track, Tennis Court",8900000.0,8279.07,New (0-3 yrs),4.38
Hebbal,1414,2,2,1,Semi-Furnished,"Covered Parking, Landscaped Garden, Power Backup",10720000.0,7581.33,New (0-3 yrs),2.23
Jayanagar,1835,3,2,0,Furnished,"24/7 Security, Covered Parking, Gym, High-Speed Elevators, Jogging Track, Power Backup, Swimming Pool",25440000.0,13863.76,New (0-3 yrs),5.8
Koramangala,568,1,1,4,Semi-Furnished,"Covered Parking, Gym, High-Speed Elevators, Landscaped Garden, Power Backup, Swimming Pool, Tennis Court",5440000.0,9577.46,Modern (4-10 yrs),6.61
Electronic City,800,2,2,1,Semi-Furnished,"24/7 Security, Clubhouse, High-Speed Elevators, Intercom, Landscaped Garden, Swimming Pool, Tennis Court",4440000.0,5550.0,New (0-3 yrs),6.52
Indiranagar,3800,5,4,4,Unfurnished,"24/7 Security, Children's Play Area, Covered Parking, Gym, Jogging Track, Landscaped Garden, Swimming Pool",49600000.0,13052.63,Modern (4-10 yrs),5.62
Malleshwaram,1363,2,2,0,Semi-Furnished,"Children's Play Area, Clubhouse, Jogging Track",13280000.0,9743.21,New (0-3 yrs),2.23
Whitefield,1405,3,3,3,Furnished,"Children's Play Area, Clubhouse, High-Speed Elevators, Tennis Court",10110000.0,7195.73,New (0-3 yrs),3.84
Malleshwaram,811,2,2,12,Semi-Furnished,"Clubhouse, Gym, Jogging Track, Power Backup",7390000.0,9112.21,Established (11-20 yrs),3.21
HSR Layout,1271,2,2,6,Furnished,"Children's Play Area, Clubhouse, Intercom, Swimming Pool",10760000.0,8465.77,Modern (4-10 yrs),3.48
Indiranagar,1185,2,2,3,Unfurnished,"Children's Play Area, Swimming Pool, Tennis Court",13380000.0,11291.14,New (0-3 yrs),3.21
Sarjapur Road,1814,3,3,28,Unfurnished,"24/7 Security, Clubhouse, Intercom, Jogging Track, Power Backup",10590000.0,5837.93,Old (20+ yrs),3.48
Malleshwaram,1202,2,2,12,Semi-Furnished,"Children's Play Area, High-Speed Elevators, Jogging Track, Power Backup, Tennis Court",11250000.0,9359.4,Established (11-20 yrs),4.02
Hebbal,1078,2,2,6,Semi-Furnished,"24/7 Security, Covered Parking, Landscaped Garden",8840000.0,8200.37,Modern (4-10 yrs),2.23
Marathahalli,1810,3,3,4,Furnished,"Clubhouse, Covered Parking, Intercom, Jogging Track, Swimming Pool, Tennis Court",15140000.0,8364.64,Modern (4-10 yrs),5.36
Indiranagar,1141,2,2,7,Semi-Furnished,"Covered Parking, Jogging Track, Power Backup",13220000.0,11586.33,Modern (4-10 yrs),1.96
Electronic City,800,2,2,9,Furnished,"Children's Play Area, Clubhouse, Covered Parking, Gym, Jogging Track, Power Backup",4240000.0,5300.0,Modern (4-10 yrs),4.55
Sarjapur Road,2614,4,4,5,Semi-Furnished,"Intercom, Landscaped Garden, Tennis Court",20960000.0,8018.36,Modern (4-10 yrs),2.5
Whitefield,551,1,1,3,Furnished,"High-Speed Elevators, Jogging Track, Tennis Court",2750000.0,4990.93,New (0-3 yrs),2.68
Bellandur,1626,3,3,4,Furnished,"24/7 Security, Children's Play Area, Covered Parking, High-Speed Elevators, Tennis Court",13760000.0,8462.48,Modern (4-10 yrs),4.2
HSR Layout,1028,2,2,3,Furnished,"24/7 Security, Children's Play Area",10120000.0,9844.36,New (0-3 yrs),1.34
Bellandur,1927,3,2,11,Semi-Furnished,"Gym, Jogging Track, Power Backup, Swimming Pool, Tennis Court",15360000.0,7970.94,Established (11-20 yrs),4.73
Malleshwaram,782,1,1,3,Semi-Furnished,"Clubhouse, Covered Parking, Intercom, Landscaped Garden, Swimming Pool, Tennis Court",9430000.0,12058.82,New (0-3 yrs),5.62
Indiranagar,1544,3,3,6,Furnished,"Children's Play Area, Gym, Power Backup, Swimming Pool",19930000.0,12908.03,Modern (4-10 yrs),3.57
Indiranagar,1300,3,2,4,Semi-Furnished,"24/7 Security, Intercom, Landscaped Garden, Power Backup",14710000.0,11315.38,Modern (4-10 yrs),2.68
Rajajinagar,747,1,1,4,Furnished,"Jogging Track, Tennis Court",6520000.0,8728.25,Modern (4-10 yrs),1.79
Marathahalli,800,2,2,8,Unfurnished,"Children's Play Area, Covered Parking, Tennis Court",4620000.0,5775.0,Modern (4-10 yrs),2.59
Malleshwaram,800,2,2,4,Furnished,"24/7 Security, Gym, High-Speed Elevators, Intercom, Landscaped Garden, Tennis Court",8350000.0,10437.5,Modern (4-10 yrs),5.0
Koramangala,1126,2,2,14,Semi-Furnished,"Children's Play Area, High-Speed Elevators",13700000.0,12166.96,Established (11-20 yrs),1.52
Malleshwaram,1679,3,3,8,Unfurnished,"24/7 Security, Children's Play Area, Clubhouse, Jogging Track, Landscaped Garden, Tennis Court",18120000.0,10792.14,Modern (4-10 yrs),5.0
Whitefield,1307,2,2,1,Semi-Furnished,"Children's Play Area, Covered Parking, High-Speed Elevators, Jogging Track, Power Backup, Swimming Pool, Tennis Court",7400000.0,5661.82,New (0-3 yrs),6.07
Koramangala,1893,3,3,10,Semi-Furnished,"24/7 Security, Clubhouse, Covered Parking, Gym, Intercom, Swimming Pool",21290000.0,11246.7,Modern (4-10 yrs),5.18
Bellandur,1681,3,2,18,Unfurnished,"24/7 Security, Children's Play Area, Gym, Intercom, Jogging Track, Landscaped Garden, Power Backup, Swimming Pool",10950000.0,6513.98,Established (11-20 yrs),6.07
Jayanagar,1025,2,2,9,Unfurnished,"Children's Play Area, Clubhouse, Covered Parking, Gym, Jogging Track, Power Backup, Tennis Court",10400000.0,10146.34,Modern (4-10 yrs),5.8
Koramangala,594,1,1,10,Furnished,"Clubhouse, Covered Parking, High-Speed Elevators, Intercom, Landscaped Garden",5890000.0,9915.82,Modern (4-10 yrs),3.93
Yelahanka,628,1,1,6,Semi-Furnished,"24/7 Security, Children's Play Area, Covered Parking, High-Speed Elevators, Landscaped Garden, Power Backup",3750000.0,5971.34,Modern (4-10 yrs),4.46
Whitefield,1421,3,3,2,Furnished,"24/7 Security, Children's Play Area, Clubhouse, Gym, High-Speed Elevators, Intercom, Swimming Pool",9940000.0,6995.07,New (0-3 yrs),5.98
Electronic City,1300,3,2,14,Semi-Furnished,"24/7 Security, Children's Play Area, Jogging Track, Swimming Pool",5210000.0,4007.69,Established (11-20 yrs),3.21
Electronic City,1447,3,3,7,Semi-Furnished,"Gym, Landscaped Garden",7520000.0,5196.96,Modern (4-10 yrs),1.7
Bellandur,920,2,2,1,Furnished,"Gym, Tennis Court",7270000.0,7902.17,New (0-3 yrs),2.14
Marathahalli,1643,3,2,1,Semi-Furnished,"24/7 Security, Children's Play Area, Clubhouse, Jogging Track, Landscaped Garden, Power Backup, Swimming Pool, Tennis Court",12470000.0,7589.77,New (0-3 yrs),7.05
Indiranagar,653,1,1,0,Furnished,"High-Speed Elevators, Intercom, Jogging Track, Swimming Pool",7270000.0,11133.23,New (0-3 yrs),3.21
Whitefield,1195,2,2,2,Semi-Furnished,"24/7 Security, Intercom, Power Backup, Swimming Pool, Tennis Court",7280000.0,6092.05,New (0-3 yrs),4.46
Rajajinagar,937,2,2,3,Semi-Furnished,"24/7 Security, Children's Play Area, Clubhouse, Covered Parking, High-Speed Elevators, Intercom, Jogging Track, Landscaped Garden, Tennis Court",9950000.0,10619.0,New (0-3 yrs),7.05
Rajajinagar,564,1,1,3,Semi-Furnished,"Gym, Jogging Track, Landscaped Garden, Swimming Pool",5030000.0,8918.44,New (0-3 yrs),3.57
Rajajinagar,570,1,1,0,Furnished,"24/7 Security, Children's Play Area, High-Speed Elevators, Intercom",5650000.0,9912.28,New (0-3 yrs),2.68
Electronic City,575,1,1,11,Furnished,"Children's Play Area, Covered Parking, Gym, Power Backup",2590000.0,4504.35,Established (11-20 yrs),2.95
HSR Layout,1820,3,3,20,Semi-Furnished,"Children's Play Area, Covered Parking, Gym, High-Speed Elevators, Intercom, Jogging Track, Swimming Pool",15500000.0,8516.48,Established (11-20 yrs),5.45
Koramangala,576,1,1,2,Furnished,"24/7 Security, Clubhouse, Landscaped Garden, Power Backup",7340000.0,12743.06,New (0-3 yrs),3.3
Sarjapur Road,1100,2,2,5,Semi-Furnished,"Clubhouse, Jogging Track, Tennis Court",7660000.0,6963.64,Modern (4-10 yrs),2.86
Jayanagar,1084,2,2,13,Semi-Furnished,"Clubhouse, High-Speed Elevators, Power Backup, Swimming Pool",9760000.0,9003.69,Established (11-20 yrs),4.02
Electronic City,1618,3,2,9,Semi-Furnished,"Gym, Landscaped Garden, Power Backup",8280000.0,5117.43,Modern (4-10 yrs),2.41
Bellandur,1705,3,3,13,Furnished,"24/7 Security, Children's Play Area, Covered Parking, Landscaped Garden, Power Backup, Tennis Court",14060000.0,8246.33,Established (11-20 yrs),4.82
Hebbal,994,2,1,9,Furnished,"Clubhouse, Covered Parking, Gym, High-Speed Elevators, Intercom, Jogging Track, Swimming Pool",8600000.0,8651.91,Modern (4-10 yrs),5.89
HSR Layout,1311,2,2,0,Semi-Furnished,"24/7 Security, Covered Parking, Gym, High-Speed Elevators",11400000.0,8695.65,New (0-3 yrs),3.21
Electronic City,1505,3,2,9,Unfurnished,"Children's Play Area, Covered Parking, Gym",7530000.0,5003.32,Modern (4-10 yrs),2.23
Malleshwaram,1000,2,2,8,Furnished,"High-Speed Elevators, Intercom, Jogging Track",10830000.0,10830.0,Modern (4-10 yrs),1.88
Electronic City,1267,2,2,0,Unfurnished,"24/7 Security, Children's Play Area, High-Speed Elevators, Intercom, Jogging Track, Landscaped Garden, Swimming Pool",6140000.0,4846.09,New (0-3 yrs),5.36
Koramangala,910,2,2,6,Furnished,"Children's Play Area, Intercom, Jogging Track",11510000.0,12648.35,Modern (4-10 yrs),1.61
Sarjapur Road,1230,2,2,3,Furnished,"Clubhouse, Covered Parking, Landscaped Garden",8700000.0,7073.17,New (0-3 yrs),2.59
Electronic City,1121,2,1,8,Unfurnished,"Children's Play Area, Clubhouse, Covered Parking, Gym, Intercom, Jogging Track, Landscaped Garden, Power Backup",4890000.0,4362.18,Modern (4-10 yrs),5.8
Electronic City,1864,3,3,16,Semi-Furnished,"Clubhouse, Jogging Track, Landscaped Garden",8390000.0,4501.07,Established (11-20 yrs),2.41
Marathahalli,1162,2,2,4,Semi-Furnished,"Children's Play Area, Clubhouse, Gym, Jogging Track, Power Backup, Tennis Court",7920000.0,6815.83,Modern (4-10 yrs),5.09
Whitefield,1126,2,2,5,Furnished,"Intercom, Jogging Track, Landscaped Garden",6450000.0,5728.24,Modern (4-10 yrs),1.79
Rajajinagar,1476,3,3,1,Furnished,"Children's Play Area, High-Speed Elevators, Intercom, Landscaped Garden, Power Backup",16830000.0,11402.44,New (0-3 yrs),3.48
Bellandur,1895,3,2,4,Furnished,"24/7 Security, Children's Play Area, Gym, Landscaped Garden, Swimming Pool, Tennis Court",16590000.0,8754.62,Modern (4-10 yrs),5.62
Sarjapur Road,1603,3,2,0,Unfurnished,"Children's Play Area, Covered Parking",11320000.0,7061.76,New (0-3 yrs),1.34
Malleshwaram,1040,2,1,6,Semi-Furnished,"24/7 Security, Clubhouse, Covered Parking, Landscaped Garden, Power Backup",10170000.0,9778.85,Modern (4-10 yrs),4.02
Whitefield,1509,3,3,3,Semi-Furnished,"24/7 Security, Gym, Intercom, Swimming Pool",7680000.0,5089.46,New (0-3 yrs),3.39
Banashankari,1689,3,2,7,Semi-Furnished,"Clubhouse, High-Speed Elevators, Intercom, Power Backup",12330000.0,7300.18,Modern (4-10 yrs),3.12
Sarjapur Road,580,1,1,15,Semi-Furnished,"Covered Parking, High-Speed Elevators, Intercom, Jogging Track, Landscaped Garden, Swimming Pool",3600000.0,6206.9,Established (11-20 yrs),4.73
HSR Layout,826,2,2,0,Semi-Furnished,"Children's Play Area, Clubhouse, High-Speed Elevators, Intercom, Power Backup, Swimming Pool, Tennis Court",6430000.0,7784.5,New (0-3 yrs),6.34
Whitefield,1683,3,3,12,Unfurnished,"24/7 Security, Covered Parking, High-Speed Elevators, Intercom, Landscaped Garden, Power Backup, Tennis Court",9760000.0,5799.17,Established (11-20 yrs),5.54
Bellandur,2664,4,3,0,Furnished,"Children's Play Area, Gym, High-Speed Elevators, Landscaped Garden, Swimming Pool, Tennis Court",24780000.0,9301.8,New (0-3 yrs),5.8
Whitefield,2678,4,4,5,Unfurnished,"24/7 Security, Clubhouse, High-Speed Elevators, Intercom, Landscaped Garden, Power Backup, Swimming Pool, Tennis Court",19530000.0,7292.76,Modern (4-10 yrs),7.23
Electronic City,1300,3,3,7,Semi-Furnished,"Covered Parking, Intercom, Landscaped Garden",5760000.0,4430.77,Modern (4-10 yrs),1.96
Marathahalli,1156,2,2,5,Unfurnished,"24/7 Security, Clubhouse, Gym, High-Speed Elevators, Jogging Track, Power Backup",6720000.0,5813.15,Modern (4-10 yrs),4.82
Electronic City,1396,3,3,0,Furnished,"24/7 Security, Covered Parking, Intercom, Swimming Pool, Tennis Court",8340000.0,5974.21,New (0-3 yrs),4.46
Electronic City,1335,3,2,2,Furnished,"Clubhouse, Covered Parking, High-Speed Elevators, Intercom, Jogging Track, Landscaped Garden, Power Backup, Swimming Pool, Tennis Court",7400000.0,5543.07,New (0-3 yrs),7.77
Indiranagar,836,2,1,0,Semi-Furnished,"Children's Play Area, Gym, High-Speed Elevators, Landscaped Garden, Power Backup",11490000.0,13744.02,New (0-3 yrs),3.93
Bellandur,1601,3,3,0,Furnished,"Gym, Intercom, Landscaped Garden, Tennis Court",12590000.0,7863.84,New (0-3 yrs),3.39
Whitefield,1453,3,3,1,Unfurnished,"24/7 Security, Covered Parking",7910000.0,5443.91,New (0-3 yrs),1.43
Jayanagar,1301,2,1,3,Unfurnished,"Children's Play Area, Gym, Landscaped Garden, Power Backup",15860000.0,12190.62,New (0-3 yrs),3.04
Koramangala,1864,3,3,3,Furnished,"Covered Parking, High-Speed Elevators, Jogging Track, Landscaped Garden, Swimming Pool",29420000.0,15783.26,New (0-3 yrs),4.29
Thanisandra,902,2,2,8,Unfurnished,"24/7 Security, Clubhouse, Covered Parking, Intercom",4950000.0,5487.8,Modern (4-10 yrs),2.95
Yelahanka,2757,4,4,2,Unfurnished,"24/7 Security, Covered Parking, Jogging Track, Swimming Pool",17160000.0,6224.16,New (0-3 yrs),3.3
HSR Layout,1161,2,2,1,Semi-Furnished,"24/7 Security, Clubhouse, Covered Parking, Jogging Track, Swimming Pool",10640000.0,9164.51,New (0-3 yrs),4.38
Yelahanka,1622,3,2,7,Semi-Furnished,"24/7 Security, Children's Play Area, Gym, High-Speed Elevators, Intercom, Power Backup, Tennis Court",9560000.0,5893.96,Modern (4-10 yrs),5.54
Thanisandra,1807,3,2,5,Semi-Furnished,"24/7 Security, Tennis Court",10620000.0,5877.14,Modern (4-10 yrs),1.96
Bellandur,2667,4,3,3,Unfurnished,"Gym, High-Speed Elevators, Intercom, Tennis Court",19500000.0,7311.59,New (0-3 yrs),3.48
Electronic City,1322,2,2,21,Unfurnished,"Clubhouse, Gym, Intercom, Jogging Track, Power Backup, Swimming Pool",4810000.0,3638.43,Old (20+ yrs),5.0
Bellandur,1099,2,2,0,Semi-Furnished,"24/7 Security, Children's Play Area, Clubhouse, Covered Parking, Jogging Track, Swimming Pool, Tennis Court",8720000.0,7934.49,New (0-3 yrs),6.25
Marathahalli,4501,5,5,0,Unfurnished,"Covered Parking, Landscaped Garden",34560000.0,7678.29,New (0-3 yrs),1.52
Malleshwaram,1224,2,2,1,Unfurnished,"Clubhouse, High-Speed Elevators, Intercom",13490000.0,11021.24,New (0-3 yrs),2.41
Hebbal,1154,2,2,3,Semi-Furnished,"Children's Play Area, Clubhouse, Gym, High-Speed Elevators, Power Backup, Swimming Pool, Tennis Court",9810000.0,8500.87,New (0-3 yrs),6.79
Marathahalli,981,2,2,17,Semi-Furnished,"Intercom, Landscaped Garden, Swimming Pool",5160000.0,5259.94,Established (11-20 yrs),2.59
Bellandur,1696,3,2,3,Semi-Furnished,"Children's Play Area, Clubhouse, Covered Parking, Gym, Landscaped Garden, Power Backup, Swimming Pool, Tennis Court",13150000.0,7753.54,New (0-3 yrs),7.41
Marathahalli,2781,4,3,7,Furnished,"Gym, High-Speed Elevators, Intercom, Landscaped Garden, Swimming Pool",18250000.0,6562.39,Modern (4-10 yrs),4.38
Whitefield,2119,4,4,25,Semi-Furnished,"Children's Play Area, Covered Parking, High-Speed Elevators, Intercom, Landscaped Garden, Power Backup",10850000.0,5120.34,Old (20+ yrs),4.2
Yelahanka,2100,4,3,0,Furnished,"24/7 Security, Clubhouse, Jogging Track",13500000.0,6428.57,New (0-3 yrs),2.32
HSR Layout,1457,3,3,4,Semi-Furnished,"Children's Play Area, Intercom, Landscaped Garden",14300000.0,9814.69,Modern (4-10 yrs),1.88
Hebbal,1761,3,2,1,Furnished,"24/7 Security, High-Speed Elevators, Tennis Court",15640000.0,8881.32,New (0-3 yrs),2.86
Indiranagar,1582,3,3,4,Unfurnished,"24/7 Security, Covered Parking, Power Backup, Swimming Pool",16880000.0,10670.04,Modern (4-10 yrs),3.48
Bellandur,2014,3,2,0,Semi-Furnished,"Children's Play Area, High-Speed Elevators, Power Backup, Swimming Pool",14980000.0,7437.93,New (0-3 yrs),3.57
Marathahalli,1007,2,2,23,Furnished,"24/7 Security, Clubhouse, Covered Parking, Gym, High-Speed Elevators, Landscaped Garden, Swimming Pool, Tennis Court",5080000.0,5044.69,Old (20+ yrs),7.68
Yelahanka,696,1,1,1,Semi-Furnished,"Gym, Intercom, Tennis Court",3750000.0,5387.93,New (0-3 yrs),2.59
Indiranagar,1735,3,3,6,Semi-Furnished,"Clubhouse, Gym, Landscaped Garden, Swimming Pool",24730000.0,14253.6,Modern (4-10 yrs),4.11
Hebbal,2694,4,3,3,Semi-Furnished,"Children's Play Area, Covered Parking, High-Speed Elevators, Jogging Track, Landscaped Garden, Swimming Pool",27750000.0,10300.67,New (0-3 yrs),4.91
Bellandur,1578,3,3,0,Semi-Furnished,"Children's Play Area, Jogging Track, Landscaped Garden, Power Backup, Swimming Pool, Tennis Court",12940000.0,8200.25,New (0-3 yrs),5.27
HSR Layout,1904,3,3,10,Furnished,"Gym, High-Speed Elevators, Jogging Track, Landscaped Garden, Swimming Pool, Tennis Court",19370000.0,10173.32,Modern (4-10 yrs),5.71
Electronic City,1074,2,2,3,Furnished,"Covered Parking, Swimming Pool, Tennis Court",5580000.0,5195.53,New (0-3 yrs),3.3
Whitefield,2847,4,4,3,Semi-Furnished,"Intercom, Landscaped Garden, Power Backup, Swimming Pool, Tennis Court",18210000.0,6396.21,New (0-3 yrs),4.55
Electronic City,1072,2,2,5,Semi-Furnished,"Gym, High-Speed Elevators, Intercom, Swimming Pool",5040000.0,4701.49,Modern (4-10 yrs),3.57
Koramangala,1781,3,2,18,Semi-Furnished,"Clubhouse, Gym, High-Speed Elevators, Swimming Pool",17340000.0,9736.1,Established (11-20 yrs),4.2
Whitefield,925,2,2,28,Unfurnished,"Covered Parking, High-Speed Elevators, Intercom, Power Backup",4520000.0,4886.49,Old (20+ yrs),2.77
Whitefield,2536,4,4,8,Furnished,"High-Speed Elevators, Jogging Track, Power Backup, Tennis Court",16760000.0,6608.83,Modern (4-10 yrs),3.39
Whitefield,943,2,2,3,Furnished,"24/7 Security, Children's Play Area, Clubhouse, High-Speed Elevators, Landscaped Garden, Power Backup, Swimming Pool, Tennis Court",7090000.0,7518.56,New (0-3 yrs),7.41
Marathahalli,1069,2,2,5,Semi-Furnished,"Power Backup, Tennis Court",7580000.0,7090.74,Modern (4-10 yrs),1.96
Hebbal,1127,2,2,1,Semi-Furnished,"24/7 Security, Children's Play Area, Intercom, Jogging Track",11290000.0,10017.75,New (0-3 yrs),2.32
Whitefield,3113,5,5,0,Unfurnished,"Clubhouse, Gym, High-Speed Elevators, Jogging Track, Landscaped Garden, Power Backup, Tennis Court",21620000.0,6945.07,New (0-3 yrs),6.16
Hebbal,1497,3,3,12,Semi-Furnished,"Children's Play Area, Gym",12030000.0,8036.07,Established (11-20 yrs),1.52
Malleshwaram,1061,2,2,4,Semi-Furnished,"Children's Play Area, Intercom, Jogging Track, Landscaped Garden, Swimming Pool",11560000.0,10895.38,Modern (4-10 yrs),3.75
Banashankari,1615,3,2,0,Unfurnished,"Covered Parking, Gym, Intercom, Landscaped Garden, Power Backup, Tennis Court",13100000.0,8111.46,New (0-3 yrs),4.82
Whitefield,584,1,1,9,Semi-Furnished,"24/7 Security, Clubhouse, Covered Parking, Gym, Intercom, Jogging Track, Landscaped Garden, Swimming Pool, Tennis Court",3460000.0,5924.66,Modern (4-10 yrs),7.77
Whitefield,1124,2,2,11,Unfurnished,"Children's Play Area, Power Backup, Tennis Court",5690000.0,5062.28,Established (11-20 yrs),2.59
Bellandur,810,1,1,7,Semi-Furnished,"24/7 Security, Children's Play Area, Covered Parking, Gym, High-Speed Elevators, Jogging Track",5300000.0,6543.21,Modern (4-10 yrs),4.38
Koramangala,1417,3,3,7,Semi-Furnished,"Children's Play Area, Covered Parking, High-Speed Elevators, Landscaped Garden, Swimming Pool",16430000.0,11594.92,Modern (4-10 yrs),4.38
Marathahalli,1755,3,3,10,Unfurnished,"Covered Parking, Swimming Pool",11210000.0,6387.46,Modern (4-10 yrs),2.05
Whitefield,1300,3,2,3,Semi-Furnished,"Clubhouse, Intercom",8440000.0,6492.31,New (0-3 yrs),1.52
Thanisandra,457,1,1,12,Semi-Furnished,"Gym, Jogging Track, Tennis Court",2530000.0,5536.11,Established (11-20 yrs),2.68
Rajajinagar,3587,5,5,8,Semi-Furnished,"Covered Parking, High-Speed Elevators, Landscaped Garden, Tennis Court",36530000.0,10184.0,Modern (4-10 yrs),3.66
Marathahalli,2310,4,4,8,Furnished,"Children's Play Area, Clubhouse, Covered Parking, Gym",15360000.0,6649.35,Modern (4-10 yrs),3.3
Marathahalli,1007,2,2,8,Unfurnished,"Covered Parking, Landscaped Garden, Power Backup",6760000.0,6713.01,Modern (4-10 yrs),2.23
Electronic City,1483,3,3,19,Furnished,"24/7 Security, Children's Play Area, Covered Parking, Intercom, Power Backup",6330000.0,4268.37,Established (11-20 yrs),3.21
Koramangala,501,1,1,9,Semi-Furnished,"24/7 Security, Clubhouse, Covered Parking, Gym, Landscaped Garden, Tennis Court",6320000.0,12614.77,Modern (4-10 yrs),5.45
Marathahalli,1200,2,1,2,Semi-Furnished,"Children's Play Area, High-Speed Elevators, Intercom, Landscaped Garden, Power Backup",7400000.0,6166.67,New (0-3 yrs),3.48
Indiranagar,1153,2,2,6,Furnished,"24/7 Security, Children's Play Area, Covered Parking, Power Backup, Tennis Court",12930000.0,11214.22,Modern (4-10 yrs),4.02
Jayanagar,649,1,1,27,Semi-Furnished,"Clubhouse, Swimming Pool",5840000.0,8998.46,Old (20+ yrs),2.41
Koramangala,593,1,1,1,Unfurnished,"24/7 Security, Children's Play Area, High-Speed Elevators, Power Backup",6840000.0,11534.57,New (0-3 yrs),2.95
Marathahalli,2859,4,4,2,Semi-Furnished,"Children's Play Area, Clubhouse, Covered Parking, Landscaped Garden, Swimming Pool",19490000.0,6817.07,New (0-3 yrs),4.55
Yelahanka,1689,3,2,2,Semi-Furnished,"Children's Play Area, Clubhouse, Covered Parking, Gym, High-Speed Elevators, Jogging Track, Landscaped Garden, Swimming Pool",11930000.0,7063.35,New (0-3 yrs),6.88
Marathahalli,1530,3,3,0,Unfurnished,"Children's Play Area, Clubhouse, Covered Parking, High-Speed Elevators, Intercom, Power Backup, Swimming Pool, Tennis Court",12180000.0,7960.78,New (0-3 yrs),7.05
HSR Layout,1782,3,2,0,Semi-Furnished,"Clubhouse, Gym, High-Speed Elevators, Landscaped Garden, Power Backup",16870000.0,9466.89,New (0-3 yrs),4.38
Rajajinagar,1271,2,1,0,Semi-Furnished,"24/7 Security, Clubhouse, Jogging Track, Landscaped Garden, Tennis Court",10790000.0,8489.38,New (0-3 yrs),4.38
Marathahalli,629,1,1,4,Unfurnished,"24/7 Security, Children's Play Area, Covered Parking, Landscaped Garden, Swimming Pool, Tennis Court",4060000.0,6454.69,Modern (4-10 yrs),5.45
Bellandur,1155,2,1,0,Unfurnished,"24/7 Security, Jogging Track, Power Backup",8380000.0,7255.41,New (0-3 yrs),1.96
Jayanagar,1647,3,2,9,Semi-Furnished,"Children's Play Area, Clubhouse, Jogging Track, Landscaped Garden",21420000.0,13005.46,Modern (4-10 yrs),3.04
Marathahalli,2182,4,4,5,Semi-Furnished,"Clubhouse, Covered Parking, Gym, Swimming Pool",15520000.0,7112.74,Modern (4-10 yrs),4.02
Hebbal,1633,3,3,11,Semi-Furnished,"24/7 Security, Children's Play Area, Tennis Court",10920000.0,6687.08,Established (11-20 yrs),2.59
Jayanagar,1166,2,2,9,Semi-Furnished,"Clubhouse, Covered Parking, High-Speed Elevators, Power Backup",10690000.0,9168.1,Modern (4-10 yrs),3.39
HSR Layout,1658,3,3,2,Semi-Furnished,"24/7 Security, Gym, Intercom, Landscaped Garden, Power Backup, Swimming Pool, Tennis Court",16150000.0,9740.65,New (0-3 yrs),6.16
Sarjapur Road,1592,3,2,3,Furnished,"24/7 Security, Clubhouse, Covered Parking, High-Speed Elevators, Tennis Court",12780000.0,8027.64,New (0-3 yrs),4.64
Bellandur,1705,3,3,0,Semi-Furnished,"24/7 Security, Children's Play Area, Gym, High-Speed Elevators, Intercom, Jogging Track, Swimming Pool",14390000.0,8439.88,New (0-3 yrs),5.45
Bellandur,1485,3,3,7,Unfurnished,"24/7 Security, Clubhouse, High-Speed Elevators, Jogging Track",10530000.0,7090.91,Modern (4-10 yrs),3.21
Sarjapur Road,2623,4,4,2,Unfurnished,"Gym, Intercom, Landscaped Garden, Swimming Pool",20290000.0,7735.42,New (0-3 yrs),3.48
HSR Layout,895,2,2,26,Furnished,"24/7 Security, Covered Parking, Gym, Landscaped Garden, Power Backup",5820000.0,6502.79,Old (20+ yrs),3.84
Electronic City,2233,4,4,1,Semi-Furnished,"Clubhouse, Jogging Track, Tennis Court",9470000.0,4240.93,New (0-3 yrs),2.86
Bellandur,1234,2,2,1,Furnished,"Clubhouse, Covered Parking, Gym, High-Speed Elevators, Landscaped Garden, Power Backup, Tennis Court",10180000.0,8249.59,New (0-3 yrs),6.34
Electronic City,1529,3,3,21,Furnished,"24/7 Security, Children's Play Area, Gym, High-Speed Elevators, Intercom, Swimming Pool, Tennis Court",7050000.0,4610.86,Old (20+ yrs),6.16
Yelahanka,2100,4,4,11,Semi-Furnished,"Clubhouse, Covered Parking, Tennis Court",15580000.0,7419.05,Established (11-20 yrs),3.04
HSR Layout,2555,4,4,2,Furnished,"Gym, Intercom, Jogging Track, Power Backup, Swimming Pool",28200000.0,11037.18,New (0-3 yrs),3.93
Rajajinagar,1490,3,3,2,Semi-Furnished,"24/7 Security, Covered Parking, High-Speed Elevators, Intercom, Power Backup, Swimming Pool",18250000.0,12248.32,New (0-3 yrs),4.82
Malleshwaram,1916,3,3,1,Semi-Furnished,"Children's Play Area, Gym, Intercom",17090000.0,8919.62,New (0-3 yrs),1.96
Banashankari,1244,2,2,7,Semi-Furnished,"Children's Play Area, Intercom, Tennis Court",8000000.0,6430.87,Modern (4-10 yrs),2.32
Hebbal,633,1,1,9,Semi-Furnished,"24/7 Security, Children's Play Area, Clubhouse, Covered Parking, Intercom, Jogging Track",5240000.0,8278.04,Modern (4-10 yrs),4.11
Thanisandra,966,2,2,16,Furnished,"24/7 Security, Children's Play Area, Gym, High-Speed Elevators, Intercom, Landscaped Garden, Swimming Pool, Tennis Court",5660000.0,5859.21,Established (11-20 yrs),6.96
Marathahalli,719,1,1,12,Furnished,"24/7 Security, Clubhouse",4230000.0,5883.17,Established (11-20 yrs),1.79
Jayanagar,2675,4,3,0,Semi-Furnished,"Children's Play Area, Covered Parking, Intercom, Jogging Track, Power Backup, Tennis Court",35800000.0,13383.18,New (0-3 yrs),4.29
Bellandur,1300,3,3,2,Semi-Furnished,"Gym, Intercom, Landscaped Garden, Power Backup, Swimming Pool",11340000.0,8723.08,New (0-3 yrs),4.2
Indiranagar,4180,5,5,4,Semi-Furnished,"24/7 Security, Children's Play Area, Swimming Pool",69100000.0,16531.1,Modern (4-10 yrs),2.68
Indiranagar,1741,3,2,1,Unfurnished,"24/7 Security, Children's Play Area, Clubhouse, Covered Parking, Jogging Track",23280000.0,13371.63,New (0-3 yrs),3.66
Electronic City,1160,2,2,9,Semi-Furnished,"24/7 Security, Clubhouse, Jogging Track, Swimming Pool, Tennis Court",4490000.0,3870.69,Modern (4-10 yrs),4.91
Thanisandra,4273,5,5,0,Semi-Furnished,"Clubhouse, Intercom, Landscaped Garden, Swimming Pool",30600000.0,7161.25,New (0-3 yrs),3.66
Electronic City,2629,4,4,6,Semi-Furnished,"High-Speed Elevators, Intercom",11800000.0,4488.4,Modern (4-10 yrs),1.34
Electronic City,2115,4,3,4,Unfurnished,"24/7 Security, Children's Play Area, Covered Parking, Intercom, Jogging Track, Landscaped Garden, Power Backup, Swimming Pool, Tennis Court",11070000.0,5234.04,Modern (4-10 yrs),7.14
Electronic City,957,2,2,22,Semi-Furnished,"Children's Play Area, Clubhouse, Covered Parking, Jogging Track",3390000.0,3542.32,Old (20+ yrs),2.95
Hebbal,2100,4,4,0,Semi-Furnished,"Children's Play Area, Jogging Track, Landscaped Garden",17830000.0,8490.48,New (0-3 yrs),1.96
Whitefield,892,2,1,24,Unfurnished,"Children's Play Area, Clubhouse, Covered Parking, Gym",3810000.0,4271.3,Old (20+ yrs),3.3
Indiranagar,1020,2,1,15,Semi-Furnished,"Children's Play Area, High-Speed Elevators, Landscaped Garden, Power Backup, Tennis Court",11810000.0,11578.43,Established (11-20 yrs),4.29
Sarjapur Road,1107,2,2,1,Semi-Furnished,"Children's Play Area, Covered Parking, Gym, Intercom, Landscaped Garden, Power Backup, Swimming Pool",7540000.0,6811.2,New (0-3 yrs),5.54
Malleshwaram,1667,3,2,5,Semi-Furnished,"Clubhouse, Landscaped Garden, Power Backup",19660000.0,11793.64,Modern (4-10 yrs),2.59
Marathahalli,1409,3,3,8,Semi-Furnished,"24/7 Security, High-Speed Elevators, Intercom, Jogging Track, Swimming Pool",9260000.0,6572.04,Modern (4-10 yrs),3.93
Yelahanka,1267,2,1,6,Semi-Furnished,"Children's Play Area, Gym, Jogging Track, Swimming Pool",6700000.0,5288.08,Modern (4-10 yrs),3.39
Indiranagar,1396,3,2,13,Semi-Furnished,"Children's Play Area, Covered Parking, Intercom, Landscaped Garden",13770000.0,9863.9,Established (11-20 yrs),2.59
Yelahanka,598,1,1,1,Semi-Furnished,"24/7 Security, Clubhouse, Gym, High-Speed Elevators, Intercom, Jogging Track, Swimming Pool",2840000.0,4749.16,New (0-3 yrs),5.89
Whitefield,1829,3,2,20,Furnished,"Children's Play Area, Covered Parking, Gym, Intercom, Jogging Track, Power Backup, Tennis Court",9820000.0,5369.05,Established (11-20 yrs),5.18
Yelahanka,976,2,2,3,Unfurnished,"Covered Parking, High-Speed Elevators, Intercom, Jogging Track, Tennis Court",4990000.0,5112.7,New (0-3 yrs),3.84
Banashankari,2506,4,3,8,Semi-Furnished,"Clubhouse, Covered Parking, Gym, High-Speed Elevators, Jogging Track, Landscaped Garden, Swimming Pool",22870000.0,9126.1,Modern (4-10 yrs),6.25
Bellandur,1900,3,2,2,Unfurnished,"Clubhouse, Covered Parking, High-Speed Elevators, Power Backup, Swimming Pool",17000000.0,8947.37,New (0-3 yrs),4.73
Bellandur,1428,2,2,2,Semi-Furnished,"Intercom, Jogging Track, Swimming Pool, Tennis Court",10630000.0,7443.98,New (0-3 yrs),3.57
HSR Layout,1492,3,3,10,Unfurnished,"Power Backup, Tennis Court",11830000.0,7928.95,Modern (4-10 yrs),1.96
Koramangala,3820,5,5,12,Furnished,"24/7 Security, Clubhouse, Gym, Intercom, Jogging Track, Power Backup, Tennis Court",56390000.0,14761.78,Established (11-20 yrs),5.62
HSR Layout,835,2,2,1,Semi-Furnished,"24/7 Security, Covered Parking, Gym, High-Speed Elevators, Intercom, Jogging Track, Landscaped Garden",7870000.0,9425.15,New (0-3 yrs),5.0
Hebbal,908,2,2,10,Semi-Furnished,"High-Speed Elevators, Jogging Track, Tennis Court",7870000.0,8667.4,Modern (4-10 yrs),2.68
Malleshwaram,1033,2,2,16,Unfurnished,"Children's Play Area, Gym, Landscaped Garden, Power Backup",8440000.0,8170.38,Established (11-20 yrs),3.04
Bellandur,1220,2,2,2,Semi-Furnished,"Intercom, Landscaped Garden",10050000.0,8237.7,New (0-3 yrs),1.25
Electronic City,2888,4,4,23,Unfurnished,"24/7 Security, Gym, Jogging Track, Landscaped Garden, Power Backup",12430000.0,4304.02,Old (20+ yrs),3.66
Thanisandra,1724,3,3,6,Semi-Furnished,"Clubhouse, Covered Parking, Landscaped Garden",11260000.0,6531.32,Modern (4-10 yrs),2.59
Rajajinagar,773,1,1,5,Semi-Furnished,"24/7 Security, Clubhouse, High-Speed Elevators, Jogging Track, Swimming Pool",6570000.0,8499.35,Modern (4-10 yrs),4.55
Bellandur,1930,3,3,8,Furnished,"Children's Play Area, Gym, High-Speed Elevators, Intercom, Jogging Track, Swimming Pool",16490000.0,8544.04,Modern (4-10 yrs),4.73
Jayanagar,1829,3,3,5,Semi-Furnished,"Gym, Jogging Track, Swimming Pool",19670000.0,10754.51,Modern (4-10 yrs),2.77
Whitefield,2541,4,3,16,Semi-Furnished,"24/7 Security, Covered Parking, Gym, Intercom, Jogging Track, Power Backup, Tennis Court",15670000.0,6166.86,Established (11-20 yrs),5.27
Whitefield,1094,2,2,10,Unfurnished,"24/7 Security, High-Speed Elevators, Tennis Court",4920000.0,4497.26,Modern (4-10 yrs),2.86
Indiranagar,2375,3,3,14,Semi-Furnished,"24/7 Security, Intercom, Jogging Track, Power Backup",27300000.0,11494.74,Established (11-20 yrs),2.41
Banashankari,2326,4,3,10,Semi-Furnished,"24/7 Security, Children's Play Area, Covered Parking, Intercom, Jogging Track, Landscaped Garden, Power Backup",14660000.0,6302.67,Modern (4-10 yrs),4.55
Whitefield,1567,3,2,0,Semi-Furnished,"Gym, Intercom, Landscaped Garden, Swimming Pool",8460000.0,5398.85,New (0-3 yrs),3.48
Koramangala,1064,2,2,6,Unfurnished,"Clubhouse, Jogging Track, Landscaped Garden, Power Backup",12610000.0,11851.5,Modern (4-10 yrs),3.12
Electronic City,1300,3,2,0,Semi-Furnished,"24/7 Security, Clubhouse, High-Speed Elevators, Power Backup",6430000.0,4946.15,New (0-3 yrs),3.39
Electronic City,1175,2,2,19,Furnished,"24/7 Security, Children's Play Area, Covered Parking, High-Speed Elevators, Power Backup",5310000.0,4519.15,Established (11-20 yrs),3.66
Whitefield,1194,2,2,9,Semi-Furnished,"24/7 Security, Clubhouse, Covered Parking",7210000.0,6038.53,Modern (4-10 yrs),2.5
Whitefield,3079,4,3,7,Unfurnished,"Children's Play Area, Clubhouse, High-Speed Elevators, Landscaped Garden, Tennis Court",15680000.0,5092.56,Modern (4-10 yrs),4.64
Bellandur,1411,3,2,3,Unfurnished,"24/7 Security, Covered Parking, Gym, Jogging Track",10270000.0,7278.53,New (0-3 yrs),2.86
Whitefield,1652,3,3,4,Semi-Furnished,"24/7 Security, Children's Play Area, Gym, Intercom, Swimming Pool",11300000.0,6840.19,Modern (4-10 yrs),4.02
Jayanagar,1271,2,2,6,Unfurnished,"24/7 Security, Jogging Track, Swimming Pool, Tennis Court",12860000.0,10118.02,Modern (4-10 yrs),3.84
Thanisandra,2121,3,3,0,Unfurnished,"Covered Parking, Jogging Track, Landscaped Garden, Tennis Court",12460000.0,5874.59,New (0-3 yrs),3.3
Thanisandra,870,2,2,1,Furnished,"Covered Parking, Intercom, Jogging Track",5780000.0,6643.68,New (0-3 yrs),1.7
Marathahalli,1738,3,3,1,Semi-Furnished,"Children's Play Area, Clubhouse, Covered Parking, Gym, High-Speed Elevators, Swimming Pool, Tennis Court",12480000.0,7180.67,New (0-3 yrs),6.79
Banashankari,1618,3,3,15,Semi-Furnished,"Children's Play Area, Clubhouse, High-Speed Elevators, Landscaped Garden, Power Backup",11670000.0,7212.61,Established (11-20 yrs),4.11
Whitefield,1628,3,3,16,Semi-Furnished,"24/7 Security, Children's Play Area, Clubhouse, Gym, High-Speed Elevators, Jogging Track, Landscaped Garden, Power Backup",11020000.0,6769.04,Established (11-20 yrs),6.25
Electronic City,2609,4,4,4,Unfurnished,"Clubhouse, Covered Parking, High-Speed Elevators, Intercom, Landscaped Garden, Power Backup, Swimming Pool, Tennis Court",12770000.0,4894.6,Modern (4-10 yrs),7.23
HSR Layout,1866,3,3,7,Furnished,"24/7 Security, Gym",17690000.0,9480.17,Modern (4-10 yrs),1.61
HSR Layout,1118,2,2,11,Semi-Furnished,"24/7 Security, Clubhouse, Intercom, Power Backup",10910000.0,9758.5,Established (11-20 yrs),2.95
Thanisandra,1173,2,1,6,Semi-Furnished,"24/7 Security, Children's Play Area, Gym, Landscaped Garden",6350000.0,5413.47,Modern (4-10 yrs),3.04
Hebbal,2652,4,4,0,Semi-Furnished,"24/7 Security, Children's Play Area, Gym, Intercom",25100000.0,9464.56,New (0-3 yrs),2.68
Thanisandra,1801,3,2,0,Unfurnished,"Clubhouse, Gym, Landscaped Garden, Swimming Pool, Tennis Court",10530000.0,5846.75,New (0-3 yrs),5.36
Whitefield,583,1,1,2,Furnished,"Clubhouse, Intercom, Landscaped Garden, Swimming Pool",3630000.0,6226.42,New (0-3 yrs),3.66
Hebbal,970,2,2,2,Furnished,"Children's Play Area, Gym, High-Speed Elevators, Intercom, Jogging Track",9310000.0,9597.94,New (0-3 yrs),3.39
HSR Layout,1300,3,3,0,Unfurnished,"24/7 Security, Clubhouse, High-Speed Elevators, Jogging Track, Landscaped Garden, Power Backup",9630000.0,7407.69,New (0-3 yrs),4.73
Indiranagar,1103,2,2,6,Semi-Furnished,"24/7 Security, Children's Play Area, Clubhouse, Gym, Jogging Track, Power Backup",14710000.0,13336.36,Modern (4-10 yrs),4.55
Sarjapur Road,953,2,2,4,Semi-Furnished,"24/7 Security, Intercom, Power Backup",5500000.0,5771.25,Modern (4-10 yrs),1.88
Electronic City,2592,4,4,3,Semi-Furnished,"24/7 Security, Children's Play Area, Intercom, Landscaped Garden, Swimming Pool",13090000.0,5050.15,New (0-3 yrs),3.93
Yelahanka,1528,3,3,3,Unfurnished,"24/7 Security, Covered Parking, Gym, Landscaped Garden",8640000.0,5654.45,New (0-3 yrs),3.12
Marathahalli,1784,3,2,0,Unfurnished,"Clubhouse, Gym, Jogging Track, Landscaped Garden, Swimming Pool, Tennis Court",10950000.0,6137.89,New (0-3 yrs),5.89
Indiranagar,1035,2,1,1,Semi-Furnished,"Clubhouse, Gym, High-Speed Elevators, Swimming Pool",11260000.0,10879.23,New (0-3 yrs),4.2
Indiranagar,1110,2,2,0,Furnished,"24/7 Security, Children's Play Area, Clubhouse, Covered Parking, Gym, Intercom, Jogging Track, Power Backup, Tennis Court",14480000.0,13045.05,New (0-3 yrs),6.96
Indiranagar,1143,2,2,2,Furnished,"24/7 Security, Children's Play Area, Clubhouse, Landscaped Garden, Power Backup, Swimming Pool, Tennis Court",14180000.0,12405.95,New (0-3 yrs),6.52
Bellandur,2973,4,3,2,Unfurnished,"24/7 Security, Children's Play Area, Covered Parking, Gym, Swimming Pool, Tennis Court",22420000.0,7541.2,New (0-3 yrs),5.54
Whitefield,2726,4,4,1,Furnished,"Clubhouse, Jogging Track, Power Backup",19000000.0,6969.92,New (0-3 yrs),2.32
Rajajinagar,3605,4,3,11,Semi-Furnished,"24/7 Security, Covered Parking, Power Backup",32930000.0,9134.54,Established (11-20 yrs),2.14
Electronic City,2578,4,4,0,Unfurnished,"Covered Parking, High-Speed Elevators, Power Backup",13590000.0,5271.53,New (0-3 yrs),2.32
Yelahanka,1300,3,2,0,Semi-Furnished,"24/7 Security, Children's Play Area, Gym, Intercom, Jogging Track, Landscaped Garden, Power Backup, Tennis Court",6960000.0,5353.85,New (0-3 yrs),5.98
Electronic City,648,1,1,0,Unfurnished,"Clubhouse, Covered Parking",2720000.0,4197.53,New (0-3 yrs),1.79
Electronic City,832,2,2,11,Unfurnished,"Children's Play Area, Clubhouse, High-Speed Elevators, Power Backup, Tennis Court",3190000.0,3834.13,Established (11-20 yrs),4.55
Marathahalli,1591,3,3,1,Semi-Furnished,"Clubhouse, Jogging Track, Swimming Pool",9350000.0,5876.81,New (0-3 yrs),2.95
Marathahalli,674,1,1,21,Furnished,"Children's Play Area, Gym, High-Speed Elevators, Landscaped Garden, Power Backup",3650000.0,5415.43,Old (20+ yrs),3.93
HSR Layout,1265,2,2,5,Furnished,"24/7 Security, Clubhouse, Gym, High-Speed Elevators, Intercom, Jogging Track",11520000.0,9106.72,Modern (4-10 yrs),4.55
Sarjapur Road,566,1,1,4,Semi-Furnished,"24/7 Security, Covered Parking, Gym",3660000.0,6466.43,Modern (4-10 yrs),2.32
Bellandur,1194,2,2,4,Semi-Furnished,"Children's Play Area, High-Speed Elevators, Jogging Track, Landscaped Garden, Power Backup, Swimming Pool, Tennis Court",9160000.0,7671.69,Modern (4-10 yrs),6.16
Koramangala,706,1,1,0,Furnished,"24/7 Security, Intercom, Power Backup",7990000.0,11317.28,New (0-3 yrs),1.88
Thanisandra,1090,2,2,2,Semi-Furnished,"Intercom, Power Backup, Tennis Court",6590000.0,6045.87,New (0-3 yrs),2.41
Indiranagar,1211,2,2,4,Semi-Furnished,"Covered Parking, Tennis Court",12910000.0,10660.61,Modern (4-10 yrs),1.96
Koramangala,1162,2,2,2,Furnished,"Gym, Landscaped Garden",15680000.0,13493.98,New (0-3 yrs),1.7
Electronic City,749,1,1,1,Furnished,"24/7 Security, Children's Play Area, Gym, Intercom, Power Backup, Swimming Pool, Tennis Court",3680000.0,4913.22,New (0-3 yrs),5.98
Marathahalli,522,1,1,23,Semi-Furnished,"Covered Parking, Gym, Intercom, Jogging Track",2550000.0,4885.06,Old (20+ yrs),2.59
HSR Layout,2100,4,4,10,Unfurnished,"Children's Play Area, High-Speed Elevators, Power Backup, Swimming Pool",16520000.0,7866.67,Modern (4-10 yrs),3.57
Hebbal,1300,3,3,1,Furnished,"24/7 Security, Clubhouse, Gym, Intercom, Landscaped Garden, Swimming Pool",13130000.0,10100.0,New (0-3 yrs),5.27
Rajajinagar,613,1,1,1,Semi-Furnished,"24/7 Security, Children's Play Area, Intercom, Jogging Track, Swimming Pool",5700000.0,9298.53,New (0-3 yrs),3.66
Bellandur,961,2,2,7,Unfurnished,"Covered Parking, High-Speed Elevators, Swimming Pool",6250000.0,6503.64,Modern (4-10 yrs),2.95
Koramangala,1634,3,2,0,Semi-Furnished,"Jogging Track, Power Backup",20320000.0,12435.74,New (0-3 yrs),1.25
Electronic City,1206,2,2,3,Unfurnished,"24/7 Security, Gym, Tennis Court",5350000.0,4436.15,New (0-3 yrs),2.86
Thanisandra,878,2,2,5,Semi-Furnished,"Gym, Intercom, Jogging Track, Landscaped Garden, Swimming Pool",5120000.0,5831.44,Modern (4-10 yrs),4.02
Rajajinagar,450,1,1,2,Semi-Furnished,"Clubhouse, Gym, High-Speed Elevators, Power Backup, Swimming Pool",4640000.0,10311.11,New (0-3 yrs),4.91
Whitefield,1900,3,2,4,Semi-Furnished,"Clubhouse, Gym, Tennis Court",9650000.0,5078.95,Modern (4-10 yrs),3.21
Bellandur,1215,2,2,4,Unfurnished,"24/7 Security, Covered Parking, High-Speed Elevators, Intercom, Jogging Track, Landscaped Garden, Tennis Court",8880000.0,7308.64,Modern (4-10 yrs),5.36
Whitefield,616,1,1,2,Furnished,"Covered Parking, Gym, High-Speed Elevators, Intercom",3590000.0,5827.92,New (0-3 yrs),2.95
Banashankari,1704,3,3,3,Semi-Furnished,"Gym, High-Speed Elevators, Intercom, Landscaped Garden, Power Backup, Swimming Pool",13390000.0,7857.98,New (0-3 yrs),5.09
Hebbal,1754,3,3,8,Furnished,"Children's Play Area, Covered Parking, Tennis Court",17690000.0,10085.52,Modern (4-10 yrs),2.59
Sarjapur Road,674,1,1,4,Unfurnished,"Children's Play Area, Clubhouse, Covered Parking, Gym, Landscaped Garden, Power Backup, Swimming Pool",4240000.0,6290.8,Modern (4-10 yrs),6.16
Malleshwaram,1085,2,2,9,Furnished,"24/7 Security, Intercom, Jogging Track, Landscaped Garden, Tennis Court",10620000.0,9788.02,Modern (4-10 yrs),3.75
Koramangala,2605,4,4,20,Unfurnished,"Clubhouse, Gym, Power Backup, Tennis Court",27360000.0,10502.88,Established (11-20 yrs),3.93
Yelahanka,2198,3,2,26,Semi-Furnished,"Gym, High-Speed Elevators",10460000.0,4758.87,Old (20+ yrs),1.79
Bellandur,3780,5,5,2,Semi-Furnished,"24/7 Security, Children's Play Area, Clubhouse, Covered Parking, Jogging Track, Power Backup, Tennis Court",33240000.0,8793.65,New (0-3 yrs),5.62
Koramangala,2870,4,4,5,Furnished,"Covered Parking, Gym, Landscaped Garden, Tennis Court",29030000.0,10114.98,Modern (4-10 yrs),3.66
Rajajinagar,1514,3,3,0,Furnished,"Gym, Jogging Track",15680000.0,10356.67,New (0-3 yrs),1.43
Bellandur,699,1,1,3,Unfurnished,"Covered Parking, High-Speed Elevators, Landscaped Garden, Power Backup, Tennis Court",4330000.0,6194.56,New (0-3 yrs),4.38
Hebbal,890,2,2,1,Unfurnished,"Children's Play Area, Covered Parking, Gym, Landscaped Garden",7280000.0,8179.78,New (0-3 yrs),3.04
Marathahalli,1567,3,3,0,Unfurnished,"24/7 Security, Jogging Track, Power Backup, Swimming Pool",10160000.0,6483.73,New (0-3 yrs),3.3
Indiranagar,1048,2,1,14,Semi-Furnished,"24/7 Security, Intercom, Landscaped Garden, Power Backup, Swimming Pool, Tennis Court",10710000.0,10219.47,Established (11-20 yrs),5.27
Thanisandra,2613,4,4,3,Unfurnished,"24/7 Security, Children's Play Area, Clubhouse, Covered Parking, Gym, High-Speed Elevators, Landscaped Garden, Swimming Pool",17240000.0,6597.78,New (0-3 yrs),7.05
Whitefield,1580,3,2,1,Semi-Furnished,"Children's Play Area, Intercom, Landscaped Garden, Power Backup, Swimming Pool",10900000.0,6898.73,New (0-3 yrs),3.93
Yelahanka,604,1,1,19,Semi-Furnished,"24/7 Security, Children's Play Area, Intercom, Landscaped Garden, Power Backup, Swimming Pool, Tennis Court",2260000.0,3741.72,Established (11-20 yrs),5.89
Yelahanka,1602,3,2,5,Semi-Furnished,"Children's Play Area, Clubhouse, Covered Parking, Intercom, Power Backup",9960000.0,6217.23,Modern (4-10 yrs),3.57
Hebbal,1120,2,2,21,Semi-Furnished,"24/7 Security, High-Speed Elevators",7890000.0,7044.64,Old (20+ yrs),1.61
Thanisandra,768,1,1,7,Furnished,"24/7 Security, Clubhouse, Covered Parking, High-Speed Elevators, Intercom, Landscaped Garden, Tennis Court",5040000.0,6562.5,Modern (4-10 yrs),5.89
Yelahanka,2284,3,3,1,Semi-Furnished,"24/7 Security, Children's Play Area, Clubhouse, Gym, Jogging Track, Tennis Court",14680000.0,6427.32,New (0-3 yrs),5.09
Whitefield,1509,3,2,6,Semi-Furnished,"24/7 Security, Clubhouse, Landscaped Garden",8840000.0,5858.18,Modern (4-10 yrs),2.59
Electronic City,1821,3,2,0,Semi-Furnished,"24/7 Security, Covered Parking, Landscaped Garden, Power Backup",8320000.0,4568.92,New (0-3 yrs),2.95
Koramangala,922,2,2,5,Unfurnished,"24/7 Security, High-Speed Elevators, Intercom, Power Backup, Swimming Pool, Tennis Court",10670000.0,11572.67,Modern (4-10 yrs),5.36
Hebbal,1851,3,3,5,Semi-Furnished,"Children's Play Area, Covered Parking, Gym, High-Speed Elevators, Jogging Track, Landscaped Garden, Power Backup",18180000.0,9821.72,Modern (4-10 yrs),5.18
HSR Layout,1109,2,2,3,Semi-Furnished,"Jogging Track, Landscaped Garden, Power Backup",9220000.0,8313.8,New (0-3 yrs),2.05
Banashankari,1831,3,3,0,Semi-Furnished,"24/7 Security, Clubhouse, Gym, High-Speed Elevators, Landscaped Garden, Swimming Pool",16630000.0,9082.47,New (0-3 yrs),5.71
Whitefield,1050,2,1,10,Unfurnished,"Children's Play Area, High-Speed Elevators, Jogging Track, Power Backup",6360000.0,6057.14,Modern (4-10 yrs),2.77
Indiranagar,1248,2,1,5,Semi-Furnished,"24/7 Security, Covered Parking, Gym, High-Speed Elevators, Jogging Track, Landscaped Garden, Swimming Pool, Tennis Court",15340000.0,12291.67,Modern (4-10 yrs),7.14
Rajajinagar,3483,5,5,5,Furnished,"Children's Play Area, Gym, Intercom, Jogging Track, Landscaped Garden, Tennis Court",33180000.0,9526.27,Modern (4-10 yrs),4.55
Indiranagar,1768,3,2,28,Furnished,"24/7 Security, Swimming Pool",17880000.0,10113.12,Old (20+ yrs),2.05
Indiranagar,967,2,2,2,Semi-Furnished,"24/7 Security, Clubhouse, High-Speed Elevators, Intercom, Jogging Track, Swimming Pool, Tennis Court",11120000.0,11499.48,New (0-3 yrs),6.25
Whitefield,3038,4,3,2,Unfurnished,"24/7 Security, Children's Play Area, Clubhouse, Covered Parking, Gym, Swimming Pool",19430000.0,6395.66,New (0-3 yrs),5.36
Whitefield,1315,3,2,0,Semi-Furnished,"Clubhouse, Gym, Intercom, Swimming Pool",8130000.0,6182.51,New (0-3 yrs),3.75
Rajajinagar,1633,3,3,2,Unfurnished,"24/7 Security, Covered Parking, Power Backup",13990000.0,8567.05,New (0-3 yrs),2.14
Marathahalli,1185,2,2,0,Furnished,"24/7 Security, Children's Play Area, Clubhouse, Gym, Intercom, Tennis Court",9420000.0,7949.37,New (0-3 yrs),5.0
Whitefield,1462,3,2,0,Semi-Furnished,"Children's Play Area, Covered Parking, Swimming Pool, Tennis Court",9230000.0,6313.27,New (0-3 yrs),3.93
Bellandur,728,1,1,28,Semi-Furnished,"Children's Play Area, Jogging Track, Swimming Pool, Tennis Court",3970000.0,5453.3,Old (20+ yrs),3.75
Koramangala,2696,4,4,11,Semi-Furnished,"Clubhouse, Intercom, Landscaped Garden",29070000.0,10782.64,Established (11-20 yrs),2.32
Sarjapur Road,1536,3,2,0,Semi-Furnished,"Children's Play Area, Covered Parking, Intercom, Jogging Track, Power Backup",12250000.0,7975.26,New (0-3 yrs),3.04
Malleshwaram,1660,3,3,0,Semi-Furnished,"24/7 Security, Swimming Pool",18780000.0,11313.25,New (0-3 yrs),2.05
Whitefield,604,1,1,4,Unfurnished,"24/7 Security, Children's Play Area, Gym, High-Speed Elevators, Landscaped Garden",3120000.0,5165.56,Modern (4-10 yrs),3.93
Hebbal,2493,4,4,1,Semi-Furnished,"24/7 Security, Children's Play Area, Covered Parking, Intercom, Jogging Track, Swimming Pool",20180000.0,8094.67,New (0-3 yrs),4.38
Yelahanka,1453,3,2,5,Furnished,"24/7 Security, Clubhouse, Covered Parking, Gym, Jogging Track, Landscaped Garden, Power Backup, Tennis Court",9490000.0,6531.31,Modern (4-10 yrs),6.7
Whitefield,2198,4,3,7,Semi-Furnished,"24/7 Security, Children's Play Area, Jogging Track, Swimming Pool",13890000.0,6319.38,Modern (4-10 yrs),3.21
Bellandur,2148,4,4,3,Furnished,"24/7 Security, Clubhouse, Intercom, Power Backup",17270000.0,8040.04,New (0-3 yrs),2.95
Whitefield,1718,3,3,0,Semi-Furnished,"Covered Parking, High-Speed Elevators, Intercom, Jogging Track, Power Backup, Tennis Court",11380000.0,6623.98,New (0-3 yrs),4.55
Electronic City,1091,2,2,3,Semi-Furnished,"Children's Play Area, Clubhouse, Landscaped Garden, Power Backup",4830000.0,4427.13,New (0-3 yrs),3.21
Bellandur,1552,3,3,0,Unfurnished,"24/7 Security, Covered Parking, High-Speed Elevators, Landscaped Garden, Power Backup, Tennis Court",13260000.0,8543.81,New (0-3 yrs),5.09
Hebbal,1062,2,2,8,Furnished,"Landscaped Garden, Power Backup",8150000.0,7674.2,Modern (4-10 yrs),1.52
Koramangala,569,1,1,23,Furnished,"Clubhouse, Covered Parking, Gym, Intercom, Landscaped Garden, Power Backup",5640000.0,9912.13,Old (20+ yrs),4.64
HSR Layout,2037,3,3,18,Unfurnished,"High-Speed Elevators, Intercom, Jogging Track, Swimming Pool",18610000.0,9135.98,Established (11-20 yrs),3.21
Indiranagar,1868,3,2,3,Furnished,"Clubhouse, High-Speed Elevators",23530000.0,12596.36,New (0-3 yrs),1.96
Whitefield,1320,2,2,9,Furnished,"24/7 Security, Children's Play Area, Clubhouse, Tennis Court",7090000.0,5371.21,Modern (4-10 yrs),3.66
HSR Layout,2537,4,4,1,Unfurnished,"24/7 Security, Covered Parking, High-Speed Elevators, Jogging Track, Power Backup, Swimming Pool",23540000.0,9278.68,New (0-3 yrs),4.91
Whitefield,1184,2,2,0,Unfurnished,"Children's Play Area, Landscaped Garden, Power Backup, Swimming Pool",6840000.0,5777.03,New (0-3 yrs),3.48
Yelahanka,1558,3,2,7,Furnished,"Covered Parking, Gym, Landscaped Garden, Tennis Court",9650000.0,6193.84,Modern (4-10 yrs),3.66
Electronic City,773,1,1,12,Semi-Furnished,"Intercom, Swimming Pool",2430000.0,3143.6,Established (11-20 yrs),1.79
HSR Layout,1150,2,2,7,Furnished,"24/7 Security, Children's Play Area, Intercom, Power Backup",13110000.0,11400.0,Modern (4-10 yrs),2.5
Hebbal,1623,3,3,1,Furnished,"Gym, High-Speed Elevators, Intercom",15970000.0,9839.8,New (0-3 yrs),2.23
Hebbal,4041,5,5,4,Semi-Furnished,"Children's Play Area, Intercom, Jogging Track, Landscaped Garden, Power Backup",46740000.0,11566.44,Modern (4-10 yrs),3.12
Electronic City,2016,3,2,10,Semi-Furnished,"Covered Parking, Gym, Tennis Court",9250000.0,4588.29,Modern (4-10 yrs),2.86
Electronic City,565,1,1,0,Semi-Furnished,"24/7 Security, Children's Play Area, Clubhouse, Covered Parking, Gym, Jogging Track, Landscaped Garden, Tennis Court",2640000.0,4672.57,New (0-3 yrs),6.61
Marathahalli,1946,3,3,27,Semi-Furnished,"Children's Play Area, Clubhouse, Covered Parking, High-Speed Elevators, Jogging Track, Swimming Pool",11950000.0,6140.8,Old (20+ yrs),5.18
Sarjapur Road,1581,3,3,0,Unfurnished,"24/7 Security, Clubhouse, Intercom, Power Backup, Swimming Pool, Tennis Court",11940000.0,7552.18,New (0-3 yrs),5.54
Banashankari,1867,3,2,3,Furnished,"24/7 Security, Children's Play Area, Clubhouse, Covered Parking, Intercom, Landscaped Garden, Swimming Pool, Tennis Court",16120000.0,8634.17,New (0-3 yrs),6.96
HSR Layout,1141,2,2,1,Semi-Furnished,"Covered Parking, Jogging Track, Power Backup, Swimming Pool",9320000.0,8168.27,New (0-3 yrs),3.3
Yelahanka,3647,5,5,4,Semi-Furnished,"Children's Play Area, Clubhouse, Gym, Landscaped Garden",26340000.0,7222.37,Modern (4-10 yrs),3.39
Thanisandra,1081,2,2,0,Semi-Furnished,"Clubhouse, High-Speed Elevators, Intercom, Landscaped Garden, Swimming Pool",7110000.0,6577.24,New (0-3 yrs),4.55
Koramangala,1931,3,2,7,Semi-Furnished,"Children's Play Area, Landscaped Garden, Tennis Court",24480000.0,12677.37,Modern (4-10 yrs),2.68
Indiranagar,2918,4,4,8,Semi-Furnished,"24/7 Security, Landscaped Garden, Tennis Court",38580000.0,13221.38,Modern (4-10 yrs),2.77
Electronic City,1475,3,3,6,Unfurnished,"Covered Parking, Gym, Swimming Pool, Tennis Court",6540000.0,4433.9,Modern (4-10 yrs),4.2
Indiranagar,1114,2,2,12,Unfurnished,"24/7 Security, Covered Parking, Landscaped Garden",13610000.0,12217.24,Established (11-20 yrs),2.23
Electronic City,2122,3,2,11,Semi-Furnished,"Covered Parking, Gym, Jogging Track, Landscaped Garden",9460000.0,4458.06,Established (11-20 yrs),2.95
Yelahanka,1229,2,2,6,Unfurnished,"24/7 Security, High-Speed Elevators, Jogging Track, Power Backup",7270000.0,5915.38,Modern (4-10 yrs),2.86
Electronic City,2018,3,3,28,Semi-Furnished,"24/7 Security, Children's Play Area, Covered Parking, Landscaped Garden",7390000.0,3662.04,Old (20+ yrs),2.86
Jayanagar,800,2,2,1,Unfurnished,"24/7 Security, Clubhouse, Jogging Track",8190000.0,10237.5,New (0-3 yrs),2.32
Koramangala,2189,3,3,20,Semi-Furnished,"Children's Play Area, Gym, Intercom, Jogging Track, Landscaped Garden, Swimming Pool",21380000.0,9767.02,Established (11-20 yrs),4.64
Sarjapur Road,1880,3,2,14,Semi-Furnished,"Gym, Intercom, Swimming Pool, Tennis Court",11990000.0,6377.66,Established (11-20 yrs),3.93
Indiranagar,921,2,1,3,Semi-Furnished,"24/7 Security, Covered Parking, High-Speed Elevators, Jogging Track",10670000.0,11585.23,New (0-3 yrs),2.86
Whitefield,1308,3,3,1,Semi-Furnished,"Clubhouse, Intercom, Power Backup, Swimming Pool",7840000.0,5993.88,New (0-3 yrs),3.57
Jayanagar,1007,2,2,0,Semi-Furnished,"24/7 Security, Covered Parking, High-Speed Elevators",11230000.0,11151.94,New (0-3 yrs),2.32
Sarjapur Road,1003,2,2,15,Furnished,"Clubhouse, Intercom",6330000.0,6311.07,Established (11-20 yrs),1.52
Indiranagar,1855,3,3,3,Semi-Furnished,"24/7 Security, Children's Play Area, High-Speed Elevators, Intercom, Power Backup",22700000.0,12237.2,New (0-3 yrs),3.39
Yelahanka,3637,5,5,9,Unfurnished,"Covered Parking, High-Speed Elevators, Jogging Track, Landscaped Garden, Power Backup",19960000.0,5488.04,Modern (4-10 yrs),3.66
Electronic City,914,2,1,0,Semi-Furnished,"24/7 Security, Clubhouse, Gym, Landscaped Garden",4390000.0,4803.06,New (0-3 yrs),3.48
Rajajinagar,1576,3,2,0,Unfurnished,"Clubhouse, High-Speed Elevators, Power Backup",16090000.0,10209.39,New (0-3 yrs),2.68
Indiranagar,964,2,2,11,Unfurnished,"24/7 Security, Children's Play Area, Clubhouse, Jogging Track, Tennis Court",9860000.0,10228.22,Established (11-20 yrs),4.2
Indiranagar,649,1,1,6,Unfurnished,"Children's Play Area, Covered Parking, High-Speed Elevators, Intercom, Jogging Track",8030000.0,12372.88,Modern (4-10 yrs),3.21
Bellandur,831,2,2,5,Semi-Furnished,"24/7 Security, Clubhouse, Covered Parking, High-Speed Elevators, Jogging Track, Swimming Pool, Tennis Court",6350000.0,7641.4,Modern (4-10 yrs),6.52
Marathahalli,1809,3,3,1,Unfurnished,"Clubhouse, Covered Parking, Intercom, Swimming Pool",10360000.0,5726.92,New (0-3 yrs),3.57
Indiranagar,1140,2,2,4,Semi-Furnished,"24/7 Security, Children's Play Area, High-Speed Elevators, Landscaped Garden, Tennis Court",13790000.0,12096.49,Modern (4-10 yrs),4.29
Sarjapur Road,1124,2,1,2,Semi-Furnished,"24/7 Security, Children's Play Area, Clubhouse, Landscaped Garden, Power Backup",7390000.0,6574.73,New (0-3 yrs),3.93
Marathahalli,1160,2,1,2,Furnished,"24/7 Security, Children's Play Area, Gym, Intercom",9250000.0,7974.14,New (0-3 yrs),2.68
Whitefield,1676,3,3,2,Semi-Furnished,"Children's Play Area, Gym, Intercom, Landscaped Garden, Power Backup, Swimming Pool, Tennis Court",10110000.0,6032.22,New (0-3 yrs),6.07
Banashankari,1764,3,3,17,Unfurnished,"High-Speed Elevators, Intercom, Power Backup",10940000.0,6201.81,Established (11-20 yrs),2.05
Hebbal,2648,4,3,0,Furnished,"Children's Play Area, Gym, Jogging Track, Landscaped Garden, Power Backup, Swimming Pool, Tennis Court",27760000.0,10483.38,New (0-3 yrs),6.16
Banashankari,1300,3,2,0,Semi-Furnished,"Covered Parking, Swimming Pool",10700000.0,8230.77,New (0-3 yrs),2.05
Bellandur,1244,2,2,9,Semi-Furnished,"Children's Play Area, Clubhouse, Covered Parking, Gym, High-Speed Elevators, Intercom, Jogging Track",8520000.0,6848.87,Modern (4-10 yrs),5.18
Indiranagar,1072,2,2,6,Semi-Furnished,"Gym, High-Speed Elevators, Power Backup, Tennis Court",15630000.0,14580.22,Modern (4-10 yrs),3.75
Marathahalli,1300,3,3,11,Semi-Furnished,"Clubhouse, Gym",8310000.0,6392.31,Established (11-20 yrs),1.96
HSR Layout,1147,2,2,0,Furnished,"Intercom, Tennis Court",10190000.0,8884.05,New (0-3 yrs),1.7
Banashankari,1164,2,2,24,Semi-Furnished,"24/7 Security, Tennis Court",6420000.0,5515.46,Old (20+ yrs),1.96
Whitefield,679,1,1,2,Semi-Furnished,"Children's Play Area, Clubhouse, Covered Parking, Intercom, Jogging Track, Landscaped Garden, Power Backup, Swimming Pool, Tennis Court",3830000.0,5640.65,New (0-3 yrs),7.5
Rajajinagar,1184,2,2,3,Semi-Furnished,"High-Speed Elevators, Tennis Court",11440000.0,9662.16,New (0-3 yrs),2.14
Indiranagar,2724,4,4,5,Semi-Furnished,"24/7 Security, Clubhouse, Covered Parking, Gym, Intercom, Landscaped Garden, Swimming Pool",41350000.0,15179.88,Modern (4-10 yrs),5.98
Whitefield,482,1,1,8,Semi-Furnished,"Clubhouse, High-Speed Elevators",2170000.0,4502.07,Modern (4-10 yrs),1.96
Electronic City,1707,3,2,4,Semi-Furnished,"24/7 Security, Clubhouse, Covered Parking, Gym, Intercom, Jogging Track",8610000.0,5043.94,Modern (4-10 yrs),4.38
Banashankari,2783,4,4,1,Furnished,"Children's Play Area, Clubhouse, High-Speed Elevators, Tennis Court",23800000.0,8551.92,New (0-3 yrs),3.84
Jayanagar,1682,3,3,3,Furnished,"24/7 Security, Children's Play Area, Gym, Intercom, Jogging Track, Landscaped Garden",21960000.0,13055.89,New (0-3 yrs),4.02
Thanisandra,1051,2,2,2,Furnished,"Clubhouse, Jogging Track, Swimming Pool",6640000.0,6317.79,New (0-3 yrs),2.95
Bellandur,1340,2,2,0,Furnished,"Clubhouse, High-Speed Elevators, Landscaped Garden",11140000.0,8313.43,New (0-3 yrs),2.77
Bellandur,1495,3,3,0,Unfurnished,"Covered Parking, High-Speed Elevators, Power Backup",12560000.0,8401.34,New (0-3 yrs),2.32
Bellandur,2328,4,4,9,Unfurnished,"Clubhouse, Covered Parking, Intercom, Jogging Track, Landscaped Garden, Power Backup",17580000.0,7551.55,Modern (4-10 yrs),4.29
Electronic City,1751,3,2,2,Semi-Furnished,"24/7 Security, Covered Parking, Gym, Landscaped Garden, Swimming Pool",8580000.0,4900.06,New (0-3 yrs),4.46
Sarjapur Road,1357,3,3,10,Semi-Furnished,"Clubhouse, Power Backup, Tennis Court",9580000.0,7059.69,Modern (4-10 yrs),3.04
Jayanagar,587,1,1,2,Semi-Furnished,"24/7 Security, Covered Parking, Gym, High-Speed Elevators, Intercom, Jogging Track",5600000.0,9540.03,New (0-3 yrs),4.2
Hebbal,1187,2,2,1,Unfurnished,"Power Backup, Tennis Court",10900000.0,9182.81,New (0-3 yrs),1.96
Whitefield,3743,5,5,1,Semi-Furnished,"Covered Parking, High-Speed Elevators, Landscaped Garden",21690000.0,5794.82,New (0-3 yrs),2.41
Yelahanka,840,2,1,0,Furnished,"Gym, High-Speed Elevators",5150000.0,6130.95,New (0-3 yrs),1.79
Bellandur,1041,2,2,2,Semi-Furnished,"24/7 Security, Children's Play Area, Jogging Track, Landscaped Garden, Power Backup",7670000.0,7367.92,New (0-3 yrs),3.39
Koramangala,717,1,1,3,Unfurnished,"Covered Parking, High-Speed Elevators, Jogging Track, Power Backup, Tennis Court",7110000.0,9916.32,New (0-3 yrs),4.11
Malleshwaram,1075,2,2,3,Semi-Furnished,"Clubhouse, Landscaped Garden, Tennis Court",12530000.0,11655.81,New (0-3 yrs),3.12
Thanisandra,2572,4,4,17,Furnished,"24/7 Security, Covered Parking, High-Speed Elevators, Intercom, Jogging Track, Swimming Pool",17420000.0,6772.94,Established (11-20 yrs),4.64
Marathahalli,1469,3,2,22,Unfurnished,"Children's Play Area, Clubhouse, High-Speed Elevators, Landscaped Garden, Swimming Pool, Tennis Court",8100000.0,5513.96,Old (20+ yrs),5.98
Banashankari,1314,2,2,2,Semi-Furnished,"Clubhouse, Covered Parking, Intercom",8830000.0,6719.94,New (0-3 yrs),2.23
Malleshwaram,4268,5,4,3,Unfurnished,"Clubhouse, Gym, Landscaped Garden, Tennis Court",46400000.0,10871.6,New (0-3 yrs),4.02
Whitefield,1834,3,2,3,Furnished,"Children's Play Area, High-Speed Elevators",10350000.0,5643.4,New (0-3 yrs),1.52
Sarjapur Road,902,2,2,2,Furnished,"High-Speed Elevators, Jogging Track, Power Backup, Swimming Pool",5950000.0,6596.45,New (0-3 yrs),3.48
Whitefield,1436,3,3,1,Unfurnished,"Children's Play Area, Clubhouse, Intercom, Jogging Track, Power Backup, Tennis Court",8050000.0,5605.85,New (0-3 yrs),4.64
Rajajinagar,1182,2,2,4,Semi-Furnished,"Jogging Track, Landscaped Garden, Power Backup",10570000.0,8942.47,Modern (4-10 yrs),2.05
Marathahalli,1625,3,2,1,Unfurnished,"Children's Play Area, Clubhouse, Gym, High-Speed Elevators, Jogging Track, Landscaped Garden, Swimming Pool",10580000.0,6510.77,New (0-3 yrs),6.16
Whitefield,3945,5,5,14,Semi-Furnished,"Children's Play Area, Clubhouse, Covered Parking, Gym, High-Speed Elevators, Intercom",25790000.0,6537.39,Established (11-20 yrs),4.64
Bellandur,2676,4,4,11,Furnished,"Children's Play Area, Clubhouse, Gym, Intercom, Power Backup, Tennis Court",21570000.0,8060.54,Established (11-20 yrs),5.0
Jayanagar,1709,3,2,0,Unfurnished,"24/7 Security, High-Speed Elevators, Tennis Court",16970000.0,9929.78,New (0-3 yrs),2.86
HSR Layout,687,1,1,21,Semi-Furnished,"Clubhouse, Covered Parking, High-Speed Elevators, Intercom, Jogging Track, Landscaped Garden, Tennis Court",5000000.0,7278.02,Old (20+ yrs),5.71
Jayanagar,1584,3,3,0,Semi-Furnished,"High-Speed Elevators, Tennis Court",20160000.0,12727.27,New (0-3 yrs),2.14
Electronic City,800,2,2,9,Semi-Furnished,"24/7 Security, Covered Parking, Gym, High-Speed Elevators, Swimming Pool",3580000.0,4475.0,Modern (4-10 yrs),4.55
Whitefield,1862,3,3,3,Semi-Furnished,"24/7 Security, Children's Play Area, Clubhouse, Covered Parking, Gym, Intercom, Jogging Track, Power Backup",13140000.0,7056.93,New (0-3 yrs),5.71
Malleshwaram,1041,2,2,5,Furnished,"Children's Play Area, Clubhouse, High-Speed Elevators, Intercom, Landscaped Garden, Power Backup",11880000.0,11412.1,Modern (4-10 yrs),4.55
Indiranagar,1700,3,3,14,Unfurnished,"24/7 Security, Clubhouse, Covered Parking, High-Speed Elevators, Swimming Pool",16750000.0,9852.94,Established (11-20 yrs),4.73
HSR Layout,1208,2,2,4,Semi-Furnished,"Children's Play Area, Clubhouse, High-Speed Elevators",9860000.0,8162.25,Modern (4-10 yrs),2.59
Whitefield,925,2,1,6,Unfurnished,"24/7 Security, Children's Play Area, Covered Parking, Gym, High-Speed Elevators, Jogging Track, Landscaped Garden, Power Backup, Tennis Court",5230000.0,5654.05,Modern (4-10 yrs),7.14
Koramangala,1101,2,2,0,Furnished,"24/7 Security, Covered Parking, High-Speed Elevators, Intercom, Landscaped Garden, Power Backup, Swimming Pool",14410000.0,13088.1,New (0-3 yrs),5.62
Yelahanka,1905,3,3,0,Semi-Furnished,"Gym, Intercom, Power Backup",13330000.0,6997.38,New (0-3 yrs),2.05
Malleshwaram,547,1,1,1,Semi-Furnished,"Power Backup, Tennis Court",6010000.0,10987.2,New (0-3 yrs),1.96
Indiranagar,1774,3,2,1,Unfurnished,"24/7 Security, Covered Parking, Jogging Track, Swimming Pool",24630000.0,13883.88,New (0-3 yrs),3.3
Thanisandra,1653,3,3,7,Semi-Furnished,"24/7 Security, Clubhouse, Power Backup, Swimming Pool",9160000.0,5541.44,Modern (4-10 yrs),3.84
Yelahanka,1115,2,1,3,Semi-Furnished,"24/7 Security, Gym, High-Speed Elevators, Jogging Track",5770000.0,5174.89,New (0-3 yrs),3.04
Sarjapur Road,1496,3,3,3,Furnished,"High-Speed Elevators, Landscaped Garden, Power Backup, Swimming Pool",12370000.0,8268.72,New (0-3 yrs),3.75
Koramangala,2965,4,4,1,Semi-Furnished,"Children's Play Area, Covered Parking, High-Speed Elevators, Swimming Pool",40920000.0,13801.01,New (0-3 yrs),3.57
HSR Layout,814,1,1,3,Unfurnished,"Intercom, Tennis Court",6830000.0,8390.66,New (0-3 yrs),1.7
Banashankari,967,2,2,18,Unfurnished,"Clubhouse, Covered Parking, Gym, Intercom, Landscaped Garden, Swimming Pool, Tennis Court",6120000.0,6328.85,Established (11-20 yrs),6.52
Electronic City,1300,3,3,0,Semi-Furnished,"24/7 Security, Children's Play Area, Clubhouse, Covered Parking, Gym, Power Backup, Swimming Pool, Tennis Court",8330000.0,6407.69,New (0-3 yrs),7.32
Whitefield,666,1,1,8,Unfurnished,"Children's Play Area, Clubhouse, Covered Parking, Tennis Court",3170000.0,4759.76,Modern (4-10 yrs),3.66
Bellandur,1860,3,2,12,Furnished,"Covered Parking, Intercom, Landscaped Garden, Power Backup",13860000.0,7451.61,Established (11-20 yrs),2.68
Jayanagar,1020,2,1,4,Furnished,"Intercom, Jogging Track, Swimming Pool",11900000.0,11666.67,Modern (4-10 yrs),2.32
Jayanagar,3304,4,4,0,Furnished,"24/7 Security, High-Speed Elevators, Intercom, Jogging Track, Swimming Pool",47660000.0,14424.94,New (0-3 yrs),3.93
Jayanagar,878,2,2,0,Furnished,"Clubhouse, Covered Parking, Intercom, Landscaped Garden, Power Backup, Swimming Pool",12180000.0,13872.44,New (0-3 yrs),5.09
HSR Layout,800,2,2,1,Semi-Furnished,"24/7 Security, Clubhouse, Covered Parking, Gym, Intercom, Jogging Track, Power Backup, Tennis Court",8560000.0,10700.0,New (0-3 yrs),6.34
Electronic City,817,2,2,4,Furnished,"24/7 Security, High-Speed Elevators, Intercom, Swimming Pool",4290000.0,5250.92,Modern (4-10 yrs),3.39
Sarjapur Road,1709,3,3,12,Semi-Furnished,"Children's Play Area, Clubhouse, Gym, Swimming Pool",10490000.0,6138.09,Established (11-20 yrs),3.93
HSR Layout,2946,4,3,16,Furnished,"24/7 Security, Clubhouse, Intercom, Jogging Track, Tennis Court",27830000.0,9446.71,Established (11-20 yrs),4.02
Koramangala,723,1,1,4,Semi-Furnished,"Gym, Power Backup",7680000.0,10622.41,Modern (4-10 yrs),1.61
Rajajinagar,1641,3,2,2,Semi-Furnished,"24/7 Security, Covered Parking, Intercom, Landscaped Garden",16360000.0,9969.53,New (0-3 yrs),2.68
HSR Layout,1731,3,3,4,Furnished,"Intercom, Power Backup, Swimming Pool",16220000.0,9370.31,Modern (4-10 yrs),2.5
Rajajinagar,2157,4,3,2,Semi-Furnished,"Children's Play Area, Covered Parking, Intercom, Jogging Track",25680000.0,11905.42,New (0-3 yrs),2.32
Whitefield,2508,4,4,7,Semi-Furnished,"24/7 Security, High-Speed Elevators, Power Backup, Swimming Pool",15070000.0,6008.77,Modern (4-10 yrs),3.66
Hebbal,1580,3,3,1,Unfurnished,"Children's Play Area, Clubhouse, Gym, Landscaped Garden, Power Backup",14720000.0,9316.46,New (0-3 yrs),4.11
Whitefield,2043,3,3,14,Semi-Furnished,"Gym, Intercom, Swimming Pool",11520000.0,5638.77,Established (11-20 yrs),2.68
Marathahalli,1612,3,2,8,Semi-Furnished,"Clubhouse, Gym, Power Backup",10390000.0,6445.41,Modern (4-10 yrs),2.68
HSR Layout,1424,3,3,4,Semi-Furnished,"Gym, High-Speed Elevators, Power Backup, Swimming Pool",13430000.0,9431.18,Modern (4-10 yrs),3.84
HSR Layout,880,2,2,1,Semi-Furnished,"Covered Parking, Intercom, Jogging Track",7850000.0,8920.45,New (0-3 yrs),1.7
HSR Layout,1603,3,3,0,Semi-Furnished,"Clubhouse, Gym, Intercom, Landscaped Garden, Tennis Court",16250000.0,10137.24,New (0-3 yrs),4.46
Hebbal,1281,2,2,1,Semi-Furnished,"Clubhouse, Gym, Landscaped Garden, Power Backup, Tennis Court",10940000.0,8540.2,New (0-3 yrs),4.73
Banashankari,498,1,1,0,Furnished,"Children's Play Area, Clubhouse, Covered Parking, Power Backup, Swimming Pool",3930000.0,7891.57,New (0-3 yrs),4.46
Jayanagar,1804,3,3,4,Semi-Furnished,"Clubhouse, Covered Parking, Gym, Intercom, Jogging Track, Power Backup",21240000.0,11773.84,Modern (4-10 yrs),4.38
Marathahalli,590,1,1,0,Furnished,"Children's Play Area, Intercom, Jogging Track, Landscaped Garden, Tennis Court",4350000.0,7372.88,New (0-3 yrs),3.66
HSR Layout,1956,3,3,2,Semi-Furnished,"Children's Play Area, Covered Parking, Power Backup",18290000.0,9350.72,New (0-3 yrs),2.05
Yelahanka,1501,3,2,12,Semi-Furnished,"24/7 Security, Clubhouse, Swimming Pool",9350000.0,6229.18,Established (11-20 yrs),3.12
Koramangala,3960,5,5,11,Semi-Furnished,"24/7 Security, Clubhouse, High-Speed Elevators, Jogging Track, Power Backup, Swimming Pool, Tennis Court",55120000.0,13919.19,Established (11-20 yrs),6.52
Indiranagar,1428,3,3,6,Semi-Furnished,"24/7 Security, Children's Play Area, Covered Parking, Intercom, Jogging Track, Swimming Pool, Tennis Court",19050000.0,13340.34,Modern (4-10 yrs),5.62
Thanisandra,2970,4,4,19,Semi-Furnished,"24/7 Security, Jogging Track, Landscaped Garden, Swimming Pool",18650000.0,6279.46,Established (11-20 yrs),3.39
Yelahanka,2100,4,4,1,Semi-Furnished,"24/7 Security, Children's Play Area, Power Backup",15600000.0,7428.57,New (0-3 yrs),2.05
Koramangala,1482,3,2,3,Unfurnished,"Children's Play Area, Clubhouse, Intercom, Power Backup, Swimming Pool",17200000.0,11605.94,New (0-3 yrs),4.2
Hebbal,1077,2,2,3,Unfurnished,"Children's Play Area, Clubhouse, Covered Parking, Gym",9370000.0,8700.09,New (0-3 yrs),3.3
Yelahanka,2420,4,3,5,Semi-Furnished,"High-Speed Elevators, Intercom, Landscaped Garden, Tennis Court",15680000.0,6479.34,Modern (4-10 yrs),3.39
Koramangala,1970,3,3,6,Furnished,"24/7 Security, Covered Parking, Gym, Power Backup, Swimming Pool",27640000.0,14030.46,Modern (4-10 yrs),4.38
Hebbal,3688,5,5,7,Semi-Furnished,"Clubhouse, Gym, Intercom, Jogging Track, Landscaped Garden, Swimming Pool",36450000.0,9883.41,Modern (4-10 yrs),5.09
Indiranagar,1940,3,3,15,Semi-Furnished,"High-Speed Elevators, Landscaped Garden",23700000.0,12216.49,Established (11-20 yrs),1.7
Koramangala,2624,4,4,8,Semi-Furnished,"Clubhouse, Covered Parking, Gym, Landscaped Garden, Swimming Pool, Tennis Court",30540000.0,11638.72,Modern (4-10 yrs),6.07
Jayanagar,2037,3,3,0,Semi-Furnished,"Children's Play Area, Gym, Swimming Pool",24760000.0,12155.13,New (0-3 yrs),2.86
HSR Layout,929,2,1,5,Semi-Furnished,"Children's Play Area, Covered Parking, High-Speed Elevators, Landscaped Garden, Swimming Pool",8730000.0,9397.2,Modern (4-10 yrs),4.38
Whitefield,1155,2,2,15,Semi-Furnished,"Power Backup, Swimming Pool",6540000.0,5662.34,Established (11-20 yrs),2.05
Jayanagar,1275,2,1,17,Furnished,"Clubhouse, Intercom, Landscaped Garden, Power Backup",14220000.0,11152.94,Established (11-20 yrs),3.04
Electronic City,1300,3,3,0,Furnished,"Children's Play Area, Covered Parking, Intercom, Landscaped Garden, Power Backup, Tennis Court",8240000.0,6338.46,New (0-3 yrs),4.55
Whitefield,615,1,1,0,Semi-Furnished,"24/7 Security, Covered Parking, High-Speed Elevators, Power Backup",2840000.0,4617.89,New (0-3 yrs),3.04
Electronic City,653,1,1,2,Furnished,"Children's Play Area, Gym, High-Speed Elevators, Tennis Court",2770000.0,4241.96,New (0-3 yrs),3.66
Rajajinagar,939,2,2,4,Furnished,"Gym, High-Speed Elevators, Intercom, Power Backup",10100000.0,10756.12,Modern (4-10 yrs),2.95
HSR Layout,2115,3,3,3,Unfurnished,"Children's Play Area, Clubhouse, Covered Parking, High-Speed Elevators, Intercom, Power Backup, Swimming Pool",17440000.0,8245.86,New (0-3 yrs),5.8
Thanisandra,2058,3,2,2,Semi-Furnished,"24/7 Security, Children's Play Area, Clubhouse, High-Speed Elevators, Jogging Track, Power Backup, Swimming Pool",11930000.0,5796.89,New (0-3 yrs),5.89
Rajajinagar,500,1,1,1,Semi-Furnished,"24/7 Security, Clubhouse, Covered Parking, Jogging Track, Swimming Pool",4900000.0,9800.0,New (0-3 yrs),4.38
Sarjapur Road,1201,2,2,0,Furnished,"Children's Play Area, Gym, Jogging Track, Landscaped Garden",9280000.0,7726.89,New (0-3 yrs),2.86
Hebbal,689,1,1,27,Unfurnished,"24/7 Security, Children's Play Area, Clubhouse, Gym, High-Speed Elevators, Intercom, Landscaped Garden",4060000.0,5892.6,Old (20+ yrs),5.45
Electronic City,1308,2,2,22,Semi-Furnished,"24/7 Security, Children's Play Area, Intercom",5100000.0,3899.08,Old (20+ yrs),1.79
Electronic City,1691,3,3,1,Unfurnished,"24/7 Security, Children's Play Area, Clubhouse, Covered Parking, Jogging Track, Landscaped Garden, Swimming Pool",8340000.0,4931.99,New (0-3 yrs),5.8
Koramangala,1083,2,2,4,Unfurnished,"Jogging Track, Landscaped Garden, Power Backup, Tennis Court",12800000.0,11819.02,Modern (4-10 yrs),3.3
Banashankari,1140,2,2,14,Semi-Furnished,"24/7 Security, Covered Parking, Gym, High-Speed Elevators, Jogging Track, Landscaped Garden, Swimming Pool, Tennis Court",7350000.0,6447.37,Established (11-20 yrs),7.14
Yelahanka,1971,3,3,0,Semi-Furnished,"24/7 Security, Children's Play Area, Gym, Landscaped Garden, Tennis Court",11150000.0,5657.03,New (0-3 yrs),4.29
Rajajinagar,1090,2,2,28,Semi-Furnished,"24/7 Security, Children's Play Area, Covered Parking, Intercom, Jogging Track, Power Backup, Tennis Court",8730000.0,8009.17,Old (20+ yrs),5.0
Hebbal,1993,3,2,12,Semi-Furnished,"Children's Play Area, Covered Parking, High-Speed Elevators, Jogging Track, Landscaped Garden, Swimming Pool",16500000.0,8278.98,Established (11-20 yrs),4.91
Sarjapur Road,683,1,1,10,Furnished,"Children's Play Area, High-Speed Elevators, Intercom, Tennis Court",4500000.0,6588.58,Modern (4-10 yrs),3.21
Electronic City,998,2,2,15,Semi-Furnished,"24/7 Security, Covered Parking, High-Speed Elevators, Landscaped Garden, Swimming Pool, Tennis Court",4310000.0,4318.64,Established (11-20 yrs),5.71
Bellandur,678,1,1,0,Unfurnished,"Clubhouse, Gym, Intercom, Jogging Track, Landscaped Garden, Swimming Pool",5300000.0,7817.11,New (0-3 yrs),5.09
Sarjapur Road,1064,2,2,3,Semi-Furnished,"Children's Play Area, Landscaped Garden, Power Backup, Tennis Court",8140000.0,7650.38,New (0-3 yrs),3.39
Koramangala,1108,2,1,2,Furnished,"Clubhouse, Covered Parking, Landscaped Garden, Tennis Court",15800000.0,14259.93,New (0-3 yrs),3.84
Bellandur,3189,5,4,1,Furnished,"24/7 Security, Clubhouse, Covered Parking, Jogging Track, Power Backup, Swimming Pool",32190000.0,10094.07,New (0-3 yrs),5.09
Electronic City,1546,3,3,3,Semi-Furnished,"24/7 Security, Intercom",8270000.0,5349.29,New (0-3 yrs),1.16
Bellandur,584,1,1,8,Semi-Furnished,"Children's Play Area, Gym, Power Backup, Swimming Pool",3980000.0,6815.07,Modern (4-10 yrs),3.57
Thanisandra,2322,4,4,1,Semi-Furnished,"Children's Play Area, Clubhouse, Intercom, Jogging Track, Swimming Pool",17600000.0,7579.67,New (0-3 yrs),4.02
Yelahanka,1578,3,3,25,Unfurnished,"24/7 Security, Clubhouse, Gym, High-Speed Elevators, Intercom, Jogging Track, Swimming Pool",6940000.0,4397.97,Old (20+ yrs),5.89
Whitefield,1511,3,3,5,Semi-Furnished,"24/7 Security, Landscaped Garden",8530000.0,5645.27,Modern (4-10 yrs),1.52
Marathahalli,2010,3,2,4,Furnished,"Children's Play Area, Covered Parking, Power Backup, Swimming Pool",16060000.0,7990.05,Modern (4-10 yrs),3.39
HSR Layout,1493,3,3,4,Semi-Furnished,"Children's Play Area, Clubhouse, Covered Parking, Intercom, Jogging Track, Power Backup",12920000.0,8653.72,Modern (4-10 yrs),4.11
Jayanagar,1028,2,2,5,Semi-Furnished,"Landscaped Garden, Swimming Pool, Tennis Court",12280000.0,11945.53,Modern (4-10 yrs),3.39
Whitefield,2436,4,4,3,Furnished,"High-Speed Elevators, Intercom, Jogging Track, Swimming Pool",14450000.0,5931.86,New (0-3 yrs),3.21
Marathahalli,534,1,1,0,Furnished,"Children's Play Area, Jogging Track, Power Backup, Tennis Court",3450000.0,6460.67,New (0-3 yrs),3.12
Whitefield,1473,3,2,0,Semi-Furnished,"24/7 Security, Covered Parking, High-Speed Elevators",8060000.0,5471.83,New (0-3 yrs),2.32
Whitefield,2100,4,4,2,Semi-Furnished,"24/7 Security, Children's Play Area, Covered Parking, High-Speed Elevators, Intercom, Jogging Track, Power Backup",14120000.0,6723.81,New (0-3 yrs),4.64
Marathahalli,1020,2,2,23,Unfurnished,"Children's Play Area, Gym, High-Speed Elevators",4620000.0,4529.41,Old (20+ yrs),2.41
Rajajinagar,1607,3,2,4,Unfurnished,"Gym, High-Speed Elevators, Tennis Court",15440000.0,9607.97,Modern (4-10 yrs),3.04
Hebbal,1183,2,2,22,Semi-Furnished,"Children's Play Area, Covered Parking, Intercom, Landscaped Garden, Power Backup",7930000.0,6703.3,Old (20+ yrs),3.3
Jayanagar,1062,2,2,2,Furnished,"24/7 Security, Children's Play Area, Clubhouse, Covered Parking, High-Speed Elevators, Intercom, Jogging Track, Power Backup, Swimming Pool",13850000.0,13041.43,New (0-3 yrs),7.05
Electronic City,1492,3,3,12,Unfurnished,"Children's Play Area, Power Backup, Swimming Pool",6250000.0,4189.01,Established (11-20 yrs),2.68
Electronic City,514,1,1,4,Semi-Furnished,"24/7 Security, Clubhouse, Covered Parking, High-Speed Elevators, Intercom, Landscaped Garden, Power Backup",2630000.0,5116.73,Modern (4-10 yrs),5.36
HSR Layout,700,1,1,2,Furnished,"24/7 Security, Gym, High-Speed Elevators, Jogging Track, Landscaped Garden, Power Backup, Tennis Court",6140000.0,8771.43,New (0-3 yrs),5.8
Rajajinagar,1691,3,3,10,Furnished,"Jogging Track, Power Backup, Swimming Pool, Tennis Court",17490000.0,10342.99,Modern (4-10 yrs),3.84
Yelahanka,1020,2,2,3,Semi-Furnished,"Children's Play Area, High-Speed Elevators, Intercom, Landscaped Garden, Power Backup",6430000.0,6303.92,New (0-3 yrs),3.48
Whitefield,608,1,1,10,Unfurnished,"Children's Play Area, High-Speed Elevators, Landscaped Garden, Swimming Pool",2680000.0,4407.89,Modern (4-10 yrs),3.66
Jayanagar,4325,5,5,0,Furnished,"Clubhouse, Intercom, Power Backup, Swimming Pool, Tennis Court",69680000.0,16110.98,New (0-3 yrs),4.82
Electronic City,1095,2,1,0,Furnished,"High-Speed Elevators, Intercom, Swimming Pool",5650000.0,5159.82,New (0-3 yrs),2.68
Electronic City,1378,3,2,3,Semi-Furnished,"24/7 Security, Children's Play Area, Gym, High-Speed Elevators, Intercom, Landscaped Garden, Swimming Pool",7040000.0,5108.85,New (0-3 yrs),5.71
Koramangala,636,1,1,1,Semi-Furnished,"24/7 Security, Landscaped Garden",8470000.0,13317.61,New (0-3 yrs),1.52
Jayanagar,1994,3,3,12,Unfurnished,"Children's Play Area, Gym, High-Speed Elevators, Jogging Track, Tennis Court",19240000.0,9648.95,Established (11-20 yrs),4.2
Bellandur,1605,3,3,11,Semi-Furnished,"Covered Parking, Gym, High-Speed Elevators, Intercom, Power Backup, Tennis Court",11450000.0,7133.96,Established (11-20 yrs),4.91
Marathahalli,1024,2,1,27,Semi-Furnished,"24/7 Security, Children's Play Area, High-Speed Elevators",4910000.0,4794.92,Old (20+ yrs),2.23
Hebbal,1012,2,2,4,Furnished,"Clubhouse, Gym, Landscaped Garden",8760000.0,8656.13,Modern (4-10 yrs),2.77
Bellandur,1300,3,2,6,Unfurnished,"Children's Play Area, Clubhouse, Gym, Jogging Track, Swimming Pool",9770000.0,7515.38,Modern (4-10 yrs),4.46
Koramangala,1119,2,2,0,Semi-Furnished,"24/7 Security, Clubhouse, Covered Parking, High-Speed Elevators, Intercom, Landscaped Garden, Swimming Pool",14290000.0,12770.33,New (0-3 yrs),5.98
Marathahalli,1643,3,2,2,Unfurnished,"Children's Play Area, Covered Parking, Intercom, Landscaped Garden, Tennis Court",10070000.0,6129.03,New (0-3 yrs),3.84
Thanisandra,1584,3,3,0,Furnished,"Children's Play Area, Gym, High-Speed Elevators, Jogging Track, Landscaped Garden, Tennis Court",11630000.0,7342.17,New (0-3 yrs),5.0
Whitefield,1921,3,3,5,Unfurnished,"24/7 Security, Clubhouse, Tennis Court",11940000.0,6215.51,Modern (4-10 yrs),3.04
Whitefield,2040,3,2,3,Semi-Furnished,"Children's Play Area, High-Speed Elevators, Jogging Track, Swimming Pool",9930000.0,4867.65,New (0-3 yrs),3.39
Koramangala,672,1,1,2,Furnished,"24/7 Security, Clubhouse, Intercom",8550000.0,12723.21,New (0-3 yrs),2.23
Indiranagar,1635,3,2,10,Unfurnished,"24/7 Security, Jogging Track, Swimming Pool",18610000.0,11382.26,Modern (4-10 yrs),2.59
Bellandur,730,1,1,22,Unfurnished,"24/7 Security, Jogging Track, Power Backup",4210000.0,5767.12,Old (20+ yrs),1.96
Malleshwaram,970,2,2,5,Furnished,"Children's Play Area, Clubhouse, Covered Parking, Swimming Pool",10880000.0,11216.49,Modern (4-10 yrs),3.75
Jayanagar,1592,3,2,8,Semi-Furnished,"Clubhouse, Covered Parking, Gym, Intercom, Landscaped Garden, Power Backup",19660000.0,12349.25,Modern (4-10 yrs),4.64
Electronic City,644,1,1,2,Unfurnished,"Clubhouse, Gym",2720000.0,4223.6,New (0-3 yrs),1.96
Whitefield,848,2,2,19,Semi-Furnished,"Clubhouse, Covered Parking, High-Speed Elevators, Intercom, Swimming Pool, Tennis Court",4090000.0,4823.11,Established (11-20 yrs),5.71
Indiranagar,976,2,2,3,Unfurnished,"Children's Play Area, Clubhouse, Covered Parking, Intercom",12560000.0,12868.85,New (0-3 yrs),2.86
Thanisandra,1646,3,2,26,Unfurnished,"Covered Parking, Power Backup",6700000.0,4070.47,Old (20+ yrs),1.43
Koramangala,1300,3,3,0,Furnished,"Children's Play Area, Clubhouse, High-Speed Elevators, Intercom",17170000.0,13207.69,New (0-3 yrs),3.04
Sarjapur Road,1300,3,2,0,Unfurnished,"Children's Play Area, Covered Parking, High-Speed Elevators, Intercom",9630000.0,7407.69,New (0-3 yrs),2.68
HSR Layout,1074,2,1,0,Unfurnished,"Children's Play Area, Clubhouse, Covered Parking, Gym, Power Backup",8890000.0,8277.47,New (0-3 yrs),4.02
Koramangala,567,1,1,1,Unfurnished,"24/7 Security, Covered Parking, Intercom, Power Backup",6140000.0,10828.92,New (0-3 yrs),2.59
Hebbal,723,1,1,6,Furnished,"Clubhouse, Covered Parking, High-Speed Elevators, Intercom, Power Backup, Swimming Pool",5270000.0,7289.07,Modern (4-10 yrs),5.18
HSR Layout,1966,3,2,4,Semi-Furnished,"Children's Play Area, High-Speed Elevators, Intercom, Jogging Track, Landscaped Garden, Swimming Pool, Tennis Court",18690000.0,9506.61,Modern (4-10 yrs),5.89
Bellandur,3159,4,4,0,Unfurnished,"24/7 Security, Children's Play Area, Covered Parking, Gym, Intercom, Jogging Track, Landscaped Garden",29360000.0,9294.08,New (0-3 yrs),4.73
Marathahalli,1025,2,2,4,Furnished,"24/7 Security, Children's Play Area, Clubhouse, Gym, Jogging Track, Landscaped Garden, Swimming Pool",450000.0,439.02,Modern (4-10 yrs),5.98
Whitefield,1145,2,2,14,Semi-Furnished,"24/7 Security, Covered Parking, Landscaped Garden, Swimming Pool",6330000.0,5528.38,Established (11-20 yrs),3.57
Jayanagar,1074,2,2,4,Semi-Furnished,"24/7 Security, Clubhouse, Intercom, Jogging Track, Landscaped Garden",12730000.0,11852.89,Modern (4-10 yrs),3.57
Electronic City,1086,2,2,11,Unfurnished,"24/7 Security, Covered Parking, Swimming Pool",4790000.0,4410.68,Established (11-20 yrs),2.77
Electronic City,1333,3,2,3,Furnished,"Covered Parking, Gym, High-Speed Elevators, Jogging Track",8160000.0,6121.53,New (0-3 yrs),3.04
Whitefield,1195,2,2,4,Furnished,"24/7 Security, Children's Play Area, Covered Parking, Intercom",7640000.0,6393.31,Modern (4-10 yrs),2.5
Indiranagar,1705,3,2,3,Semi-Furnished,"High-Speed Elevators, Intercom, Jogging Track, Power Backup, Tennis Court",22930000.0,13448.68,New (0-3 yrs),3.84
Koramangala,3975,5,5,21,Semi-Furnished,"24/7 Security, High-Speed Elevators, Power Backup",36990000.0,9305.66,Old (20+ yrs),2.32
Sarjapur Road,2697,4,3,17,Semi-Furnished,"24/7 Security, Children's Play Area, Clubhouse, Intercom, Landscaped Garden, Power Backup, Swimming Pool",18350000.0,6803.86,Established (11-20 yrs),5.71
Whitefield,681,1,1,1,Unfurnished,"Clubhouse, Covered Parking, Intercom, Landscaped Garden",3710000.0,5447.87,New (0-3 yrs),3.04
Bellandur,1607,3,2,4,Unfurnished,"Children's Play Area, Covered Parking, High-Speed Elevators, Landscaped Garden, Power Backup",11960000.0,7442.44,Modern (4-10 yrs),3.75
Yelahanka,1938,3,3,9,Furnished,"24/7 Security, Covered Parking",11130000.0,5743.03,Modern (4-10 yrs),1.43
Banashankari,1209,2,1,4,Unfurnished,"Gym, Intercom, Jogging Track, Landscaped Garden, Power Backup, Swimming Pool, Tennis Court",8150000.0,6741.11,Modern (4-10 yrs),5.98
Marathahalli,704,1,1,2,Semi-Furnished,"Covered Parking, Intercom, Landscaped Garden",4400000.0,6250.0,New (0-3 yrs),1.96
Yelahanka,1564,3,3,6,Semi-Furnished,"24/7 Security, Children's Play Area, Clubhouse, Covered Parking, High-Speed Elevators, Intercom, Swimming Pool, Tennis Court",9080000.0,5805.63,Modern (4-10 yrs),7.05
Marathahalli,905,2,2,2,Unfurnished,"24/7 Security, Gym, Intercom, Jogging Track",5290000.0,5845.3,New (0-3 yrs),2.59
Yelahanka,1820,3,3,11,Semi-Furnished,"Children's Play Area, Landscaped Garden, Power Backup, Tennis Court",11360000.0,6241.76,Established (11-20 yrs),3.39
Marathahalli,992,2,2,1,Semi-Furnished,"24/7 Security, Intercom, Jogging Track, Tennis Court",6020000.0,6068.55,New (0-3 yrs),2.95
Banashankari,1613,3,3,7,Semi-Furnished,"Covered Parking, Intercom, Landscaped Garden, Power Backup, Swimming Pool",11600000.0,7191.57,Modern (4-10 yrs),4.02
Jayanagar,917,2,2,1,Semi-Furnished,"Clubhouse, Intercom, Swimming Pool, Tennis Court",10030000.0,10937.84,New (0-3 yrs),4.11
Malleshwaram,3342,5,4,2,Unfurnished,"Children's Play Area, Clubhouse, Intercom, Power Backup, Swimming Pool",40740000.0,12190.31,New (0-3 yrs),4.2
Banashankari,1380,3,3,8,Unfurnished,"Intercom, Jogging Track, Landscaped Garden",8720000.0,6318.84,Modern (4-10 yrs),1.79
Hebbal,2142,4,4,10,Unfurnished,"Children's Play Area, Gym, Intercom, Swimming Pool",20310000.0,9481.79,Modern (4-10 yrs),3.3
Yelahanka,972,2,2,3,Semi-Furnished,"Clubhouse, High-Speed Elevators",5570000.0,5730.45,New (0-3 yrs),1.96
Hebbal,1180,2,2,3,Unfurnished,"Covered Parking, High-Speed Elevators, Intercom, Power Backup",7460000.0,6322.03,New (0-3 yrs),2.77
Sarjapur Road,882,2,2,18,Semi-Furnished,"24/7 Security, Covered Parking, Swimming Pool, Tennis Court",5590000.0,6337.87,Established (11-20 yrs),4.02
Electronic City,3015,4,3,7,Unfurnished,"24/7 Security, High-Speed Elevators, Intercom, Jogging Track, Tennis Court",13380000.0,4437.81,Modern (4-10 yrs),3.84
Whitefield,1675,3,2,0,Semi-Furnished,"24/7 Security, Clubhouse, High-Speed Elevators, Landscaped Garden, Swimming Pool",10800000.0,6447.76,New (0-3 yrs),4.82
Yelahanka,980,2,2,2,Unfurnished,"24/7 Security, Children's Play Area, Covered Parking, Intercom, Swimming Pool",5510000.0,5622.45,New (0-3 yrs),3.84
Hebbal,1300,3,3,0,Semi-Furnished,"24/7 Security, Children's Play Area, Clubhouse, Landscaped Garden, Swimming Pool",11750000.0,9038.46,New (0-3 yrs),4.55
Hebbal,1240,2,2,9,Furnished,"Children's Play Area, Gym, High-Speed Elevators",9300000.0,7500.0,Modern (4-10 yrs),2.41
Electronic City,958,2,2,2,Semi-Furnished,"Covered Parking, Power Backup, Swimming Pool",4830000.0,5041.75,New (0-3 yrs),2.77
Bellandur,1205,2,2,2,Semi-Furnished,"Children's Play Area, Clubhouse, Covered Parking, Gym, Jogging Track, Landscaped Garden, Swimming Pool",9460000.0,7850.62,New (0-3 yrs),5.98
Bellandur,842,2,2,12,Semi-Furnished,"Children's Play Area, Clubhouse, High-Speed Elevators, Intercom, Jogging Track, Landscaped Garden, Power Backup",5830000.0,6923.99,Established (11-20 yrs),5.09
Koramangala,3215,4,3,2,Semi-Furnished,"Clubhouse, High-Speed Elevators, Intercom",42180000.0,13119.75,New (0-3 yrs),2.41
Bellandur,1940,3,2,4,Unfurnished,"Power Backup, Swimming Pool",12310000.0,6345.36,Modern (4-10 yrs),2.05
Koramangala,1692,3,3,0,Semi-Furnished,"24/7 Security, Children's Play Area, Clubhouse, Intercom, Swimming Pool",24020000.0,14196.22,New (0-3 yrs),4.2
Sarjapur Road,1082,2,2,8,Furnished,"Children's Play Area, Covered Parking, Intercom, Jogging Track, Tennis Court",7180000.0,6635.86,Modern (4-10 yrs),3.57
Malleshwaram,854,2,2,2,Furnished,"Children's Play Area, Covered Parking",9410000.0,11018.74,New (0-3 yrs),1.34
Malleshwaram,1507,3,3,5,Unfurnished,"24/7 Security, Children's Play Area, Clubhouse, Gym, Jogging Track, Swimming Pool, Tennis Court",17580000.0,11665.56,Modern (4-10 yrs),6.43
Malleshwaram,1619,3,3,3,Furnished,"Clubhouse, Covered Parking, Gym, Jogging Track, Power Backup, Tennis Court",17690000.0,10926.5,New (0-3 yrs),5.18
Whitefield,1088,2,2,4,Furnished,"Clubhouse, Gym, Jogging Track, Power Backup, Tennis Court",6740000.0,6194.85,Modern (4-10 yrs),4.46
Rajajinagar,1032,2,2,0,Semi-Furnished,"High-Speed Elevators, Jogging Track, Power Backup, Swimming Pool",10850000.0,10513.57,New (0-3 yrs),3.48
HSR Layout,2834,4,4,3,Unfurnished,"Clubhouse, Gym, Jogging Track, Power Backup, Tennis Court",27040000.0,9541.28,New (0-3 yrs),4.46
Sarjapur Road,1588,3,3,0,Furnished,"Covered Parking, High-Speed Elevators, Intercom, Power Backup, Tennis Court",11950000.0,7525.19,New (0-3 yrs),4.02
Marathahalli,1080,2,2,4,Unfurnished,"Children's Play Area, Tennis Court",6810000.0,6305.56,Modern (4-10 yrs),1.87
Indiranagar,632,1,1,5,Unfurnished,"24/7 Security, Clubhouse, Covered Parking, Jogging Track",6890000.0,10901.9,Modern (4-10 yrs),3.04
Electronic City,943,2,2,22,Semi-Furnished,"Children's Play Area, Gym, Swimming Pool",4430000.0,4697.77,Old (20+ yrs),2.86
Koramangala,3485,4,3,3,Unfurnished,"Covered Parking, High-Speed Elevators, Intercom, Jogging Track, Power Backup",44220000.0,12688.67,New (0-3 yrs),3.3
Bellandur,1254,2,2,0,Furnished,"Clubhouse, Jogging Track, Power Backup",9510000.0,7583.73,New (0-3 yrs),2.32
Sarjapur Road,1300,3,3,3,Furnished,"24/7 Security, High-Speed Elevators, Power Backup, Swimming Pool",9720000.0,7476.92,New (0-3 yrs),3.66
Hebbal,874,2,2,3,Semi-Furnished,"24/7 Security, Gym, Power Backup, Swimming Pool",7660000.0,8764.3,New (0-3 yrs),3.66
Bellandur,1828,3,3,2,Unfurnished,"Covered Parking, Gym, Intercom, Jogging Track, Swimming Pool",12750000.0,6974.84,New (0-3 yrs),3.93
Whitefield,4958,5,4,9,Furnished,"Covered Parking, Gym, Intercom, Jogging Track, Power Backup, Swimming Pool, Tennis Court",32770000.0,6609.52,Modern (4-10 yrs),5.89
Banashankari,1448,3,2,10,Semi-Furnished,"Gym, Intercom, Swimming Pool",12140000.0,8383.98,Modern (4-10 yrs),2.68
Indiranagar,3245,4,3,8,Unfurnished,"24/7 Security, Clubhouse, Covered Parking, Gym, High-Speed Elevators, Intercom, Power Backup, Swimming Pool",49390000.0,15220.34,Modern (4-10 yrs),6.79
Banashankari,3249,4,3,1,Semi-Furnished,"Children's Play Area, Covered Parking, Gym, Jogging Track, Swimming Pool",21970000.0,6762.08,New (0-3 yrs),4.11
Marathahalli,1774,3,3,2,Unfurnished,"24/7 Security, Children's Play Area, Landscaped Garden, Tennis Court",11870000.0,6691.09,New (0-3 yrs),3.39
Yelahanka,1104,2,1,1,Semi-Furnished,"24/7 Security, Children's Play Area, Gym, High-Speed Elevators, Jogging Track, Swimming Pool",5310000.0,4809.78,New (0-3 yrs),5.0
Whitefield,1820,3,2,1,Unfurnished,"Clubhouse, Power Backup, Tennis Court",10790000.0,5928.57,New (0-3 yrs),3.04
Sarjapur Road,1323,3,3,0,Furnished,"24/7 Security, Clubhouse, Gym, High-Speed Elevators, Intercom, Jogging Track",12880000.0,9735.45,New (0-3 yrs),4.55
Marathahalli,1071,2,2,6,Unfurnished,"24/7 Security, Gym, High-Speed Elevators, Tennis Court",6400000.0,5975.72,Modern (4-10 yrs),3.75
Electronic City,1075,2,2,16,Unfurnished,"24/7 Security, Clubhouse, Gym, High-Speed Elevators, Jogging Track, Landscaped Garden, Power Backup, Swimming Pool",4970000.0,4623.26,Established (11-20 yrs),6.96
Malleshwaram,1754,3,3,8,Unfurnished,"Children's Play Area, Clubhouse, Covered Parking, High-Speed Elevators, Intercom, Jogging Track, Power Backup, Tennis Court",16790000.0,9572.41,Modern (4-10 yrs),6.25
Yelahanka,1595,3,3,4,Semi-Furnished,"24/7 Security, Covered Parking, Landscaped Garden, Power Backup",9460000.0,5931.03,Modern (4-10 yrs),2.95
Whitefield,1515,3,3,0,Furnished,"Clubhouse, Jogging Track, Landscaped Garden, Power Backup, Swimming Pool, Tennis Court",10210000.0,6739.27,New (0-3 yrs),5.71
Bellandur,1201,2,1,6,Furnished,"Clubhouse, Covered Parking",8920000.0,7427.14,Modern (4-10 yrs),1.79
Thanisandra,1868,3,2,0,Furnished,"Clubhouse, Gym, High-Speed Elevators, Intercom, Swimming Pool",12090000.0,6472.16,New (0-3 yrs),4.64
Koramangala,1047,2,2,20,Unfurnished,"24/7 Security, Clubhouse, Covered Parking, Intercom, Jogging Track, Tennis Court",9650000.0,9216.81,Established (11-20 yrs),4.73
Marathahalli,1932,3,3,0,Furnished,"24/7 Security, Gym, Tennis Court",14630000.0,7572.46,New (0-3 yrs),2.86
Marathahalli,1079,2,2,1,Unfurnished,"Covered Parking, Intercom, Jogging Track, Landscaped Garden, Power Backup",7860000.0,7284.52,New (0-3 yrs),3.21
HSR Layout,1273,2,2,0,Semi-Furnished,"Covered Parking, Gym, Power Backup",12060000.0,9473.68,New (0-3 yrs),2.32
Electronic City,1134,2,2,28,Semi-Furnished,"Children's Play Area, Clubhouse, High-Speed Elevators, Intercom, Jogging Track",5090000.0,4488.54,Old (20+ yrs),3.57
Banashankari,529,1,1,2,Unfurnished,"Clubhouse, Covered Parking, Gym, Power Backup",3050000.0,5765.6,New (0-3 yrs),3.39
Rajajinagar,1611,3,2,0,Unfurnished,"24/7 Security, Clubhouse, Gym, Intercom",16460000.0,10217.26,New (0-3 yrs),3.12
Whitefield,1137,2,2,2,Semi-Furnished,"Clubhouse, Intercom",6210000.0,5461.74,New (0-3 yrs),1.52
Yelahanka,1178,2,2,12,Semi-Furnished,"24/7 Security, Children's Play Area, Clubhouse, Covered Parking, Power Backup",6460000.0,5483.87,Established (11-20 yrs),3.84
Whitefield,1209,2,2,0,Unfurnished,"24/7 Security, Gym, Jogging Track, Landscaped Garden",6050000.0,5004.14,New (0-3 yrs),2.95
Whitefield,1677,3,3,7,Semi-Furnished,"24/7 Security, Gym, Intercom, Swimming Pool, Tennis Court",10710000.0,6386.4,Modern (4-10 yrs),4.64
Malleshwaram,2426,4,4,1,Furnished,"24/7 Security, Children's Play Area, Covered Parking, Gym, High-Speed Elevators, Intercom, Tennis Court",29120000.0,12003.3,New (0-3 yrs),5.54
Marathahalli,1017,2,1,3,Semi-Furnished,"Children's Play Area, Covered Parking, Gym, Intercom, Power Backup, Tennis Court",6430000.0,6322.52,New (0-3 yrs),4.64
Marathahalli,1087,2,2,2,Semi-Furnished,"Power Backup, Swimming Pool",6530000.0,6007.36,New (0-3 yrs),2.05
Rajajinagar,1352,2,2,12,Unfurnished,"Children's Play Area, Gym, Swimming Pool, Tennis Court",12790000.0,9460.06,Established (11-20 yrs),4.11
HSR Layout,1695,3,2,16,Semi-Furnished,"Clubhouse, Gym, Jogging Track, Power Backup",12440000.0,7339.23,Established (11-20 yrs),3.21
Whitefield,1339,2,2,28,Semi-Furnished,"Clubhouse, Landscaped Garden, Power Backup, Tennis Court",5280000.0,3943.24,Old (20+ yrs),3.84
Marathahalli,1266,2,2,5,Semi-Furnished,"Covered Parking, Intercom, Landscaped Garden, Power Backup",8940000.0,7061.61,Modern (4-10 yrs),2.68
Malleshwaram,1789,3,2,15,Semi-Furnished,"Clubhouse, Gym, High-Speed Elevators, Intercom, Power Backup",19400000.0,10844.05,Established (11-20 yrs),4.02
Jayanagar,976,2,2,0,Unfurnished,"24/7 Security, Children's Play Area, Jogging Track",10400000.0,10655.74,New (0-3 yrs),1.88
Jayanagar,1300,3,3,3,Semi-Furnished,"Gym, Jogging Track, Landscaped Garden, Tennis Court",16210000.0,12469.23,New (0-3 yrs),3.48
Thanisandra,1799,3,3,0,Semi-Furnished,"Clubhouse, Jogging Track, Landscaped Garden, Swimming Pool, Tennis Court",11600000.0,6448.03,New (0-3 yrs),5.0
Sarjapur Road,544,1,1,12,Semi-Furnished,"24/7 Security, Children's Play Area, High-Speed Elevators, Swimming Pool",3180000.0,5845.59,Established (11-20 yrs),3.57
Malleshwaram,933,2,2,1,Semi-Furnished,"Clubhouse, Covered Parking, Intercom, Tennis Court",9420000.0,10096.46,New (0-3 yrs),3.48
HSR Layout,1222,2,2,0,Furnished,"24/7 Security, Children's Play Area, Gym, High-Speed Elevators, Landscaped Garden, Power Backup, Tennis Court",12500000.0,10229.13,New (0-3 yrs),5.89
Hebbal,1793,3,3,5,Semi-Furnished,"High-Speed Elevators, Power Backup, Tennis Court",14510000.0,8092.58,Modern (4-10 yrs),2.86
HSR Layout,633,1,1,2,Furnished,"Children's Play Area, Gym, Jogging Track, Swimming Pool, Tennis Court",6540000.0,10331.75,New (0-3 yrs),4.64
Yelahanka,1061,2,2,16,Semi-Furnished,"Clubhouse, Covered Parking, Gym, High-Speed Elevators, Intercom, Jogging Track, Power Backup, Tennis Court",5660000.0,5334.59,Established (11-20 yrs),6.52
Malleshwaram,1068,2,2,0,Semi-Furnished,"Children's Play Area, Covered Parking, Intercom",11250000.0,10533.71,New (0-3 yrs),1.79
Whitefield,654,1,1,6,Furnished,"24/7 Security, Children's Play Area, Clubhouse, Covered Parking, Gym, Intercom, Jogging Track, Landscaped Garden, Power Backup",3860000.0,5902.14,Modern (4-10 yrs),6.52
HSR Layout,1307,3,3,7,Furnished,"Covered Parking, Gym, High-Speed Elevators",11680000.0,8936.5,Modern (4-10 yrs),2.5
Whitefield,1424,3,2,6,Furnished,"24/7 Security, Gym, Intercom, Jogging Track, Power Backup, Swimming Pool, Tennis Court",8590000.0,6032.3,Modern (4-10 yrs),5.89
Koramangala,542,1,1,1,Furnished,"Intercom, Landscaped Garden, Swimming Pool",6310000.0,11642.07,New (0-3 yrs),2.59
Bellandur,2100,4,3,4,Semi-Furnished,"24/7 Security, Covered Parking, Gym, High-Speed Elevators, Intercom, Landscaped Garden, Power Backup, Swimming Pool, Tennis Court",18750000.0,8928.57,Modern (4-10 yrs),7.77
Marathahalli,1494,3,2,0,Semi-Furnished,"Children's Play Area, Intercom, Jogging Track, Power Backup, Tennis Court",9970000.0,6673.36,New (0-3 yrs),3.57
Yelahanka,1578,3,3,8,Unfurnished,"Covered Parking, High-Speed Elevators, Tennis Court",9080000.0,5754.12,Modern (4-10 yrs),2.86
Electronic City,2583,4,3,5,Unfurnished,"24/7 Security, Children's Play Area, Clubhouse, Gym, High-Speed Elevators, Intercom, Jogging Track",15330000.0,5934.96,Modern (4-10 yrs),5.18
Sarjapur Road,1556,3,3,8,Furnished,"Covered Parking, Gym, Landscaped Garden, Swimming Pool",11270000.0,7242.93,Modern (4-10 yrs),3.75
Electronic City,1094,2,2,4,Semi-Furnished,"Children's Play Area, Gym, Swimming Pool",4920000.0,4497.26,Modern (4-10 yrs),2.86
Electronic City,1132,2,2,14,Furnished,"Gym, Intercom, Swimming Pool",5520000.0,4876.33,Established (11-20 yrs),2.68
Malleshwaram,1111,2,2,5,Unfurnished,"24/7 Security, Children's Play Area, Covered Parking, High-Speed Elevators",12530000.0,11278.13,Modern (4-10 yrs),2.95
Indiranagar,1893,3,2,2,Semi-Furnished,"Children's Play Area, Covered Parking, High-Speed Elevators, Tennis Court",23470000.0,12398.31,New (0-3 yrs),3.48
Thanisandra,1079,2,2,5,Furnished,"Children's Play Area, Clubhouse, Covered Parking, Gym, Swimming Pool",6690000.0,6200.19,Modern (4-10 yrs),4.64
Koramangala,1494,3,2,2,Semi-Furnished,"Children's Play Area, Clubhouse, Landscaped Garden",19470000.0,13032.13,New (0-3 yrs),2.5
HSR Layout,1663,3,3,2,Semi-Furnished,"24/7 Security, Covered Parking, Jogging Track",14030000.0,8436.56,New (0-3 yrs),1.96
Bellandur,1091,2,2,1,Unfurnished,"24/7 Security, Children's Play Area, Covered Parking, High-Speed Elevators, Power Backup",6560000.0,6012.83,New (0-3 yrs),3.66
Indiranagar,1647,3,3,2,Unfurnished,"24/7 Security, Intercom, Jogging Track, Landscaped Garden",25670000.0,15585.91,New (0-3 yrs),2.5
Electronic City,1750,3,3,2,Semi-Furnished,"Gym, Jogging Track, Landscaped Garden, Power Backup, Tennis Court",10720000.0,6125.71,New (0-3 yrs),4.2
Banashankari,1584,3,2,1,Unfurnished,"Children's Play Area, Clubhouse, Covered Parking, High-Speed Elevators, Jogging Track, Landscaped Garden, Power Backup, Swimming Pool",12600000.0,7954.55,New (0-3 yrs),6.7
Marathahalli,2556,4,4,14,Semi-Furnished,"24/7 Security, Children's Play Area, Landscaped Garden, Power Backup, Swimming Pool",17130000.0,6701.88,Established (11-20 yrs),4.2
Whitefield,2772,4,4,3,Semi-Furnished,"Clubhouse, Covered Parking, Jogging Track, Swimming Pool, Tennis Court",21160000.0,7633.48,New (0-3 yrs),4.91
Malleshwaram,1443,3,2,7,Furnished,"Clubhouse, Swimming Pool, Tennis Court",14890000.0,10318.78,Modern (4-10 yrs),3.66
Whitefield,991,2,2,10,Furnished,"24/7 Security, Clubhouse, Covered Parking, Gym, High-Speed Elevators, Intercom, Landscaped Garden, Power Backup",6210000.0,6266.4,Modern (4-10 yrs),6.25
Jayanagar,1150,2,1,0,Unfurnished,"24/7 Security, Covered Parking, Jogging Track, Landscaped Garden, Swimming Pool",12700000.0,11043.48,New (0-3 yrs),4.11
Hebbal,1886,3,3,7,Semi-Furnished,"24/7 Security, Power Backup, Swimming Pool",15600000.0,8271.47,Modern (4-10 yrs),2.77
Rajajinagar,2372,4,4,6,Semi-Furnished,"Covered Parking, Power Backup, Swimming Pool",26800000.0,11298.48,Modern (4-10 yrs),2.77
Whitefield,485,1,1,0,Semi-Furnished,"Clubhouse, Covered Parking, Gym, Jogging Track",2590000.0,5340.21,New (0-3 yrs),3.21
Electronic City,1906,3,3,2,Semi-Furnished,"Clubhouse, Covered Parking, Gym, High-Speed Elevators",9390000.0,4926.55,New (0-3 yrs),3.57
Rajajinagar,947,2,2,0,Semi-Furnished,"Covered Parking, Jogging Track, Landscaped Garden, Power Backup, Tennis Court",10990000.0,11605.07,New (0-3 yrs),4.02
HSR Layout,550,1,1,5,Semi-Furnished,"24/7 Security, Children's Play Area, High-Speed Elevators, Tennis Court",4260000.0,7745.45,Modern (4-10 yrs),3.48
Whitefield,1149,2,2,8,Furnished,"24/7 Security, Children's Play Area, Clubhouse, Covered Parking, Intercom, Landscaped Garden, Power Backup",7650000.0,6657.96,Modern (4-10 yrs),5.09
Yelahanka,2826,4,4,5,Semi-Furnished,"24/7 Security, Covered Parking, Intercom, Tennis Court",15250000.0,5396.32,Modern (4-10 yrs),3.12
Jayanagar,1823,3,3,4,Unfurnished,"24/7 Security, Children's Play Area, Clubhouse, Covered Parking, Jogging Track, Landscaped Garden, Tennis Court",19790000.0,10855.73,Modern (4-10 yrs),5.71
Marathahalli,1503,3,3,3,Unfurnished,"24/7 Security, Intercom, Jogging Track, Power Backup",9970000.0,6633.4,New (0-3 yrs),2.41
Indiranagar,1950,3,3,7,Furnished,"Gym, High-Speed Elevators, Intercom, Power Backup, Tennis Court",27270000.0,13984.62,Modern (4-10 yrs),4.2
Jayanagar,1994,3,3,27,Semi-Furnished,"24/7 Security, Clubhouse, Gym, Power Backup, Swimming Pool",20150000.0,10105.32,Old (20+ yrs),4.73
Sarjapur Road,2100,4,4,13,Unfurnished,"Clubhouse, Covered Parking, High-Speed Elevators, Tennis Court",15240000.0,7257.14,Established (11-20 yrs),3.93
Sarjapur Road,628,1,1,1,Unfurnished,"Children's Play Area, Clubhouse, Power Backup, Swimming Pool",3870000.0,6162.42,New (0-3 yrs),3.75
Electronic City,1907,3,2,3,Furnished,"Clubhouse, Gym, High-Speed Elevators, Intercom, Swimming Pool",12020000.0,6303.09,New (0-3 yrs),4.64
Bellandur,1659,3,3,12,Semi-Furnished,"24/7 Security, Clubhouse, Covered Parking, Gym, Intercom, Swimming Pool",14950000.0,9011.45,Established (11-20 yrs),5.18
Jayanagar,1240,2,2,26,Semi-Furnished,"Clubhouse, Gym, Power Backup, Tennis Court",11110000.0,8959.68,Old (20+ yrs),3.93
Sarjapur Road,1223,2,2,1,Furnished,"24/7 Security, Intercom, Tennis Court",9630000.0,7874.08,New (0-3 yrs),2.41
Yelahanka,1013,2,2,16,Semi-Furnished,"Gym, High-Speed Elevators, Power Backup",4220000.0,4165.84,Established (11-20 yrs),2.5
Whitefield,1561,3,2,5,Unfurnished,"24/7 Security, Gym",9680000.0,6201.15,Modern (4-10 yrs),1.61
HSR Layout,1163,2,2,4,Semi-Furnished,"Children's Play Area, Covered Parking, Gym, High-Speed Elevators, Swimming Pool",11760000.0,10111.78,Modern (4-10 yrs),4.46
Jayanagar,1056,2,2,5,Furnished,"Children's Play Area, Clubhouse, Covered Parking, High-Speed Elevators, Intercom, Jogging Track, Landscaped Garden, Power Backup, Tennis Court",11750000.0,11126.89,Modern (4-10 yrs),7.05
Electronic City,2100,4,3,0,Unfurnished,"24/7 Security, Children's Play Area, Clubhouse, Covered Parking, High-Speed Elevators, Power Backup, Tennis Court",11630000.0,5538.1,New (0-3 yrs),5.98
Electronic City,517,1,1,7,Furnished,"Covered Parking, Gym, Jogging Track, Power Backup",2290000.0,4429.4,Modern (4-10 yrs),2.86
Whitefield,1611,3,3,3,Semi-Furnished,"Children's Play Area, Covered Parking, Gym, Jogging Track, Landscaped Garden, Power Backup",10980000.0,6815.64,New (0-3 yrs),4.29
Hebbal,1558,3,2,6,Semi-Furnished,"Covered Parking, High-Speed Elevators, Intercom, Landscaped Garden, Power Backup",13400000.0,8600.77,Modern (4-10 yrs),3.57
Jayanagar,1628,3,3,9,Semi-Furnished,"Covered Parking, High-Speed Elevators, Intercom, Jogging Track, Landscaped Garden",18540000.0,11388.21,Modern (4-10 yrs),3.39
Bellandur,511,1,1,2,Furnished,"Clubhouse, Swimming Pool",3760000.0,7358.12,New (0-3 yrs),2.41
HSR Layout,975,2,2,10,Semi-Furnished,"High-Speed Elevators, Jogging Track, Swimming Pool",7910000.0,8112.82,Modern (4-10 yrs),2.77
Koramangala,1271,2,2,5,Semi-Furnished,"24/7 Security, Children's Play Area, Landscaped Garden, Tennis Court",14860000.0,11691.58,Modern (4-10 yrs),3.39
Electronic City,2761,4,4,6,Unfurnished,"Gym, High-Speed Elevators, Power Backup",14280000.0,5172.04,Modern (4-10 yrs),2.5
HSR Layout,2100,4,3,0,Semi-Furnished,"Children's Play Area, Gym, Intercom, Tennis Court",19760000.0,9409.52,New (0-3 yrs),3.21
Koramangala,1242,2,1,0,Semi-Furnished,"Clubhouse, Covered Parking, Gym, High-Speed Elevators, Power Backup, Tennis Court",15420000.0,12415.46,New (0-3 yrs),5.54
HSR Layout,1187,2,2,3,Unfurnished,"24/7 Security, Landscaped Garden, Power Backup",9040000.0,7615.84,New (0-3 yrs),2.23
Whitefield,967,2,1,1,Semi-Furnished,"24/7 Security, Children's Play Area, Clubhouse, Covered Parking, Gym, High-Speed Elevators, Intercom, Swimming Pool, Tennis Court",5320000.0,5501.55,New (0-3 yrs),7.95
Koramangala,3100,5,4,2,Semi-Furnished,"24/7 Security, Clubhouse, High-Speed Elevators, Tennis Court",42690000.0,13770.97,New (0-3 yrs),3.93
Banashankari,1024,2,2,3,Unfurnished,"24/7 Security, Children's Play Area, Intercom, Landscaped Garden",6780000.0,6621.09,New (0-3 yrs),2.59
Malleshwaram,1908,3,2,6,Furnished,"24/7 Security, Gym, Intercom",20420000.0,10702.31,Modern (4-10 yrs),2.05
Marathahalli,1784,3,3,5,Semi-Furnished,"Covered Parking, Gym",11440000.0,6412.56,Modern (4-10 yrs),1.61
Indiranagar,2232,3,3,23,Unfurnished,"24/7 Security, Gym, High-Speed Elevators",22840000.0,10232.97,Old (20+ yrs),2.5
Rajajinagar,1771,3,3,26,Semi-Furnished,"24/7 Security, Children's Play Area, Gym, Landscaped Garden, Swimming Pool",15880000.0,8966.69,Old (20+ yrs),4.38
Thanisandra,1646,3,2,11,Semi-Furnished,"24/7 Security, Children's Play Area, Gym, Jogging Track, Tennis Court",9990000.0,6069.26,Established (11-20 yrs),4.02
Rajajinagar,745,1,1,0,Furnished,"High-Speed Elevators, Jogging Track",8210000.0,11020.13,New (0-3 yrs),1.43
Yelahanka,1853,3,3,8,Semi-Furnished,"Intercom, Landscaped Garden, Power Backup, Swimming Pool",11390000.0,6146.79,Modern (4-10 yrs),3.3
Sarjapur Road,1346,3,2,5,Semi-Furnished,"Children's Play Area, Clubhouse, Covered Parking, Gym, High-Speed Elevators, Landscaped Garden, Swimming Pool",9760000.0,7251.11,Modern (4-10 yrs),6.34
HSR Layout,754,1,1,5,Semi-Furnished,"Clubhouse, High-Speed Elevators, Jogging Track, Power Backup, Tennis Court",5890000.0,7811.67,Modern (4-10 yrs),4.46
Hebbal,1659,3,3,5,Furnished,"Power Backup, Swimming Pool, Tennis Court",15230000.0,9180.23,Modern (4-10 yrs),3.3
Whitefield,2986,4,4,10,Furnished,"Jogging Track, Landscaped Garden, Power Backup",16950000.0,5676.49,Modern (4-10 yrs),2.05
Banashankari,666,1,1,3,Semi-Furnished,"Covered Parking, High-Speed Elevators, Jogging Track, Landscaped Garden, Power Backup",4240000.0,6366.37,New (0-3 yrs),3.66
Electronic City,1093,2,1,2,Semi-Furnished,"24/7 Security, Gym, High-Speed Elevators, Intercom, Power Backup, Swimming Pool, Tennis Court",4940000.0,4519.67,New (0-3 yrs),6.25
Whitefield,466,1,1,16,Semi-Furnished,"Gym, High-Speed Elevators, Intercom, Landscaped Garden, Swimming Pool, Tennis Court",2300000.0,4935.62,Established (11-20 yrs),5.62
Koramangala,1071,2,2,5,Semi-Furnished,"24/7 Security, Covered Parking, Jogging Track, Tennis Court",11830000.0,11045.75,Modern (4-10 yrs),3.21
Malleshwaram,642,1,1,0,Furnished,"High-Speed Elevators, Landscaped Garden, Power Backup, Swimming Pool",6710000.0,10451.71,New (0-3 yrs),3.75
Koramangala,963,2,2,1,Semi-Furnished,"Children's Play Area, Covered Parking, Landscaped Garden, Tennis Court",11100000.0,11526.48,New (0-3 yrs),3.39
Koramangala,2366,4,4,4,Unfurnished,"24/7 Security, High-Speed Elevators, Landscaped Garden",22510000.0,9513.95,Modern (4-10 yrs),2.41
Electronic City,800,2,1,7,Unfurnished,"24/7 Security, Children's Play Area, Gym, Jogging Track, Landscaped Garden, Power Backup, Swimming Pool",3910000.0,4887.5,Modern (4-10 yrs),5.62
Thanisandra,1496,3,3,18,Furnished,"Children's Play Area, Gym, High-Speed Elevators, Jogging Track, Landscaped Garden",8340000.0,5574.87,Established (11-20 yrs),3.75
Sarjapur Road,1284,2,2,11,Furnished,"24/7 Security, Children's Play Area, Covered Parking, Gym, Intercom, Jogging Track, Swimming Pool, Tennis Court",9050000.0,7048.29,Established (11-20 yrs),6.52
Hebbal,2875,4,4,20,Furnished,"Children's Play Area, Clubhouse, Covered Parking, Gym, Intercom, Jogging Track, Landscaped Garden, Tennis Court",24830000.0,8636.52,Established (11-20 yrs),6.34
Rajajinagar,866,2,2,10,Unfurnished,"24/7 Security, Covered Parking, Intercom, Landscaped Garden, Power Backup, Tennis Court",7950000.0,9180.14,Modern (4-10 yrs),4.64
Malleshwaram,2436,4,4,0,Furnished,"Children's Play Area, Intercom, Jogging Track",27280000.0,11198.69,New (0-3 yrs),1.61
Electronic City,979,2,1,1,Semi-Furnished,"High-Speed Elevators, Jogging Track, Landscaped Garden, Power Backup, Tennis Court",3930000.0,4014.3,New (0-3 yrs),4.2
Banashankari,1869,3,2,1,Semi-Furnished,"24/7 Security, Clubhouse, Covered Parking, Gym, Intercom, Jogging Track, Landscaped Garden",14250000.0,7624.4,New (0-3 yrs),5.18
Electronic City,1892,3,2,1,Semi-Furnished,"Clubhouse, Covered Parking, Intercom, Landscaped Garden, Swimming Pool",9810000.0,5184.99,New (0-3 yrs),4.38
Malleshwaram,2529,4,4,2,Furnished,"24/7 Security, Children's Play Area, Clubhouse, Gym, Jogging Track, Landscaped Garden, Tennis Court",33800000.0,13364.97,New (0-3 yrs),5.89
HSR Layout,742,1,1,0,Furnished,"24/7 Security, Children's Play Area, Clubhouse, Jogging Track, Landscaped Garden",6470000.0,8719.68,New (0-3 yrs),3.75
HSR Layout,1729,3,3,5,Furnished,"Gym, Intercom, Jogging Track, Landscaped Garden",17090000.0,9884.33,Modern (4-10 yrs),2.68
Indiranagar,840,2,2,4,Unfurnished,"24/7 Security, Gym, High-Speed Elevators, Intercom, Jogging Track, Swimming Pool",11520000.0,13714.29,Modern (4-10 yrs),4.82
Whitefield,1154,2,2,0,Semi-Furnished,"Children's Play Area, Gym, Jogging Track",5580000.0,4835.36,New (0-3 yrs),2.05
Thanisandra,1167,2,1,2,Furnished,"24/7 Security, Intercom, Power Backup, Swimming Pool",8400000.0,7197.94,New (0-3 yrs),3.21
Indiranagar,981,2,2,19,Semi-Furnished,"Clubhouse, Covered Parking",10100000.0,10295.62,Established (11-20 yrs),1.79
Electronic City,1713,3,3,4,Furnished,"Children's Play Area, Covered Parking, Gym, Intercom, Power Backup",8350000.0,4874.49,Modern (4-10 yrs),3.39
Electronic City,1132,2,2,5,Furnished,"24/7 Security, Children's Play Area, Clubhouse, Gym, Jogging Track, Landscaped Garden, Power Backup",5790000.0,5114.84,Modern (4-10 yrs),5.36
Whitefield,1193,2,2,6,Furnished,"Gym, Landscaped Garden, Power Backup",7850000.0,6580.05,Modern (4-10 yrs),2.41
Whitefield,1944,3,3,1,Semi-Furnished,"24/7 Security, Children's Play Area, Covered Parking, High-Speed Elevators",13100000.0,6738.68,New (0-3 yrs),2.95
Marathahalli,1551,3,2,12,Semi-Furnished,"High-Speed Elevators, Swimming Pool",10340000.0,6666.67,Established (11-20 yrs),2.23
Jayanagar,1016,2,2,7,Semi-Furnished,"24/7 Security, High-Speed Elevators, Intercom, Landscaped Garden, Power Backup, Swimming Pool",11760000.0,11574.8,Modern (4-10 yrs),4.91
Marathahalli,538,1,1,15,Semi-Furnished,"24/7 Security, Clubhouse, Covered Parking, High-Speed Elevators, Landscaped Garden, Swimming Pool",3140000.0,5836.43,Established (11-20 yrs),5.54
Sarjapur Road,1674,3,3,14,Unfurnished,"24/7 Security, Children's Play Area, Clubhouse, Intercom, Jogging Track, Swimming Pool",10090000.0,6027.48,Established (11-20 yrs),4.73
Indiranagar,2100,4,4,6,Semi-Furnished,"Clubhouse, Gym, Intercom, Jogging Track, Landscaped Garden, Swimming Pool, Tennis Court",30460000.0,14504.76,Modern (4-10 yrs),6.34
Electronic City,1083,2,2,0,Semi-Furnished,"Gym, High-Speed Elevators",5130000.0,4736.84,New (0-3 yrs),1.79
Bellandur,688,1,1,2,Semi-Furnished,"Clubhouse, Gym, Intercom, Jogging Track, Power Backup, Tennis Court",5550000.0,8066.86,New (0-3 yrs),4.91
Whitefield,2100,4,3,6,Semi-Furnished,"Clubhouse, Covered Parking, Gym, High-Speed Elevators, Intercom, Landscaped Garden, Tennis Court",14450000.0,6880.95,Modern (4-10 yrs),6.07
Sarjapur Road,1452,3,3,2,Furnished,"24/7 Security, Clubhouse, Gym, High-Speed Elevators, Intercom, Swimming Pool",12030000.0,8285.12,New (0-3 yrs),5.36
Yelahanka,903,2,1,5,Unfurnished,"Children's Play Area, Clubhouse, Covered Parking, Swimming Pool",4470000.0,4950.17,Modern (4-10 yrs),3.75
Koramangala,3540,5,5,14,Semi-Furnished,"24/7 Security, Children's Play Area, Covered Parking, Gym",48840000.0,13796.61,Established (11-20 yrs),2.95
Malleshwaram,2018,3,2,7,Furnished,"Clubhouse, Covered Parking, Intercom, Power Backup",22200000.0,11000.99,Modern (4-10 yrs),2.95
Yelahanka,1662,3,2,0,Semi-Furnished,"Children's Play Area, Jogging Track, Power Backup, Swimming Pool",9900000.0,5956.68,New (0-3 yrs),3.21
Electronic City,1516,3,3,16,Furnished,"Gym, Jogging Track",6680000.0,4406.33,Established (11-20 yrs),1.43
Yelahanka,1070,2,2,3,Semi-Furnished,"24/7 Security, Covered Parking, High-Speed Elevators, Intercom, Tennis Court",6270000.0,5859.81,New (0-3 yrs),4.02
Sarjapur Road,3042,4,4,2,Semi-Furnished,"Clubhouse, High-Speed Elevators, Power Backup, Swimming Pool",21730000.0,7143.33,New (0-3 yrs),4.02
Sarjapur Road,543,1,1,0,Semi-Furnished,"Clubhouse, Intercom, Swimming Pool",3780000.0,6961.33,New (0-3 yrs),2.86
Sarjapur Road,980,2,2,2,Furnished,"Clubhouse, Covered Parking, Power Backup",7210000.0,7357.14,New (0-3 yrs),2.5
HSR Layout,2676,4,4,3,Semi-Furnished,"Gym, Landscaped Garden, Swimming Pool",25840000.0,9656.2,New (0-3 yrs),3.04
Whitefield,1787,3,2,0,Semi-Furnished,"24/7 Security, High-Speed Elevators, Intercom, Landscaped Garden, Power Backup",10140000.0,5674.31,New (0-3 yrs),3.57
Indiranagar,1595,3,2,3,Unfurnished,"Clubhouse, Intercom, Swimming Pool",17830000.0,11178.68,New (0-3 yrs),2.86
Marathahalli,1233,2,1,2,Unfurnished,"Swimming Pool, Tennis Court",6470000.0,5247.36,New (0-3 yrs),2.59
Electronic City,2484,4,4,8,Furnished,"24/7 Security, Clubhouse, Intercom, Jogging Track",12790000.0,5148.95,Modern (4-10 yrs),2.77
Hebbal,1244,2,2,7,Unfurnished,"Children's Play Area, Clubhouse, Intercom, Landscaped Garden",9670000.0,7773.31,Modern (4-10 yrs),2.95
Whitefield,2690,4,3,2,Semi-Furnished,"24/7 Security, Children's Play Area, Covered Parking, Gym, Intercom, Power Backup, Tennis Court",18610000.0,6918.22,New (0-3 yrs),5.36
Indiranagar,4242,5,5,1,Furnished,"Children's Play Area, Clubhouse, Covered Parking, Intercom, Jogging Track, Tennis Court",80790000.0,19045.26,New (0-3 yrs),4.64
Electronic City,1818,3,3,17,Furnished,"Gym, Landscaped Garden, Tennis Court",9120000.0,5016.5,Established (11-20 yrs),2.95
Banashankari,1174,2,2,4,Semi-Furnished,"24/7 Security, Intercom, Jogging Track, Swimming Pool",8440000.0,7189.1,Modern (4-10 yrs),3.04
Rajajinagar,1070,2,1,0,Semi-Furnished,"Clubhouse, Covered Parking, Intercom, Tennis Court",11210000.0,10476.64,New (0-3 yrs),3.48
Hebbal,1997,3,3,6,Semi-Furnished,"Covered Parking, Gym, Intercom, Jogging Track, Power Backup",20060000.0,10045.07,Modern (4-10 yrs),3.3
Marathahalli,1202,2,2,12,Unfurnished,"Jogging Track, Swimming Pool",6850000.0,5698.84,Established (11-20 yrs),1.88
Bellandur,1934,3,3,20,Semi-Furnished,"Gym, Tennis Court",11200000.0,5791.11,Established (11-20 yrs),2.14
Banashankari,1385,3,3,0,Furnished,"24/7 Security, High-Speed Elevators, Swimming Pool",10260000.0,7407.94,New (0-3 yrs),2.95
Whitefield,889,2,2,14,Furnished,"Clubhouse, Covered Parking, High-Speed Elevators, Intercom, Jogging Track, Power Backup",4860000.0,5466.82,Established (11-20 yrs),4.38
Electronic City,782,1,1,2,Semi-Furnished,"Gym, Power Backup, Tennis Court",3430000.0,4386.19,New (0-3 yrs),2.86
Hebbal,813,2,2,12,Semi-Furnished,"Clubhouse, Landscaped Garden, Power Backup, Swimming Pool",6650000.0,8179.58,Established (11-20 yrs),3.93
Sarjapur Road,2126,3,3,1,Semi-Furnished,"Clubhouse, Intercom, Power Backup, Swimming Pool",16040000.0,7544.68,New (0-3 yrs),3.57
Hebbal,655,1,1,5,Semi-Furnished,"24/7 Security, Covered Parking, Gym, Intercom",5260000.0,8030.53,Modern (4-10 yrs),2.77
Koramangala,1048,2,2,14,Unfurnished,"Children's Play Area, Gym, High-Speed Elevators, Intercom, Power Backup",9910000.0,9456.11,Established (11-20 yrs),3.57
Electronic City,1131,2,2,9,Semi-Furnished,"Children's Play Area, Clubhouse, Covered Parking, Jogging Track, Landscaped Garden",5560000.0,4916.0,Modern (4-10 yrs),3.75
Whitefield,2376,4,3,0,Unfurnished,"24/7 Security, Children's Play Area, Clubhouse, Gym, High-Speed Elevators, Jogging Track, Landscaped Garden",13600000.0,5723.91,New (0-3 yrs),5.54
Indiranagar,1517,3,3,1,Unfurnished,"Covered Parking, Landscaped Garden, Power Backup, Swimming Pool",19850000.0,13085.04,New (0-3 yrs),3.57
Marathahalli,1115,2,2,3,Furnished,"24/7 Security, Clubhouse, Covered Parking, High-Speed Elevators, Intercom, Jogging Track, Landscaped Garden, Swimming Pool, Tennis Court",8250000.0,7399.1,New (0-3 yrs),7.77
Thanisandra,728,1,1,0,Semi-Furnished,"Clubhouse, Intercom, Power Backup",4160000.0,5714.29,New (0-3 yrs),2.23
HSR Layout,1525,3,3,10,Unfurnished,"Covered Parking, High-Speed Elevators",11990000.0,7862.3,Modern (4-10 yrs),1.61
Sarjapur Road,2983,4,3,10,Semi-Furnished,"Covered Parking, Intercom, Swimming Pool",19600000.0,6570.57,Modern (4-10 yrs),2.5
Hebbal,1118,2,2,3,Semi-Furnished,"24/7 Security, Covered Parking, Jogging Track, Swimming Pool, Tennis Court",9500000.0,8497.32,New (0-3 yrs),4.55
Marathahalli,1270,2,2,12,Furnished,"24/7 Security, Covered Parking, Jogging Track",8810000.0,6937.01,Established (11-20 yrs),1.96
Hebbal,1732,3,3,9,Furnished,"Children's Play Area, Clubhouse, Power Backup",14540000.0,8394.92,Modern (4-10 yrs),2.41
Thanisandra,1659,3,3,0,Semi-Furnished,"24/7 Security, Children's Play Area, Covered Parking, Gym, Tennis Court",10730000.0,6467.75,New (0-3 yrs),4.2
Hebbal,1995,3,3,0,Unfurnished,"24/7 Security, Covered Parking, Swimming Pool, Tennis Court",15760000.0,7899.75,New (0-3 yrs),4.02
Marathahalli,1216,2,2,0,Unfurnished,"24/7 Security, Clubhouse, Gym, High-Speed Elevators, Power Backup",7630000.0,6274.67,New (0-3 yrs),4.29
HSR Layout,800,2,2,0,Semi-Furnished,"Children's Play Area, Clubhouse, Landscaped Garden, Power Backup, Swimming Pool, Tennis Court",7130000.0,8912.5,New (0-3 yrs),5.8
Bellandur,1577,3,3,4,Unfurnished,"Clubhouse, High-Speed Elevators, Power Backup, Tennis Court",13330000.0,8452.76,Modern (4-10 yrs),3.93
Whitefield,816,2,2,11,Semi-Furnished,"Covered Parking, Gym, High-Speed Elevators, Intercom, Power Backup",4320000.0,5294.12,Established (11-20 yrs),3.66
Jayanagar,1896,3,3,2,Unfurnished,"Children's Play Area, Covered Parking, Intercom, Landscaped Garden, Swimming Pool",22610000.0,11925.11,New (0-3 yrs),3.93
Marathahalli,954,2,2,28,Furnished,"24/7 Security, Clubhouse, Gym, Jogging Track, Landscaped Garden, Power Backup, Swimming Pool",4720000.0,4947.59,Old (20+ yrs),6.07
Thanisandra,1115,2,2,9,Semi-Furnished,"24/7 Security, Children's Play Area, Covered Parking, High-Speed Elevators, Intercom, Tennis Court",6520000.0,5847.53,Modern (4-10 yrs),4.64
Whitefield,1001,2,2,3,Unfurnished,"High-Speed Elevators, Jogging Track",5880000.0,5874.13,New (0-3 yrs),1.43
Whitefield,1755,3,2,11,Furnished,"24/7 Security, High-Speed Elevators, Intercom, Jogging Track, Power Backup, Swimming Pool",10470000.0,5965.81,Established (11-20 yrs),4.64
HSR Layout,2035,3,3,26,Semi-Furnished,"Children's Play Area, Clubhouse, Covered Parking, High-Speed Elevators, Intercom, Swimming Pool, Tennis Court",15060000.0,7400.49,Old (20+ yrs),6.34
Bellandur,2578,4,4,18,Unfurnished,"Clubhouse, High-Speed Elevators, Jogging Track, Power Backup",18540000.0,7191.62,Established (11-20 yrs),3.21
Koramangala,2754,4,4,0,Semi-Furnished,"Clubhouse, Gym, Landscaped Garden",35220000.0,12788.67,New (0-3 yrs),2.77
Whitefield,1019,2,2,2,Semi-Furnished,"24/7 Security, Covered Parking, Jogging Track, Power Backup, Tennis Court",5020000.0,4926.4,New (0-3 yrs),3.93
Marathahalli,3008,4,4,1,Semi-Furnished,"High-Speed Elevators, Jogging Track, Landscaped Garden, Tennis Court",23630000.0,7855.72,New (0-3 yrs),3.48
Hebbal,1012,2,2,5,Semi-Furnished,"Gym, High-Speed Elevators, Swimming Pool",8330000.0,8231.23,Modern (4-10 yrs),3.12
HSR Layout,2168,4,4,1,Semi-Furnished,"Covered Parking, High-Speed Elevators, Intercom, Landscaped Garden, Power Backup",21860000.0,10083.03,New (0-3 yrs),3.57
Malleshwaram,1073,2,2,0,Semi-Furnished,"Gym, Landscaped Garden, Swimming Pool",10760000.0,10027.96,New (0-3 yrs),3.04
Whitefield,1640,3,3,10,Semi-Furnished,"24/7 Security, Children's Play Area, Clubhouse, Gym, High-Speed Elevators, Jogging Track, Landscaped Garden",9350000.0,5701.22,Modern (4-10 yrs),5.54
Koramangala,1759,3,3,2,Furnished,"Clubhouse, Gym, High-Speed Elevators, Intercom",24180000.0,13746.45,New (0-3 yrs),3.3
Koramangala,1075,2,1,8,Semi-Furnished,"Children's Play Area, Intercom, Swimming Pool",11350000.0,10558.14,Modern (4-10 yrs),2.41
Thanisandra,885,2,2,1,Unfurnished,"Clubhouse, Covered Parking, Jogging Track",5360000.0,6056.5,New (0-3 yrs),2.32
Jayanagar,1077,2,2,7,Semi-Furnished,"24/7 Security, Children's Play Area, Clubhouse, High-Speed Elevators, Intercom, Jogging Track, Swimming Pool, Tennis Court",10330000.0,9591.46,Modern (4-10 yrs),6.88
Marathahalli,761,1,1,4,Unfurnished,"24/7 Security, Children's Play Area, High-Speed Elevators, Intercom, Power Backup, Swimming Pool, Tennis Court",4410000.0,5795.01,Modern (4-10 yrs),5.98
Yelahanka,1912,3,2,0,Semi-Furnished,"24/7 Security, Children's Play Area, Clubhouse, High-Speed Elevators, Intercom, Power Backup",10780000.0,5638.08,New (0-3 yrs),4.46
Koramangala,1500,3,2,10,Unfurnished,"Children's Play Area, Clubhouse, High-Speed Elevators, Jogging Track",15030000.0,10020.0,Modern (4-10 yrs),3.12
Yelahanka,1961,3,3,1,Semi-Furnished,"24/7 Security, Children's Play Area, Clubhouse, Covered Parking, Intercom, Power Backup, Tennis Court",13650000.0,6960.73,New (0-3 yrs),5.54
Sarjapur Road,1005,2,1,11,Furnished,"Gym, High-Speed Elevators, Intercom, Jogging Track, Tennis Court",6750000.0,6716.42,Established (11-20 yrs),4.02
Bellandur,526,1,1,4,Unfurnished,"24/7 Security, Clubhouse, Intercom, Swimming Pool",3330000.0,6330.8,Modern (4-10 yrs),3.57
Sarjapur Road,1027,2,2,0,Unfurnished,"High-Speed Elevators, Jogging Track, Power Backup, Tennis Court",7060000.0,6874.39,New (0-3 yrs),3.39
HSR Layout,1954,3,3,2,Semi-Furnished,"Covered Parking, High-Speed Elevators, Intercom, Landscaped Garden, Power Backup, Swimming Pool, Tennis Court",17170000.0,8787.1,New (0-3 yrs),6.16
Rajajinagar,541,1,1,5,Semi-Furnished,"High-Speed Elevators, Landscaped Garden",5580000.0,10314.23,Modern (4-10 yrs),1.7
Electronic City,1084,2,2,1,Semi-Furnished,"Children's Play Area, Clubhouse, Covered Parking, High-Speed Elevators, Intercom, Power Backup, Tennis Court",5860000.0,5405.9,New (0-3 yrs),5.71
Bellandur,1609,3,3,6,Unfurnished,"Clubhouse, Gym, Landscaped Garden, Power Backup",12350000.0,7675.57,Modern (4-10 yrs),3.48
Whitefield,1203,2,2,0,Furnished,"Clubhouse, Covered Parking, Jogging Track, Swimming Pool",7360000.0,6118.04,New (0-3 yrs),3.66
Whitefield,1136,2,2,11,Semi-Furnished,"Gym, Jogging Track, Landscaped Garden, Power Backup, Tennis Court",5860000.0,5158.45,Established (11-20 yrs),4.2
Whitefield,1248,2,2,5,Semi-Furnished,"24/7 Security, Children's Play Area, Clubhouse, Covered Parking, Intercom, Jogging Track, Power Backup",7400000.0,5929.49,Modern (4-10 yrs),4.82
Whitefield,1113,2,2,21,Furnished,"Covered Parking, Gym, Landscaped Garden, Swimming Pool",5530000.0,4968.55,Old (20+ yrs),3.75
Rajajinagar,2100,4,4,9,Furnished,"24/7 Security, Children's Play Area, Jogging Track, Swimming Pool",21970000.0,10461.9,Modern (4-10 yrs),3.21
Bellandur,1288,2,2,4,Furnished,"Children's Play Area, Covered Parking, Swimming Pool",10500000.0,8152.17,Modern (4-10 yrs),2.68
Koramangala,975,2,2,3,Semi-Furnished,"Clubhouse, Gym, High-Speed Elevators, Intercom, Jogging Track, Landscaped Garden, Tennis Court",12120000.0,12430.77,New (0-3 yrs),5.89
HSR Layout,688,1,1,4,Semi-Furnished,"24/7 Security, Children's Play Area, High-Speed Elevators, Jogging Track",5960000.0,8662.79,Modern (4-10 yrs),2.77
HSR Layout,2970,4,4,0,Semi-Furnished,"24/7 Security, Children's Play Area, Covered Parking, Gym, High-Speed Elevators, Jogging Track, Power Backup",35100000.0,11818.18,New (0-3 yrs),5.09
Sarjapur Road,1298,2,2,0,Unfurnished,"24/7 Security, Children's Play Area, High-Speed Elevators",9380000.0,7226.5,New (0-3 yrs),2.23
Marathahalli,544,1,1,18,Semi-Furnished,"Children's Play Area, Covered Parking, Intercom, Landscaped Garden, Power Backup, Swimming Pool, Tennis Court",3290000.0,6047.79,Established (11-20 yrs),5.89
Electronic City,1061,2,2,2,Semi-Furnished,"Children's Play Area, Clubhouse, Covered Parking, Gym, High-Speed Elevators, Jogging Track, Swimming Pool, Tennis Court",5050000.0,4759.66,New (0-3 yrs),7.32
Koramangala,637,1,1,2,Unfurnished,"24/7 Security, Jogging Track, Landscaped Garden, Power Backup",5890000.0,9246.47,New (0-3 yrs),2.77
Jayanagar,1733,3,2,1,Semi-Furnished,"Clubhouse, Covered Parking, High-Speed Elevators, Intercom",18800000.0,10848.24,New (0-3 yrs),3.12
Marathahalli,1245,2,2,0,Unfurnished,"24/7 Security, Clubhouse, High-Speed Elevators, Intercom, Landscaped Garden",7680000.0,6168.67,New (0-3 yrs),3.93
Jayanagar,971,2,1,1,Unfurnished,"Gym, High-Speed Elevators, Swimming Pool, Tennis Court",9590000.0,9876.42,New (0-3 yrs),4.38
HSR Layout,3012,4,3,25,Semi-Furnished,"Covered Parking, Jogging Track, Tennis Court",25640000.0,8512.62,Old (20+ yrs),2.5
Banashankari,562,1,1,3,Furnished,"24/7 Security, Children's Play Area, Intercom, Jogging Track",3360000.0,5978.65,New (0-3 yrs),2.32
Whitefield,1081,2,2,2,Unfurnished,"24/7 Security, Covered Parking, Gym, Intercom, Power Backup",6430000.0,5948.2,New (0-3 yrs),3.48
Jayanagar,1732,3,2,1,Unfurnished,"Covered Parking, High-Speed Elevators, Intercom, Jogging Track, Tennis Court",19190000.0,11079.68,New (0-3 yrs),3.84
HSR Layout,1748,3,2,20,Furnished,"Clubhouse, Covered Parking, Intercom, Landscaped Garden, Swimming Pool",14500000.0,8295.19,Established (11-20 yrs),4.38
Koramangala,800,2,2,9,Semi-Furnished,"Children's Play Area, Covered Parking, High-Speed Elevators, Intercom, Landscaped Garden",9570000.0,11962.5,Modern (4-10 yrs),3.48
Thanisandra,800,2,2,2,Semi-Furnished,"24/7 Security, Clubhouse, Gym, Jogging Track, Power Backup",5080000.0,6350.0,New (0-3 yrs),3.93
HSR Layout,1629,3,3,8,Semi-Furnished,"Clubhouse, Swimming Pool",13840000.0,8496.01,Modern (4-10 yrs),2.41
Indiranagar,1198,2,2,3,Furnished,"Children's Play Area, Clubhouse, Covered Parking, High-Speed Elevators, Landscaped Garden",15900000.0,13272.12,New (0-3 yrs),4.11
Bellandur,606,1,1,4,Furnished,"Children's Play Area, Clubhouse, Gym, High-Speed Elevators, Intercom, Jogging Track",4610000.0,7607.26,Modern (4-10 yrs),4.46
Rajajinagar,582,1,1,6,Unfurnished,"24/7 Security, Children's Play Area, Intercom",4690000.0,8058.42,Modern (4-10 yrs),1.79
Rajajinagar,1078,2,2,6,Semi-Furnished,"24/7 Security, Children's Play Area, Clubhouse, Gym, Intercom, Swimming Pool, Tennis Court",11810000.0,10955.47,Modern (4-10 yrs),6.34
Electronic City,1133,2,2,15,Unfurnished,"24/7 Security, Covered Parking, Power Backup",4190000.0,3698.15,Established (11-20 yrs),2.14
HSR Layout,1862,3,3,3,Unfurnished,"Clubhouse, Intercom, Jogging Track, Landscaped Garden, Power Backup",17070000.0,9167.56,New (0-3 yrs),3.57
HSR Layout,1734,3,3,10,Furnished,"Children's Play Area, Clubhouse, Gym, Swimming Pool",15470000.0,8921.57,Modern (4-10 yrs),3.93
HSR Layout,1164,2,2,0,Semi-Furnished,"24/7 Security, Covered Parking, Jogging Track",10110000.0,8685.57,New (0-3 yrs),1.96
Marathahalli,1631,3,3,9,Semi-Furnished,"24/7 Security, Gym, Tennis Court",11130000.0,6824.03,Modern (4-10 yrs),2.86
Yelahanka,2533,4,4,4,Semi-Furnished,"24/7 Security, Intercom, Swimming Pool",16410000.0,6478.48,Modern (4-10 yrs),2.5
Whitefield,2561,4,3,6,Semi-Furnished,"24/7 Security, Covered Parking, Jogging Track, Tennis Court",16110000.0,6290.51,Modern (4-10 yrs),3.21
Electronic City,2793,4,3,13,Semi-Furnished,"Children's Play Area, Covered Parking, High-Speed Elevators, Landscaped Garden, Power Backup, Swimming Pool, Tennis Court",16520000.0,5914.79,Established (11-20 yrs),6.34
HSR Layout,1201,2,2,16,Semi-Furnished,"24/7 Security, Children's Play Area, Gym, High-Speed Elevators, Intercom, Jogging Track, Power Backup",8430000.0,7019.15,Established (11-20 yrs),4.82
Jayanagar,1580,3,3,2,Semi-Furnished,"Children's Play Area, Clubhouse, Gym, Intercom, Jogging Track, Landscaped Garden",16230000.0,10272.15,New (0-3 yrs),4.38
Bellandur,795,1,1,0,Semi-Furnished,"Children's Play Area, Covered Parking, Gym, Power Backup",6000000.0,7547.17,New (0-3 yrs),2.95
Rajajinagar,1513,3,3,2,Unfurnished,"Children's Play Area, Intercom, Power Backup, Tennis Court",14460000.0,9557.17,New (0-3 yrs),3.04
HSR Layout,1414,3,2,3,Semi-Furnished,"Clubhouse, Power Backup",11770000.0,8323.9,New (0-3 yrs),1.79
Koramangala,634,1,1,3,Unfurnished,"24/7 Security, Clubhouse, Covered Parking, High-Speed Elevators, Intercom",8310000.0,13107.26,New (0-3 yrs),3.84
HSR Layout,923,2,1,1,Furnished,"24/7 Security, Children's Play Area, High-Speed Elevators, Landscaped Garden",8460000.0,9165.76,New (0-3 yrs),3.04
Whitefield,1894,3,2,8,Unfurnished,"Children's Play Area, Gym, Landscaped Garden, Power Backup",10270000.0,5422.39,Modern (4-10 yrs),3.04
Whitefield,3038,4,4,3,Semi-Furnished,"Children's Play Area, Gym, Intercom, Landscaped Garden",19900000.0,6550.36,New (0-3 yrs),2.77
Bellandur,3199,4,3,1,Unfurnished,"Children's Play Area, Clubhouse, Covered Parking, Gym, High-Speed Elevators, Jogging Track, Landscaped Garden, Power Backup",26100000.0,8158.8,New (0-3 yrs),6.25
Whitefield,841,2,2,1,Semi-Furnished,"24/7 Security, Children's Play Area, Clubhouse, Covered Parking, Jogging Track, Landscaped Garden, Swimming Pool",5550000.0,6599.29,New (0-3 yrs),5.8
Marathahalli,566,1,1,13,Semi-Furnished,"Children's Play Area, Intercom, Tennis Court",3320000.0,5865.72,Established (11-20 yrs),2.32
Sarjapur Road,1623,3,2,2,Semi-Furnished,"24/7 Security, Clubhouse, Swimming Pool, Tennis Court",10990000.0,6771.41,New (0-3 yrs),4.38
Rajajinagar,622,1,1,0,Unfurnished,"Covered Parking, Gym, High-Speed Elevators, Jogging Track, Landscaped Garden, Power Backup, Swimming Pool",5580000.0,8971.06,New (0-3 yrs),5.89
HSR Layout,1194,2,2,28,Semi-Furnished,"Clubhouse, Covered Parking, Gym, High-Speed Elevators, Intercom, Jogging Track, Swimming Pool, Tennis Court",8180000.0,6850.92,Old (20+ yrs),7.14
Koramangala,507,1,1,11,Unfurnished,"Landscaped Garden, Power Backup, Tennis Court",4980000.0,9822.49,Established (11-20 yrs),2.77
Koramangala,934,2,2,16,Semi-Furnished,"24/7 Security, Covered Parking, Swimming Pool",9830000.0,10524.63,Established (11-20 yrs),2.77
Bellandur,800,2,2,0,Unfurnished,"24/7 Security, Clubhouse, Covered Parking, High-Speed Elevators, Power Backup",5650000.0,7062.5,New (0-3 yrs),4.11
Sarjapur Road,1474,3,2,1,Semi-Furnished,"Children's Play Area, Gym, High-Speed Elevators, Landscaped Garden, Swimming Pool",9970000.0,6763.91,New (0-3 yrs),4.55
Whitefield,623,1,1,5,Semi-Furnished,"24/7 Security, Covered Parking, Gym, Jogging Track",2890000.0,4638.84,Modern (4-10 yrs),2.86
Thanisandra,1180,2,2,14,Unfurnished,"24/7 Security, Children's Play Area, Clubhouse, Intercom, Power Backup, Swimming Pool, Tennis Court",6290000.0,5330.51,Established (11-20 yrs),6.16
Indiranagar,2072,3,2,2,Unfurnished,"Children's Play Area, Clubhouse, Gym, Intercom, Tennis Court",26950000.0,13006.76,New (0-3 yrs),4.29
Electronic City,1665,3,2,3,Furnished,"Clubhouse, Covered Parking, Jogging Track, Swimming Pool, Tennis Court",9180000.0,5513.51,New (0-3 yrs),4.91
Yelahanka,1053,2,2,11,Semi-Furnished,"24/7 Security, Children's Play Area, Covered Parking, Jogging Track, Swimming Pool, Tennis Court",5510000.0,5232.67,Established (11-20 yrs),5.18
Whitefield,1795,3,2,0,Semi-Furnished,"Children's Play Area, Covered Parking, High-Speed Elevators, Landscaped Garden",10580000.0,5894.15,New (0-3 yrs),3.04
Rajajinagar,747,1,1,3,Semi-Furnished,"Clubhouse, High-Speed Elevators, Swimming Pool",7670000.0,10267.74,New (0-3 yrs),3.3
HSR Layout,800,2,2,9,Unfurnished,"Gym, Landscaped Garden, Swimming Pool",6200000.0,7750.0,Modern (4-10 yrs),3.04
HSR Layout,1297,2,2,1,Semi-Furnished,"Jogging Track, Swimming Pool",12610000.0,9722.44,New (0-3 yrs),1.88
Indiranagar,2773,4,4,5,Semi-Furnished,"24/7 Security, Clubhouse, Covered Parking, Landscaped Garden, Swimming Pool, Tennis Court",38420000.0,13855.03,Modern (4-10 yrs),5.89
Whitefield,1683,3,2,1,Semi-Furnished,"Power Backup, Swimming Pool",10130000.0,6019.01,New (0-3 yrs),2.05
HSR Layout,1770,3,3,28,Semi-Furnished,"Intercom, Jogging Track",13020000.0,7355.93,Old (20+ yrs),1.0
Thanisandra,712,1,1,0,Furnished,"Covered Parking, Gym, High-Speed Elevators",5110000.0,7176.97,New (0-3 yrs),2.5
Koramangala,1322,3,3,0,Semi-Furnished,"24/7 Security, Clubhouse, Covered Parking, Landscaped Garden, Power Backup, Swimming Pool",19480000.0,14735.25,New (0-3 yrs),5.36
Electronic City,4114,5,5,7,Semi-Furnished,"Covered Parking, Landscaped Garden, Swimming Pool, Tennis Court",21960000.0,5337.87,Modern (4-10 yrs),4.11
HSR Layout,1305,2,2,15,Semi-Furnished,"Children's Play Area, Covered Parking, Intercom, Jogging Track, Landscaped Garden, Power Backup, Tennis Court",9370000.0,7180.08,Established (11-20 yrs),5.09
Malleshwaram,472,1,1,2,Unfurnished,"24/7 Security, Clubhouse, Jogging Track, Landscaped Garden, Power Backup, Swimming Pool",4290000.0,9088.98,New (0-3 yrs),5.18
Marathahalli,2621,4,4,3,Semi-Furnished,"24/7 Security, High-Speed Elevators, Intercom, Tennis Court",20190000.0,7703.17,New (0-3 yrs),3.3
HSR Layout,1950,3,3,16,Unfurnished,"Children's Play Area, Clubhouse, Jogging Track, Tennis Court",14990000.0,7687.18,Established (11-20 yrs),3.48
Electronic City,897,2,1,1,Furnished,"Children's Play Area, Clubhouse, Landscaped Garden, Swimming Pool",5250000.0,5852.84,New (0-3 yrs),3.84
Banashankari,1102,2,2,5,Semi-Furnished,"24/7 Security, Clubhouse, Covered Parking, Gym, Intercom, Landscaped Garden, Power Backup, Swimming Pool",7860000.0,7132.49,Modern (4-10 yrs),6.7
Sarjapur Road,1261,2,2,10,Unfurnished,"Clubhouse, Covered Parking, Intercom, Jogging Track, Landscaped Garden, Power Backup, Swimming Pool",8610000.0,6827.91,Modern (4-10 yrs),5.62
Rajajinagar,872,2,2,3,Semi-Furnished,"High-Speed Elevators, Jogging Track, Landscaped Garden, Swimming Pool",8450000.0,9690.37,New (0-3 yrs),3.57
Rajajinagar,1571,3,3,8,Unfurnished,"Children's Play Area, Gym, Landscaped Garden",15030000.0,9567.15,Modern (4-10 yrs),2.32
Electronic City,3686,4,4,14,Furnished,"Clubhouse, Jogging Track, Landscaped Garden, Tennis Court",18450000.0,5005.43,Established (11-20 yrs),3.66
Marathahalli,937,2,1,8,Furnished,"Children's Play Area, Covered Parking, Gym, High-Speed Elevators, Intercom, Jogging Track, Landscaped Garden, Power Backup",6350000.0,6776.95,Modern (4-10 yrs),5.62
Thanisandra,2893,4,3,17,Furnished,"Children's Play Area, Clubhouse, Covered Parking, Jogging Track, Landscaped Garden, Swimming Pool",18900000.0,6533.01,Established (11-20 yrs),5.09
Marathahalli,1559,3,3,3,Semi-Furnished,"Children's Play Area, Covered Parking, Gym, Intercom, Jogging Track, Landscaped Garden",11300000.0,7248.24,New (0-3 yrs),4.02
Malleshwaram,4261,5,5,1,Semi-Furnished,"Intercom, Landscaped Garden",54930000.0,12891.34,New (0-3 yrs),1.25
Jayanagar,1207,2,2,1,Unfurnished,"Clubhouse, High-Speed Elevators, Intercom, Swimming Pool, Tennis Court",14030000.0,11623.86,New (0-3 yrs),5.0
Bellandur,1105,2,2,15,Semi-Furnished,"Jogging Track, Landscaped Garden, Power Backup",7620000.0,6895.93,Established (11-20 yrs),2.05
Sarjapur Road,1069,2,2,11,Unfurnished,"Children's Play Area, Gym, Swimming Pool",5410000.0,5060.8,Established (11-20 yrs),2.86
Yelahanka,1167,2,1,1,Semi-Furnished,"Children's Play Area, High-Speed Elevators, Swimming Pool",5870000.0,5029.99,New (0-3 yrs),2.86
Hebbal,543,1,1,5,Semi-Furnished,"24/7 Security, Covered Parking, High-Speed Elevators, Intercom, Tennis Court",4110000.0,7569.06,Modern (4-10 yrs),4.02
HSR Layout,1625,3,3,0,Furnished,"Children's Play Area, Covered Parking",15640000.0,9624.62,New (0-3 yrs),1.34
Hebbal,1125,2,2,12,Semi-Furnished,"Clubhouse, Gym, Intercom, Jogging Track, Landscaped Garden, Swimming Pool",9700000.0,8622.22,Established (11-20 yrs),5.09
Hebbal,1633,3,2,3,Unfurnished,"Covered Parking, Gym, High-Speed Elevators, Intercom, Jogging Track, Power Backup, Tennis Court",13440000.0,8230.25,New (0-3 yrs),5.45
Electronic City,540,1,1,0,Unfurnished,"Clubhouse, Covered Parking, Gym, Intercom, Jogging Track, Swimming Pool, Tennis Court",2480000.0,4592.59,New (0-3 yrs),6.25
Koramangala,542,1,1,8,Semi-Furnished,"24/7 Security, Children's Play Area, Intercom",5640000.0,10405.9,Modern (4-10 yrs),1.79
Sarjapur Road,646,1,1,8,Unfurnished,"24/7 Security, Covered Parking, High-Speed Elevators, Power Backup, Tennis Court",3430000.0,5309.6,Modern (4-10 yrs),4.29
Hebbal,1119,2,2,1,Semi-Furnished,"24/7 Security, Clubhouse, Gym, High-Speed Elevators, Jogging Track, Swimming Pool",9620000.0,8596.96,New (0-3 yrs),5.45
Electronic City,938,2,2,2,Semi-Furnished,"Covered Parking, Gym, High-Speed Elevators, Landscaped Garden, Swimming Pool, Tennis Court",4820000.0,5138.59,New (0-3 yrs),5.89
Koramangala,1101,2,2,11,Furnished,"Children's Play Area, Intercom, Jogging Track, Swimming Pool",13290000.0,12070.84,Established (11-20 yrs),2.95
Koramangala,3683,5,5,10,Furnished,"24/7 Security, Clubhouse, Covered Parking",47270000.0,12834.65,Modern (4-10 yrs),2.5
Electronic City,1095,2,2,11,Unfurnished,"Children's Play Area, Clubhouse, Power Backup",3660000.0,3342.47,Established (11-20 yrs),2.41
HSR Layout,1718,3,3,0,Furnished,"24/7 Security, Intercom, Jogging Track, Power Backup",19370000.0,11274.74,New (0-3 yrs),2.41
Bellandur,783,1,1,8,Unfurnished,"24/7 Security, High-Speed Elevators, Intercom, Jogging Track, Swimming Pool, Tennis Court",5550000.0,7088.12,Modern (4-10 yrs),5.18
Indiranagar,1501,3,3,3,Furnished,"Covered Parking, High-Speed Elevators, Jogging Track, Power Backup",21650000.0,14423.72,New (0-3 yrs),2.86
Whitefield,1030,2,2,8,Furnished,"24/7 Security, Covered Parking, Gym, High-Speed Elevators, Intercom, Tennis Court",6580000.0,6388.35,Modern (4-10 yrs),4.91
Sarjapur Road,1403,3,3,8,Semi-Furnished,"Power Backup, Swimming Pool",9900000.0,7056.31,Modern (4-10 yrs),2.05
Indiranagar,2047,3,2,6,Semi-Furnished,"24/7 Security, Children's Play Area, Intercom, Landscaped Garden, Swimming Pool",27170000.0,13273.08,Modern (4-10 yrs),3.93
Thanisandra,1014,2,2,3,Unfurnished,"24/7 Security, Children's Play Area, Covered Parking, Intercom, Jogging Track, Swimming Pool",6160000.0,6074.95,New (0-3 yrs),4.38
Jayanagar,1143,2,1,4,Unfurnished,"Clubhouse, Covered Parking, Jogging Track, Swimming Pool",12260000.0,10726.16,Modern (4-10 yrs),3.66
HSR Layout,4750,5,4,5,Semi-Furnished,"24/7 Security, Gym, High-Speed Elevators, Intercom, Landscaped Garden, Swimming Pool, Tennis Court",53170000.0,11193.68,Modern (4-10 yrs),6.34
Sarjapur Road,1450,2,2,2,Semi-Furnished,"Clubhouse, Covered Parking, High-Speed Elevators, Intercom, Landscaped Garden",10280000.0,7089.66,New (0-3 yrs),3.93
Whitefield,2100,4,4,1,Semi-Furnished,"Children's Play Area, Gym",14150000.0,6738.1,New (0-3 yrs),1.52
Electronic City,1290,2,2,0,Semi-Furnished,"Children's Play Area, Swimming Pool, Tennis Court",5790000.0,4488.37,New (0-3 yrs),3.21
Indiranagar,1052,2,2,8,Semi-Furnished,"24/7 Security, Children's Play Area, Gym, Jogging Track, Landscaped Garden, Power Backup, Tennis Court",12320000.0,11711.03,Modern (4-10 yrs),5.54
Bellandur,905,2,1,2,Semi-Furnished,"24/7 Security, Covered Parking, Intercom, Jogging Track, Swimming Pool",7580000.0,8375.69,New (0-3 yrs),3.75
Whitefield,914,2,2,2,Furnished,"Covered Parking, Landscaped Garden",5220000.0,5711.16,New (0-3 yrs),1.52
HSR Layout,1573,3,3,28,Semi-Furnished,"Clubhouse, Covered Parking, High-Speed Elevators, Landscaped Garden",11980000.0,7616.02,Old (20+ yrs),3.48
Bellandur,800,2,2,4,Semi-Furnished,"Swimming Pool, Tennis Court",6120000.0,7650.0,Modern (4-10 yrs),2.59
Thanisandra,2039,3,3,0,Semi-Furnished,"24/7 Security, Covered Parking, High-Speed Elevators, Swimming Pool",14520000.0,7121.14,New (0-3 yrs),3.66
Electronic City,1722,3,2,2,Semi-Furnished,"24/7 Security, Clubhouse, Gym, Intercom",8480000.0,4924.51,New (0-3 yrs),3.12
Electronic City,2665,4,4,2,Furnished,"Covered Parking, Gym, Power Backup, Tennis Court",15800000.0,5928.71,New (0-3 yrs),3.57
Koramangala,2337,4,4,1,Semi-Furnished,"Clubhouse, Covered Parking, Intercom, Jogging Track",35020000.0,14985.02,New (0-3 yrs),2.77
Electronic City,2632,4,4,2,Furnished,"24/7 Security, Children's Play Area, Clubhouse, Covered Parking, Gym, Power Backup",15830000.0,6014.44,New (0-3 yrs),4.73
Jayanagar,1777,3,3,13,Unfurnished,"Covered Parking, Swimming Pool",18640000.0,10489.59,Established (11-20 yrs),2.05
Electronic City,1899,3,3,2,Semi-Furnished,"Clubhouse, High-Speed Elevators",9340000.0,4918.38,New (0-3 yrs),1.96
Bellandur,1077,2,2,28,Unfurnished,"Gym, High-Speed Elevators, Landscaped Garden, Power Backup, Swimming Pool",6630000.0,6155.99,Old (20+ yrs),4.64
Whitefield,1058,2,2,1,Unfurnished,"24/7 Security, Covered Parking, High-Speed Elevators, Jogging Track, Swimming Pool",6180000.0,5841.21,New (0-3 yrs),4.2
HSR Layout,664,1,1,4,Furnished,"Gym, Landscaped Garden, Swimming Pool, Tennis Court",5610000.0,8448.8,Modern (4-10 yrs),4.29
Malleshwaram,1067,2,2,4,Semi-Furnished,"Children's Play Area, Clubhouse, Gym, High-Speed Elevators, Intercom",13250000.0,12417.99,Modern (4-10 yrs),3.93
Rajajinagar,562,1,1,4,Unfurnished,"24/7 Security, Children's Play Area, Clubhouse, Landscaped Garden, Swimming Pool",5270000.0,9377.22,Modern (4-10 yrs),4.55
Malleshwaram,1719,3,3,11,Semi-Furnished,"Intercom, Landscaped Garden, Swimming Pool",16880000.0,9819.66,Established (11-20 yrs),2.59
Bellandur,1143,2,2,5,Semi-Furnished,"Children's Play Area, Intercom",7560000.0,6614.17,Modern (4-10 yrs),1.07
Banashankari,2649,4,3,5,Unfurnished,"24/7 Security, Children's Play Area, High-Speed Elevators, Power Backup",17920000.0,6764.82,Modern (4-10 yrs),2.95
Electronic City,1890,3,2,15,Semi-Furnished,"Children's Play Area, Swimming Pool",7330000.0,3878.31,Established (11-20 yrs),1.96
Whitefield,996,2,1,1,Unfurnished,"24/7 Security, Children's Play Area, Intercom, Swimming Pool",5830000.0,5853.41,New (0-3 yrs),3.12
Hebbal,1081,2,2,0,Furnished,"24/7 Security, Intercom, Swimming Pool",8890000.0,8223.87,New (0-3 yrs),2.5
Rajajinagar,1841,3,2,2,Unfurnished,"Children's Play Area, Gym, High-Speed Elevators, Jogging Track, Landscaped Garden, Power Backup, Tennis Court",18820000.0,10222.71,New (0-3 yrs),5.71
Electronic City,1726,3,3,7,Furnished,"Covered Parking, Jogging Track",9140000.0,5295.48,Modern (4-10 yrs),1.25
Electronic City,1300,3,3,14,Semi-Furnished,"Children's Play Area, Gym, High-Speed Elevators, Landscaped Garden, Power Backup, Swimming Pool, Tennis Court",6420000.0,4938.46,Established (11-20 yrs),6.52
HSR Layout,1596,3,2,22,Semi-Furnished,"24/7 Security, Clubhouse, Gym, Landscaped Garden, Power Backup",11550000.0,7236.84,Old (20+ yrs),4.2
Whitefield,552,1,1,4,Semi-Furnished,"Children's Play Area, Clubhouse, Gym, High-Speed Elevators, Intercom, Jogging Track, Power Backup, Tennis Court",3090000.0,5597.83,Modern (4-10 yrs),6.43
Rajajinagar,2655,4,3,8,Semi-Furnished,"Covered Parking, Swimming Pool",29270000.0,11024.48,Modern (4-10 yrs),2.05
Sarjapur Road,604,1,1,1,Semi-Furnished,"24/7 Security, Covered Parking, Jogging Track, Power Backup",3440000.0,5695.36,New (0-3 yrs),2.68
Whitefield,1223,2,2,15,Furnished,"High-Speed Elevators, Tennis Court",6480000.0,5298.45,Established (11-20 yrs),2.14
Marathahalli,2693,4,4,1,Unfurnished,"Children's Play Area, Jogging Track, Power Backup, Swimming Pool, Tennis Court",18510000.0,6873.38,New (0-3 yrs),4.46
Indiranagar,2257,3,2,4,Semi-Furnished,"Clubhouse, Gym, Power Backup",27230000.0,12064.69,Modern (4-10 yrs),2.68
Hebbal,1610,3,3,3,Furnished,"Covered Parking, Gym, High-Speed Elevators, Intercom, Jogging Track, Landscaped Garden, Swimming Pool",14130000.0,8776.4,New (0-3 yrs),5.62
Koramangala,1027,2,2,28,Furnished,"Children's Play Area, Intercom, Power Backup",114861500.00000003,111841.77,Old (20+ yrs),1.79
Electronic City,1082,2,2,3,Furnished,"Children's Play Area, Gym, Intercom, Jogging Track, Landscaped Garden, Power Backup",6100000.0,5637.71,New (0-3 yrs),4.02
Yelahanka,3995,5,5,0,Unfurnished,"24/7 Security, High-Speed Elevators, Intercom, Power Backup, Tennis Court",26030000.0,6515.64,New (0-3 yrs),4.02
Yelahanka,1263,2,2,0,Semi-Furnished,"24/7 Security, Clubhouse, Landscaped Garden, Tennis Court",8610000.0,6817.1,New (0-3 yrs),3.84
Bellandur,658,1,1,0,Semi-Furnished,"Clubhouse, Gym, Intercom, Jogging Track",4260000.0,6474.16,New (0-3 yrs),2.95
Malleshwaram,1062,2,2,0,Semi-Furnished,"24/7 Security, Children's Play Area, Clubhouse",11670000.0,10988.7,New (0-3 yrs),2.41
Electronic City,800,2,2,4,Semi-Furnished,"Children's Play Area, Gym, Intercom, Landscaped Garden, Swimming Pool",3370000.0,4212.5,Modern (4-10 yrs),4.11
Koramangala,1844,3,3,7,Semi-Furnished,"Clubhouse, Covered Parking, High-Speed Elevators, Landscaped Garden",22540000.0,12223.43,Modern (4-10 yrs),3.48
Banashankari,2100,4,4,7,Semi-Furnished,"Children's Play Area, Clubhouse, Intercom, Jogging Track, Power Backup",17530000.0,8347.62,Modern (4-10 yrs),3.39
Bellandur,1951,3,3,4,Semi-Furnished,"24/7 Security, Children's Play Area, Covered Parking, Gym, High-Speed Elevators, Jogging Track, Power Backup",14740000.0,7555.1,Modern (4-10 yrs),5.09
Whitefield,1497,3,3,7,Semi-Furnished,"Jogging Track, Swimming Pool, Tennis Court",8840000.0,5905.14,Modern (4-10 yrs),3.12
Indiranagar,942,2,2,8,Unfurnished,"Covered Parking, Intercom, Landscaped Garden, Swimming Pool, Tennis Court",12070000.0,12813.16,Modern (4-10 yrs),4.55
HSR Layout,850,1,1,0,Furnished,"Children's Play Area, Clubhouse, Covered Parking, Gym, Power Backup, Tennis Court",8910000.0,10482.35,New (0-3 yrs),5.27
Hebbal,2700,4,4,4,Semi-Furnished,"24/7 Security, Covered Parking, Intercom, Landscaped Garden, Tennis Court",29440000.0,10903.7,Modern (4-10 yrs),3.93
Whitefield,1054,2,2,9,Semi-Furnished,"Clubhouse, Intercom, Landscaped Garden, Swimming Pool",5330000.0,5056.93,Modern (4-10 yrs),3.66
Koramangala,2100,4,4,0,Semi-Furnished,"Children's Play Area, Clubhouse, Intercom, Landscaped Garden, Tennis Court",27710000.0,13195.24,New (0-3 yrs),4.2
HSR Layout,2429,4,3,28,Semi-Furnished,"Intercom, Jogging Track, Landscaped Garden",18510000.0,7620.42,Old (20+ yrs),1.79
Bellandur,3082,4,3,4,Unfurnished,"24/7 Security, Gym, High-Speed Elevators, Intercom, Jogging Track, Power Backup",23550000.0,7641.14,Modern (4-10 yrs),4.2
Jayanagar,1333,2,2,0,Semi-Furnished,"Children's Play Area, Clubhouse, Covered Parking, Gym, Intercom, Jogging Track, Swimming Pool",15950000.0,11965.49,New (0-3 yrs),5.62
Marathahalli,1930,3,3,13,Semi-Furnished,"24/7 Security, Clubhouse, High-Speed Elevators, Jogging Track, Landscaped Garden, Power Backup, Swimming Pool",12010000.0,6222.8,Established (11-20 yrs),6.07
Marathahalli,1166,2,2,17,Furnished,"Children's Play Area, Clubhouse, Covered Parking, Gym, Tennis Court",6690000.0,5737.56,Established (11-20 yrs),4.55
HSR Layout,906,2,2,1,Furnished,"Gym, High-Speed Elevators, Landscaped Garden, Power Backup",7260000.0,8013.25,New (0-3 yrs),3.3
Thanisandra,1069,2,2,2,Semi-Furnished,"Covered Parking, Swimming Pool",6940000.0,6492.05,New (0-3 yrs),2.05
Whitefield,952,2,2,1,Unfurnished,"24/7 Security, Children's Play Area, Clubhouse, Landscaped Garden, Power Backup, Swimming Pool",4800000.0,5042.02,New (0-3 yrs),5.27
Yelahanka,998,2,2,13,Furnished,"Clubhouse, Gym, High-Speed Elevators, Jogging Track, Power Backup, Swimming Pool",6200000.0,6212.42,Established (11-20 yrs),5.45
Sarjapur Road,831,2,2,1,Semi-Furnished,"24/7 Security, Covered Parking, Gym, Tennis Court",6440000.0,7749.7,New (0-3 yrs),3.57
Banashankari,647,1,1,3,Furnished,"24/7 Security, Children's Play Area, Power Backup",4210000.0,6506.96,New (0-3 yrs),2.05
Sarjapur Road,1599,3,2,8,Furnished,"24/7 Security, Landscaped Garden",10890000.0,6810.51,Modern (4-10 yrs),1.52
Whitefield,1123,2,2,7,Semi-Furnished,"Clubhouse, Swimming Pool",6460000.0,5752.45,Modern (4-10 yrs),2.41
Whitefield,2228,4,4,6,Semi-Furnished,"Clubhouse, Covered Parking, Jogging Track, Swimming Pool, Tennis Court",14790000.0,6638.24,Modern (4-10 yrs),4.91
Marathahalli,1226,2,1,1,Furnished,"Covered Parking, High-Speed Elevators, Jogging Track, Tennis Court",10140000.0,8270.8,New (0-3 yrs),3.39
Malleshwaram,777,1,1,1,Semi-Furnished,"Covered Parking, High-Speed Elevators, Power Backup, Swimming Pool, Tennis Court",8060000.0,10373.23,New (0-3 yrs),4.91
Thanisandra,1300,3,3,2,Furnished,"High-Speed Elevators, Jogging Track, Landscaped Garden",8520000.0,6553.85,New (0-3 yrs),2.23
Sarjapur Road,1777,3,3,9,Semi-Furnished,"Children's Play Area, Clubhouse, Intercom, Jogging Track, Landscaped Garden, Power Backup, Tennis Court",12300000.0,6921.78,Modern (4-10 yrs),5.45
Yelahanka,2626,4,3,10,Unfurnished,"Children's Play Area, Clubhouse, Gym, Jogging Track, Power Backup, Swimming Pool",13890000.0,5289.41,Modern (4-10 yrs),5.18
Electronic City,1108,2,2,11,Furnished,"24/7 Security, Children's Play Area, Covered Parking, Gym",4680000.0,4223.83,Established (11-20 yrs),2.95
Bellandur,1195,2,2,8,Furnished,"High-Speed Elevators, Intercom, Jogging Track, Landscaped Garden",8940000.0,7481.17,Modern (4-10 yrs),2.68
HSR Layout,1781,3,2,2,Unfurnished,"24/7 Security, Covered Parking, Gym, Intercom, Landscaped Garden, Power Backup, Tennis Court",18530000.0,10404.27,New (0-3 yrs),5.54
Bellandur,2563,4,4,5,Semi-Furnished,"Intercom, Tennis Court",22410000.0,8743.66,Modern (4-10 yrs),1.7
Rajajinagar,1710,3,2,4,Furnished,"Clubhouse, Intercom, Tennis Court",16020000.0,9368.42,Modern (4-10 yrs),2.77
Bellandur,1564,3,2,3,Unfurnished,"24/7 Security, Covered Parking, Tennis Court",13280000.0,8491.05,New (0-3 yrs),2.68
Malleshwaram,1300,3,2,0,Semi-Furnished,"Children's Play Area, Clubhouse, Jogging Track, Landscaped Garden, Power Backup, Tennis Court",15920000.0,12246.15,New (0-3 yrs),5.0
Koramangala,3817,5,4,7,Furnished,"Children's Play Area, Jogging Track",51180000.0,13408.44,Modern (4-10 yrs),1.16
Sarjapur Road,885,2,2,0,Unfurnished,"24/7 Security, Gym, Tennis Court",5950000.0,6723.16,New (0-3 yrs),2.86
Marathahalli,1267,2,2,7,Furnished,"Children's Play Area, Covered Parking, Gym, Jogging Track",7230000.0,5706.39,Modern (4-10 yrs),2.77
HSR Layout,1112,2,2,4,Semi-Furnished,"Children's Play Area, Clubhouse, Covered Parking, Power Backup, Swimming Pool",10620000.0,9550.36,Modern (4-10 yrs),4.46
Banashankari,1565,3,2,5,Furnished,"High-Speed Elevators, Landscaped Garden, Power Backup, Tennis Court",14530000.0,9284.35,Modern (4-10 yrs),3.66
HSR Layout,1639,3,2,0,Unfurnished,"Clubhouse, Covered Parking, Gym, Intercom, Landscaped Garden, Power Backup",14920000.0,9103.11,New (0-3 yrs),4.64
Yelahanka,2749,4,4,1,Semi-Furnished,"24/7 Security, High-Speed Elevators",18000000.0,6547.84,New (0-3 yrs),1.61
Malleshwaram,1127,2,2,1,Semi-Furnished,"Clubhouse, Intercom, Jogging Track",12490000.0,11082.52,New (0-3 yrs),2.05
Bellandur,684,1,1,6,Semi-Furnished,"Clubhouse, Gym, High-Speed Elevators, Tennis Court",4680000.0,6842.11,Modern (4-10 yrs),4.11
Koramangala,884,2,2,6,Furnished,"Children's Play Area, Covered Parking, Gym, High-Speed Elevators, Tennis Court",11440000.0,12941.18,Modern (4-10 yrs),4.38
Marathahalli,872,2,2,1,Furnished,"Gym, High-Speed Elevators, Intercom, Power Backup",5920000.0,6788.99,New (0-3 yrs),2.95
Indiranagar,614,1,1,1,Semi-Furnished,"Clubhouse, High-Speed Elevators, Landscaped Garden, Power Backup, Swimming Pool, Tennis Court",7270000.0,11840.39,New (0-3 yrs),6.07
HSR Layout,603,1,1,0,Furnished,"Children's Play Area, Clubhouse, High-Speed Elevators, Intercom, Jogging Track",6200000.0,10281.92,New (0-3 yrs),3.57
Koramangala,1043,2,2,6,Semi-Furnished,"24/7 Security, Jogging Track, Power Backup, Swimming Pool",14090000.0,13509.11,Modern (4-10 yrs),3.3
Electronic City,2027,3,3,0,Unfurnished,"Gym, High-Speed Elevators, Intercom, Jogging Track, Swimming Pool",11520000.0,5683.28,New (0-3 yrs),4.11
Hebbal,3723,5,5,2,Semi-Furnished,"24/7 Security, Children's Play Area, Clubhouse, Intercom, Swimming Pool, Tennis Court",41320000.0,11098.58,New (0-3 yrs),5.45
Electronic City,1925,3,3,7,Furnished,"Children's Play Area, Clubhouse, High-Speed Elevators, Intercom, Jogging Track, Power Backup, Swimming Pool, Tennis Court",10510000.0,5459.74,Modern (4-10 yrs),6.88
Yelahanka,722,1,1,2,Unfurnished,"Covered Parking, Gym, High-Speed Elevators, Jogging Track, Power Backup, Swimming Pool",3930000.0,5443.21,New (0-3 yrs),5.09
Electronic City,981,2,2,0,Unfurnished,"Children's Play Area, Power Backup",4050000.0,4128.44,New (0-3 yrs),1.34
Jayanagar,1300,3,3,3,Furnished,"24/7 Security, Covered Parking, High-Speed Elevators, Landscaped Garden, Power Backup, Swimming Pool",16370000.0,12592.31,New (0-3 yrs),5.18
Whitefield,2226,4,4,4,Unfurnished,"24/7 Security, Clubhouse, Intercom, Power Backup",12450000.0,5592.99,Modern (4-10 yrs),2.95
Bellandur,1136,2,2,5,Unfurnished,"24/7 Security, Covered Parking, Gym, High-Speed Elevators, Jogging Track, Landscaped Garden, Swimming Pool, Tennis Court",9420000.0,8292.25,Modern (4-10 yrs),7.14
HSR Layout,914,2,2,1,Unfurnished,"Covered Parking, High-Speed Elevators, Power Backup",7130000.0,7800.88,New (0-3 yrs),2.32
Electronic City,8200,3,2,6,Semi-Furnished,"Children's Play Area, Intercom, Swimming Pool",8000000.0,975.61,Modern (4-10 yrs),2.41
Jayanagar,2037,3,3,2,Semi-Furnished,"Children's Play Area, Clubhouse, Covered Parking, High-Speed Elevators, Power Backup",25380000.0,12459.5,New (0-3 yrs),4.02
Bellandur,2022,3,3,18,Semi-Furnished,"24/7 Security, Children's Play Area, Gym, Jogging Track",14850000.0,7344.21,Established (11-20 yrs),2.77
Sarjapur Road,617,1,1,2,Semi-Furnished,"Gym, High-Speed Elevators, Intercom, Tennis Court",3660000.0,5931.93,New (0-3 yrs),3.48
Koramangala,1863,3,2,0,Unfurnished,"24/7 Security, Gym, Intercom",22310000.0,11975.31,New (0-3 yrs),2.05
Bellandur,631,1,1,2,Furnished,"Children's Play Area, High-Speed Elevators, Intercom, Swimming Pool",4350000.0,6893.82,New (0-3 yrs),3.3
Hebbal,1647,3,2,12,Unfurnished,"Covered Parking, High-Speed Elevators, Landscaped Garden, Power Backup",14000000.0,8500.3,Established (11-20 yrs),3.12
Koramangala,700,1,1,13,Furnished,"24/7 Security, Covered Parking, Gym, High-Speed Elevators, Jogging Track, Power Backup, Tennis Court",8220000.0,11742.86,Established (11-20 yrs),5.71
Sarjapur Road,1055,2,2,16,Furnished,"Children's Play Area, Clubhouse, Gym, Intercom, Landscaped Garden, Power Backup",7010000.0,6644.55,Established (11-20 yrs),4.55
Banashankari,1276,2,2,2,Semi-Furnished,"Children's Play Area, Covered Parking, Intercom, Jogging Track, Tennis Court",9310000.0,7296.24,New (0-3 yrs),3.57
Thanisandra,1546,3,3,2,Unfurnished,"Children's Play Area, Clubhouse, Covered Parking",10350000.0,6694.7,New (0-3 yrs),2.41
Marathahalli,1922,3,3,0,Unfurnished,"24/7 Security, Covered Parking, Power Backup",12380000.0,6441.21,New (0-3 yrs),2.14
Thanisandra,1437,3,2,3,Furnished,"24/7 Security, High-Speed Elevators, Swimming Pool, Tennis Court",8070000.0,5615.87,New (0-3 yrs),4.2
Malleshwaram,1150,2,1,3,Unfurnished,"Children's Play Area, Jogging Track, Power Backup",11430000.0,9939.13,New (0-3 yrs),1.88
Whitefield,1187,2,2,0,Semi-Furnished,"Children's Play Area, Clubhouse, Covered Parking, Gym, Intercom, Landscaped Garden, Swimming Pool",7370000.0,6208.93,New (0-3 yrs),5.89
Whitefield,1300,3,3,3,Semi-Furnished,"24/7 Security, Covered Parking, Jogging Track, Swimming Pool",6760000.0,5200.0,New (0-3 yrs),3.3
Thanisandra,1164,2,2,0,Furnished,"Clubhouse, Covered Parking, Gym, Intercom, Power Backup, Tennis Court",6690000.0,5747.42,New (0-3 yrs),5.09
Koramangala,1224,2,2,3,Semi-Furnished,"Clubhouse, Gym, Intercom, Landscaped Garden, Tennis Court",13930000.0,11380.72,New (0-3 yrs),4.46
HSR Layout,1219,2,2,3,Unfurnished,"24/7 Security, Clubhouse, Jogging Track, Tennis Court",10560000.0,8662.84,New (0-3 yrs),3.57
HSR Layout,1628,3,3,1,Semi-Furnished,"Covered Parking, Landscaped Garden, Power Backup, Tennis Court",12570000.0,7721.13,New (0-3 yrs),3.48
Rajajinagar,978,2,2,16,Unfurnished,"Clubhouse, Gym, Intercom, Swimming Pool, Tennis Court",7740000.0,7914.11,Established (11-20 yrs),5.0
Electronic City,1249,2,2,2,Unfurnished,"24/7 Security, Intercom, Landscaped Garden, Power Backup, Swimming Pool, Tennis Court",6170000.0,4939.95,New (0-3 yrs),5.27
Bellandur,1616,3,2,1,Unfurnished,"Children's Play Area, Clubhouse, High-Speed Elevators, Intercom",12480000.0,7722.77,New (0-3 yrs),3.04
Sarjapur Road,1178,2,2,1,Semi-Furnished,"Intercom, Power Backup, Tennis Court",9340000.0,7928.69,New (0-3 yrs),2.41
Electronic City,1563,3,3,6,Semi-Furnished,"Clubhouse, Covered Parking, High-Speed Elevators, Intercom, Jogging Track",7680000.0,4913.63,Modern (4-10 yrs),3.66
HSR Layout,645,1,1,6,Semi-Furnished,"Covered Parking, High-Speed Elevators",5390000.0,8356.59,Modern (4-10 yrs),1.61
Marathahalli,1217,2,2,4,Semi-Furnished,"Children's Play Area, Clubhouse, Intercom, Power Backup, Swimming Pool",8650000.0,7107.64,Modern (4-10 yrs),4.2
HSR Layout,610,1,1,7,Semi-Furnished,"Clubhouse, Covered Parking, High-Speed Elevators, Swimming Pool",4730000.0,7754.1,Modern (4-10 yrs),4.02
HSR Layout,1164,2,2,0,Unfurnished,"24/7 Security, Gym, High-Speed Elevators",10300000.0,8848.8,New (0-3 yrs),2.5
HSR Layout,1271,2,2,3,Furnished,"Children's Play Area, Gym, High-Speed Elevators, Jogging Track, Power Backup",12760000.0,10039.34,New (0-3 yrs),3.66
Sarjapur Road,1138,2,2,10,Unfurnished,"Covered Parking, Landscaped Garden, Power Backup, Tennis Court",6870000.0,6036.91,Modern (4-10 yrs),3.48
Electronic City,1802,3,3,4,Semi-Furnished,"Clubhouse, High-Speed Elevators, Landscaped Garden, Tennis Court",8320000.0,4617.09,Modern (4-10 yrs),4.02
Thanisandra,1592,3,3,3,Semi-Furnished,"24/7 Security, Jogging Track, Landscaped Garden, Power Backup, Swimming Pool, Tennis Court",10180000.0,6394.47,New (0-3 yrs),5.36
Bellandur,504,1,1,1,Semi-Furnished,"24/7 Security, Jogging Track",3330000.0,6607.14,New (0-3 yrs),1.25
Hebbal,1744,3,3,0,Furnished,"Jogging Track, Swimming Pool, Tennis Court",16830000.0,9650.23,New (0-3 yrs),3.12
Malleshwaram,2908,4,4,9,Semi-Furnished,"24/7 Security, Jogging Track",30510000.0,10491.75,Modern (4-10 yrs),1.25
Indiranagar,1589,3,3,4,Semi-Furnished,"Power Backup, Tennis Court",16810000.0,10578.98,Modern (4-10 yrs),1.96
HSR Layout,1077,2,1,0,Semi-Furnished,"Children's Play Area, High-Speed Elevators, Intercom, Landscaped Garden, Tennis Court",10190000.0,9461.47,New (0-3 yrs),4.02
Electronic City,1390,3,3,3,Unfurnished,"Gym, Swimming Pool, Tennis Court",6050000.0,4352.52,New (0-3 yrs),3.48
Whitefield,660,1,1,15,Semi-Furnished,"Clubhouse, Gym, High-Speed Elevators, Intercom, Tennis Court",3040000.0,4606.06,Established (11-20 yrs),4.55
Koramangala,2009,3,2,6,Semi-Furnished,"Covered Parking, Intercom",20210000.0,10059.73,Modern (4-10 yrs),1.16
Sarjapur Road,1439,3,2,10,Unfurnished,"24/7 Security, Clubhouse, Covered Parking, Intercom, Jogging Track, Swimming Pool",10260000.0,7129.95,Modern (4-10 yrs),4.82
Thanisandra,1059,2,2,4,Furnished,"24/7 Security, Clubhouse, Covered Parking, Gym, High-Speed Elevators, Jogging Track, Landscaped Garden, Tennis Court",6800000.0,6421.15,Modern (4-10 yrs),6.88
Whitefield,1011,2,2,2,Unfurnished,"Clubhouse, Covered Parking, High-Speed Elevators, Swimming Pool, Tennis Court",5540000.0,5479.72,New (0-3 yrs),5.27
Marathahalli,560,1,1,21,Unfurnished,"Clubhouse, Gym, High-Speed Elevators, Intercom",2650000.0,4732.14,Old (20+ yrs),3.3
Sarjapur Road,1851,3,3,1,Semi-Furnished,"24/7 Security, Gym, Jogging Track",15100000.0,8157.75,New (0-3 yrs),2.14
Whitefield,1618,3,3,0,Furnished,"Children's Play Area, Clubhouse, Intercom, Tennis Court",10300000.0,6365.88,New (0-3 yrs),3.39
Bellandur,1251,2,2,0,Furnished,"24/7 Security, Intercom, Power Backup, Swimming Pool",10950000.0,8753.0,New (0-3 yrs),3.21
Bellandur,1364,3,3,2,Furnished,"Clubhouse, Covered Parking, High-Speed Elevators, Intercom, Swimming Pool",12980000.0,9516.13,New (0-3 yrs),4.46
Indiranagar,1281,2,2,12,Semi-Furnished,"Children's Play Area, Clubhouse, Jogging Track, Power Backup",15160000.0,11834.5,Established (11-20 yrs),2.95
Jayanagar,1045,2,2,0,Semi-Furnished,"24/7 Security, Children's Play Area, High-Speed Elevators, Swimming Pool",12610000.0,12066.99,New (0-3 yrs),3.57
Whitefield,2429,4,3,1,Furnished,"Clubhouse, High-Speed Elevators, Landscaped Garden",15910000.0,6550.02,New (0-3 yrs),2.77
Bellandur,1130,2,2,9,Unfurnished,"24/7 Security, Clubhouse, Intercom, Landscaped Garden",6800000.0,6017.7,Modern (4-10 yrs),3.04
HSR Layout,1474,3,2,2,Furnished,"24/7 Security, Intercom",13420000.0,9104.48,New (0-3 yrs),1.16
Indiranagar,1176,2,2,8,Semi-Furnished,"24/7 Security, High-Speed Elevators, Swimming Pool, Tennis Court",13020000.0,11071.43,Modern (4-10 yrs),4.2
Whitefield,1736,3,2,11,Unfurnished,"Children's Play Area, Covered Parking, High-Speed Elevators, Swimming Pool, Tennis Court",8200000.0,4723.5,Established (11-20 yrs),4.82
Malleshwaram,656,1,1,0,Furnished,"24/7 Security, Children's Play Area, Covered Parking, High-Speed Elevators, Intercom, Jogging Track, Landscaped Garden, Tennis Court",7000000.0,10670.73,New (0-3 yrs),5.98
Koramangala,1013,2,2,6,Unfurnished,"24/7 Security, Children's Play Area, Power Backup, Tennis Court",11780000.0,11628.83,Modern (4-10 yrs),3.3
Rajajinagar,1034,2,1,5,Semi-Furnished,"24/7 Security, Clubhouse, Covered Parking, Intercom, Landscaped Garden, Tennis Court",11360000.0,10986.46,Modern (4-10 yrs),5.0
Indiranagar,1268,2,2,1,Semi-Furnished,"Clubhouse, Tennis Court",17700000.0,13958.99,New (0-3 yrs),2.32
Indiranagar,1798,3,3,9,Semi-Furnished,"Clubhouse, Covered Parking, Jogging Track, Tennis Court",22660000.0,12602.89,Modern (4-10 yrs),3.57
Bellandur,493,1,1,1,Semi-Furnished,"24/7 Security, Children's Play Area, Landscaped Garden, Power Backup, Tennis Court",3390000.0,6876.27,New (0-3 yrs),4.11
Koramangala,605,1,1,6,Semi-Furnished,"24/7 Security, Clubhouse, High-Speed Elevators, Intercom, Jogging Track, Swimming Pool, Tennis Court",7080000.0,11702.48,Modern (4-10 yrs),6.25
Hebbal,1074,2,2,8,Semi-Furnished,"24/7 Security, Covered Parking, Tennis Court",9030000.0,8407.82,Modern (4-10 yrs),2.68
Indiranagar,3012,4,4,2,Furnished,"Clubhouse, Covered Parking, Gym",44740000.0,14853.92,New (0-3 yrs),2.68
Whitefield,850,1,1,28,Semi-Furnished,"24/7 Security, Jogging Track, Power Backup, Swimming Pool",3100000.0,3647.06,Old (20+ yrs),3.3
Koramangala,1184,2,2,4,Semi-Furnished,"24/7 Security, Intercom, Swimming Pool, Tennis Court",13450000.0,11359.8,Modern (4-10 yrs),3.75
Jayanagar,921,2,2,3,Furnished,"24/7 Security, Children's Play Area, Intercom, Swimming Pool",11530000.0,12519.0,New (0-3 yrs),3.12
Whitefield,1614,3,2,17,Semi-Furnished,"Clubhouse, High-Speed Elevators, Jogging Track, Tennis Court",9270000.0,5743.49,Established (11-20 yrs),3.75
HSR Layout,992,2,2,9,Unfurnished,"Clubhouse, Covered Parking, Power Backup",7070000.0,7127.02,Modern (4-10 yrs),2.5
Bellandur,1943,3,2,6,Semi-Furnished,"Children's Play Area, Covered Parking, Gym, High-Speed Elevators, Intercom, Landscaped Garden, Tennis Court",15340000.0,7895.01,Modern (4-10 yrs),5.62
Hebbal,795,1,1,10,Unfurnished,"Children's Play Area, Clubhouse, Covered Parking, Landscaped Garden, Tennis Court",6580000.0,8276.73,Modern (4-10 yrs),4.46
Koramangala,2933,4,4,2,Semi-Furnished,"Children's Play Area, Gym, High-Speed Elevators, Power Backup, Swimming Pool",39060000.0,13317.42,New (0-3 yrs),4.46
Whitefield,774,1,1,5,Semi-Furnished,"Clubhouse, Gym, Swimming Pool",4420000.0,5710.59,Modern (4-10 yrs),3.3
Sarjapur Road,1559,3,3,4,Semi-Furnished,"Gym, Jogging Track",10150000.0,6510.58,Modern (4-10 yrs),1.43
Sarjapur Road,749,1,1,2,Semi-Furnished,"Children's Play Area, Clubhouse, Gym, Jogging Track, Swimming Pool",4930000.0,6582.11,New (0-3 yrs),4.46
Electronic City,2870,4,3,11,Unfurnished,"24/7 Security, Clubhouse, Intercom, Jogging Track, Power Backup, Tennis Court",15400000.0,5365.85,Established (11-20 yrs),4.73
Sarjapur Road,2777,4,3,7,Semi-Furnished,"24/7 Security, Gym, High-Speed Elevators, Intercom, Power Backup",24850000.0,8948.51,Modern (4-10 yrs),3.66
Banashankari,1840,3,3,1,Semi-Furnished,"High-Speed Elevators, Intercom, Power Backup, Swimming Pool, Tennis Court",13960000.0,7586.96,New (0-3 yrs),4.64
Indiranagar,578,1,1,1,Semi-Furnished,"Children's Play Area, Intercom, Landscaped Garden, Tennis Court",6420000.0,11107.27,New (0-3 yrs),3.12
Rajajinagar,622,1,1,16,Unfurnished,"24/7 Security, Clubhouse, Covered Parking, Gym, High-Speed Elevators, Jogging Track, Landscaped Garden, Power Backup",4910000.0,7893.89,Established (11-20 yrs),6.34
Yelahanka,1760,3,3,25,Unfurnished,"24/7 Security, Covered Parking, Gym, Intercom, Jogging Track",8070000.0,4585.23,Old (20+ yrs),3.3
Rajajinagar,2423,4,4,1,Semi-Furnished,"Children's Play Area, Intercom, Landscaped Garden, Power Backup",24480000.0,10103.18,New (0-3 yrs),2.59
HSR Layout,1159,2,1,0,Semi-Furnished,"Clubhouse, Gym, High-Speed Elevators, Power Backup",10850000.0,9361.52,New (0-3 yrs),3.57
Jayanagar,1112,2,2,9,Semi-Furnished,"24/7 Security, Children's Play Area, Jogging Track",13330000.0,11987.41,Modern (4-10 yrs),1.88
Malleshwaram,1300,3,2,5,Unfurnished,"24/7 Security, Clubhouse, Gym, Intercom, Jogging Track",13570000.0,10438.46,Modern (4-10 yrs),3.66
Indiranagar,1565,3,2,0,Semi-Furnished,"Gym, High-Speed Elevators, Power Backup",19690000.0,12581.47,New (0-3 yrs),2.5
Whitefield,1745,3,3,3,Furnished,"Clubhouse, Covered Parking, Gym, Jogging Track",10410000.0,5965.62,New (0-3 yrs),3.21
Bellandur,1801,3,3,4,Unfurnished,"24/7 Security, Landscaped Garden, Swimming Pool",12960000.0,7196.0,Modern (4-10 yrs),2.86
Rajajinagar,1389,3,3,5,Semi-Furnished,"Clubhouse, Covered Parking, High-Speed Elevators, Intercom, Landscaped Garden",15120000.0,10885.53,Modern (4-10 yrs),3.93
Marathahalli,1114,2,2,3,Furnished,"Covered Parking, Gym, Landscaped Garden",6570000.0,5897.67,New (0-3 yrs),2.41
Yelahanka,1063,2,2,13,Semi-Furnished,"Children's Play Area, Clubhouse, Gym, Landscaped Garden, Power Backup, Tennis Court",6110000.0,5747.88,Established (11-20 yrs),5.36
Marathahalli,1182,2,2,1,Furnished,"Clubhouse, Covered Parking, High-Speed Elevators, Jogging Track, Landscaped Garden",7690000.0,6505.92,New (0-3 yrs),4.02
Marathahalli,1614,3,2,6,Unfurnished,"24/7 Security, Tennis Court",9550000.0,5916.98,Modern (4-10 yrs),1.96
Indiranagar,901,2,2,9,Furnished,"24/7 Security, Children's Play Area, Clubhouse, Gym, Intercom, Landscaped Garden",11320000.0,12563.82,Modern (4-10 yrs),4.55
Jayanagar,999,2,2,1,Semi-Furnished,"24/7 Security, Clubhouse, High-Speed Elevators, Jogging Track, Swimming Pool, Tennis Court",12900000.0,12912.91,New (0-3 yrs),5.8
HSR Layout,2133,4,3,9,Semi-Furnished,"24/7 Security, Children's Play Area, Clubhouse, Intercom, Power Backup, Swimming Pool",19010000.0,8912.33,Modern (4-10 yrs),4.91
Whitefield,868,2,2,4,Unfurnished,"Children's Play Area, Gym, Landscaped Garden, Swimming Pool, Tennis Court",5220000.0,6013.82,Modern (4-10 yrs),4.91
Jayanagar,3264,4,3,4,Semi-Furnished,"Covered Parking, Gym",41980000.0,12861.52,Modern (4-10 yrs),1.61
Yelahanka,1300,3,3,7,Unfurnished,"Children's Play Area, Clubhouse, Covered Parking, Gym, High-Speed Elevators, Power Backup, Swimming Pool",8120000.0,6246.15,Modern (4-10 yrs),6.25
HSR Layout,557,1,1,17,Semi-Furnished,"Swimming Pool, Tennis Court",3630000.0,6517.06,Established (11-20 yrs),2.59
Yelahanka,1300,3,3,1,Semi-Furnished,"Clubhouse, High-Speed Elevators, Tennis Court",8130000.0,6253.85,New (0-3 yrs),3.21
Whitefield,2645,4,4,5,Semi-Furnished,"Children's Play Area, Gym, High-Speed Elevators, Intercom, Jogging Track, Power Backup, Tennis Court",16320000.0,6170.13,Modern (4-10 yrs),5.36
Sarjapur Road,1780,3,3,1,Unfurnished,"24/7 Security, Children's Play Area, Covered Parking, Gym, Intercom, Jogging Track, Landscaped Garden",13720000.0,7707.87,New (0-3 yrs),4.73
Jayanagar,1048,2,2,0,Unfurnished,"Clubhouse, Gym, Jogging Track",11880000.0,11335.88,New (0-3 yrs),2.5
Rajajinagar,1040,2,2,25,Semi-Furnished,"Power Backup, Swimming Pool",7720000.0,7423.08,Old (20+ yrs),2.05
Indiranagar,1618,3,2,7,Semi-Furnished,"Covered Parking, Power Backup",18710000.0,11563.66,Modern (4-10 yrs),1.43
Rajajinagar,1344,2,2,2,Unfurnished,"24/7 Security, Tennis Court",12860000.0,9568.45,New (0-3 yrs),1.96
HSR Layout,1094,2,2,8,Semi-Furnished,"24/7 Security, Children's Play Area, Clubhouse, Covered Parking, Landscaped Garden",8110000.0,7413.16,Modern (4-10 yrs),3.93
Bellandur,2122,4,4,0,Semi-Furnished,"Clubhouse, Intercom, Landscaped Garden, Swimming Pool, Tennis Court",16900000.0,7964.18,New (0-3 yrs),4.91
Jayanagar,832,2,2,4,Semi-Furnished,"Children's Play Area, Intercom, Landscaped Garden, Power Backup",9590000.0,11526.44,Modern (4-10 yrs),2.59
Electronic City,994,2,2,3,Furnished,"Gym, High-Speed Elevators, Landscaped Garden, Swimming Pool, Tennis Court",5310000.0,5342.05,New (0-3 yrs),5.18
Jayanagar,2559,4,3,2,Semi-Furnished,"24/7 Security, Covered Parking, Landscaped Garden",30540000.0,11934.35,New (0-3 yrs),2.23
Koramangala,1173,2,2,10,Unfurnished,"24/7 Security, Clubhouse, Covered Parking, Gym, High-Speed Elevators",12870000.0,10971.87,Modern (4-10 yrs),4.29
Banashankari,628,1,1,5,Unfurnished,"Covered Parking, High-Speed Elevators, Tennis Court",3990000.0,6353.5,Modern (4-10 yrs),2.86
Hebbal,1852,3,3,6,Semi-Furnished,"Landscaped Garden, Tennis Court",14360000.0,7753.78,Modern (4-10 yrs),2.05
Hebbal,4112,5,5,4,Furnished,"Covered Parking, Gym, High-Speed Elevators, Power Backup, Swimming Pool",46690000.0,11354.57,Modern (4-10 yrs),4.55
Koramangala,1890,3,2,1,Semi-Furnished,"Children's Play Area, Covered Parking, Intercom, Swimming Pool, Tennis Court",23310000.0,12333.33,New (0-3 yrs),4.38
Indiranagar,967,2,2,3,Furnished,"Gym, High-Speed Elevators, Intercom, Landscaped Garden",10390000.0,10744.57,New (0-3 yrs),3.04
Whitefield,1869,3,2,15,Unfurnished,"24/7 Security, Children's Play Area, Covered Parking, Landscaped Garden, Power Backup",10080000.0,5393.26,Established (11-20 yrs),3.57
HSR Layout,1300,3,2,2,Unfurnished,"Gym, Tennis Court",10700000.0,8230.77,New (0-3 yrs),2.14
Bellandur,1115,2,2,1,Semi-Furnished,"Children's Play Area, Landscaped Garden, Power Backup",9400000.0,8430.49,New (0-3 yrs),2.14
Malleshwaram,1704,3,2,1,Semi-Furnished,"Covered Parking, Gym, Landscaped Garden, Power Backup",19210000.0,11273.47,New (0-3 yrs),3.12
Yelahanka,1421,3,3,0,Semi-Furnished,"Children's Play Area, Covered Parking, Jogging Track, Landscaped Garden",8500000.0,5981.7,New (0-3 yrs),2.68
Koramangala,1191,2,2,4,Unfurnished,"Children's Play Area, High-Speed Elevators, Intercom",12990000.0,10906.8,Modern (4-10 yrs),1.96
Marathahalli,2100,4,3,0,Semi-Furnished,"Clubhouse, Covered Parking, Swimming Pool, Tennis Court",15070000.0,7176.19,New (0-3 yrs),4.38
Koramangala,2100,4,4,3,Semi-Furnished,"Landscaped Garden, Swimming Pool, Tennis Court",30490000.0,14519.05,New (0-3 yrs),3.39
Koramangala,1639,3,3,8,Semi-Furnished,"24/7 Security, High-Speed Elevators, Intercom, Landscaped Garden",20480000.0,12495.42,Modern (4-10 yrs),2.86
Thanisandra,500,1,1,22,Furnished,"Clubhouse, Gym, Jogging Track, Power Backup",2590000.0,5180.0,Old (20+ yrs),3.21
Koramangala,720,1,1,19,Semi-Furnished,"Covered Parking, Intercom",8010000.0,11125.0,Established (11-20 yrs),1.16
HSR Layout,1040,2,1,10,Semi-Furnished,"24/7 Security, Intercom, Jogging Track, Power Backup, Tennis Court",8940000.0,8596.15,Modern (4-10 yrs),3.66
Electronic City,2519,4,3,3,Unfurnished,"Children's Play Area, High-Speed Elevators, Landscaped Garden",11160000.0,4430.33,New (0-3 yrs),2.32
Whitefield,1059,2,2,4,Unfurnished,"24/7 Security, Landscaped Garden, Swimming Pool",6170000.0,5826.25,Modern (4-10 yrs),2.86
Sarjapur Road,593,1,1,11,Semi-Furnished,"Children's Play Area, Power Backup",3490000.0,5885.33,Established (11-20 yrs),1.34
Thanisandra,1861,3,3,7,Unfurnished,"Intercom, Power Backup",9880000.0,5308.97,Modern (4-10 yrs),1.16
Bellandur,1490,3,3,0,Unfurnished,"Children's Play Area, Gym",11210000.0,7523.49,New (0-3 yrs),1.52
Malleshwaram,1828,3,3,3,Semi-Furnished,"24/7 Security, Intercom, Power Backup, Swimming Pool",20970000.0,11471.55,New (0-3 yrs),3.21
Koramangala,1423,3,2,13,Unfurnished,"Clubhouse, Intercom, Jogging Track",14150000.0,9943.78,Established (11-20 yrs),2.05
Electronic City,1080,2,2,18,Unfurnished,"Covered Parking, Gym, Landscaped Garden",4140000.0,3833.33,Established (11-20 yrs),2.41
Hebbal,1132,2,2,10,Semi-Furnished,"Clubhouse, High-Speed Elevators, Intercom, Power Backup",9160000.0,8091.87,Modern (4-10 yrs),3.12
Bellandur,952,2,2,3,Furnished,"24/7 Security, Swimming Pool, Tennis Court",7660000.0,8046.22,New (0-3 yrs),3.3
Hebbal,707,1,1,7,Semi-Furnished,"Children's Play Area, Gym, Power Backup, Swimming Pool",5960000.0,8429.99,Modern (4-10 yrs),3.57
Banashankari,2265,3,2,1,Unfurnished,"24/7 Security, Covered Parking, Jogging Track, Landscaped Garden, Swimming Pool, Tennis Court",20310000.0,8966.89,New (0-3 yrs),5.36
Hebbal,1259,2,2,0,Unfurnished,"High-Speed Elevators, Jogging Track",9210000.0,7315.33,New (0-3 yrs),1.43
Banashankari,823,1,1,3,Unfurnished,"24/7 Security, Covered Parking, Gym, Landscaped Garden, Swimming Pool",5560000.0,6755.77,New (0-3 yrs),4.46
Marathahalli,954,2,1,18,Unfurnished,"Clubhouse, Landscaped Garden, Swimming Pool",4190000.0,4392.03,Established (11-20 yrs),3.21
Electronic City,1527,3,3,0,Furnished,"Clubhouse, Covered Parking, Gym, Power Backup",8860000.0,5802.23,New (0-3 yrs),3.39
Koramangala,1148,2,2,4,Unfurnished,"24/7 Security, High-Speed Elevators",12860000.0,11202.09,Modern (4-10 yrs),1.61
Bellandur,1048,2,2,3,Unfurnished,"24/7 Security, Gym, High-Speed Elevators, Landscaped Garden, Tennis Court",7660000.0,7309.16,New (0-3 yrs),4.55
Thanisandra,2023,3,2,20,Unfurnished,"Children's Play Area, High-Speed Elevators, Intercom, Landscaped Garden, Power Backup",12130000.0,5996.05,Established (11-20 yrs),3.48
Thanisandra,1162,2,2,28,Semi-Furnished,"Children's Play Area, Clubhouse, Covered Parking, High-Speed Elevators, Intercom, Landscaped Garden, Power Backup, Tennis Court",5130000.0,4414.8,Old (20+ yrs),6.52
Sarjapur Road,1086,2,2,1,Semi-Furnished,"24/7 Security, Children's Play Area, Clubhouse, Gym, Landscaped Garden, Power Backup, Swimming Pool",7280000.0,6703.5,New (0-3 yrs),6.16
Whitefield,1906,3,3,2,Furnished,"Covered Parking, Landscaped Garden",10470000.0,5493.18,New (0-3 yrs),1.52
Sarjapur Road,2432,4,4,9,Semi-Furnished,"Clubhouse, Covered Parking, Gym, Jogging Track, Power Backup",16430000.0,6755.76,Modern (4-10 yrs),3.93
Whitefield,533,1,1,6,Semi-Furnished,"Clubhouse, Covered Parking, Intercom, Power Backup, Swimming Pool",3040000.0,5703.56,Modern (4-10 yrs),4.29
Bellandur,617,1,1,1,Semi-Furnished,"Clubhouse, Power Backup, Swimming Pool",4800000.0,7779.58,New (0-3 yrs),3.12
Electronic City,1200,2,2,0,Semi-Furnished,"Clubhouse, High-Speed Elevators, Landscaped Garden",6210000.0,5175.0,New (0-3 yrs),2.77
Thanisandra,1610,3,2,19,Furnished,"24/7 Security, Clubhouse, Gym",9650000.0,5993.79,Established (11-20 yrs),2.68
Electronic City,553,1,1,9,Furnished,"Covered Parking, Jogging Track",2760000.0,4990.96,Modern (4-10 yrs),1.25
Koramangala,1346,2,2,14,Furnished,"24/7 Security, Clubhouse, High-Speed Elevators, Intercom, Jogging Track",15640000.0,11619.61,Established (11-20 yrs),3.66
Jayanagar,3652,5,4,9,Semi-Furnished,"24/7 Security, Clubhouse, High-Speed Elevators, Landscaped Garden, Swimming Pool, Tennis Court",46340000.0,12688.94,Modern (4-10 yrs),6.07
Bellandur,2688,4,4,6,Semi-Furnished,"24/7 Security, Covered Parking, Landscaped Garden",21850000.0,8128.72,Modern (4-10 yrs),2.23
Thanisandra,1144,2,2,12,Semi-Furnished,"Children's Play Area, Gym, High-Speed Elevators, Jogging Track",6570000.0,5743.01,Established (11-20 yrs),2.95
Whitefield,1213,2,2,4,Semi-Furnished,"Children's Play Area, Clubhouse, Gym, High-Speed Elevators, Landscaped Garden, Tennis Court",7550000.0,6224.24,Modern (4-10 yrs),5.54
Marathahalli,1436,3,3,2,Unfurnished,"Clubhouse, Intercom, Power Backup",9730000.0,6775.77,New (0-3 yrs),2.23
HSR Layout,983,2,1,2,Semi-Furnished,"Clubhouse, Gym, High-Speed Elevators, Intercom, Power Backup",9790000.0,9959.31,New (0-3 yrs),4.02
Bellandur,1730,3,3,5,Furnished,"Children's Play Area, Clubhouse, Covered Parking, Gym, Intercom, Landscaped Garden, Power Backup",16720000.0,9664.74,Modern (4-10 yrs),5.27
Yelahanka,995,2,2,3,Semi-Furnished,"Children's Play Area, Clubhouse, High-Speed Elevators, Intercom, Landscaped Garden, Power Backup, Swimming Pool, Tennis Court",5930000.0,5959.8,New (0-3 yrs),7.14
Sarjapur Road,1150,2,2,0,Semi-Furnished,"Clubhouse, Gym, Intercom, Jogging Track, Swimming Pool",8440000.0,7339.13,New (0-3 yrs),4.29
HSR Layout,1746,3,3,10,Unfurnished,"Clubhouse, Covered Parking, Gym, High-Speed Elevators, Intercom, Jogging Track, Landscaped Garden, Swimming Pool",14200000.0,8132.88,Modern (4-10 yrs),6.7
Bellandur,2520,4,4,5,Unfurnished,"24/7 Security, Children's Play Area, Clubhouse, Covered Parking, Gym, Intercom, Jogging Track, Swimming Pool, Tennis Court",22390000.0,8884.92,Modern (4-10 yrs),7.59
Electronic City,783,1,1,2,Unfurnished,"24/7 Security, Children's Play Area, High-Speed Elevators, Tennis Court",2960000.0,3780.33,New (0-3 yrs),3.48
Electronic City,2110,3,2,4,Furnished,"24/7 Security, Jogging Track, Power Backup, Swimming Pool, Tennis Court",11490000.0,5445.5,Modern (4-10 yrs),4.55
Whitefield,1120,2,2,1,Unfurnished,"24/7 Security, Clubhouse, High-Speed Elevators, Intercom, Power Backup, Swimming Pool",6270000.0,5598.21,New (0-3 yrs),5.18
Sarjapur Road,1001,2,1,0,Semi-Furnished,"Children's Play Area, Covered Parking, Gym, Intercom",6820000.0,6813.19,New (0-3 yrs),2.68
Yelahanka,467,1,1,14,Furnished,"24/7 Security, Children's Play Area, Gym, Landscaped Garden, Power Backup",2310000.0,4946.47,Established (11-20 yrs),3.75
Koramangala,1585,3,2,0,Furnished,"Clubhouse, Intercom, Power Backup, Tennis Court",19460000.0,12277.6,New (0-3 yrs),3.48
Sarjapur Road,644,1,1,9,Semi-Furnished,"Children's Play Area, Clubhouse, Intercom, Jogging Track, Landscaped Garden, Tennis Court",4140000.0,6428.57,Modern (4-10 yrs),4.73
Malleshwaram,1087,2,2,0,Furnished,"Children's Play Area, Clubhouse, Covered Parking, Swimming Pool, Tennis Court",14370000.0,13219.87,New (0-3 yrs),5.0
Whitefield,953,2,2,0,Semi-Furnished,"Children's Play Area, Jogging Track, Swimming Pool, Tennis Court",5250000.0,5508.92,New (0-3 yrs),3.75
Thanisandra,674,1,1,5,Semi-Furnished,"Covered Parking, Intercom, Jogging Track, Landscaped Garden, Tennis Court",3690000.0,5474.78,Modern (4-10 yrs),3.75
Marathahalli,1914,3,3,0,Semi-Furnished,"Clubhouse, Gym, Intercom",13670000.0,7142.11,New (0-3 yrs),2.41
HSR Layout,644,1,1,15,Semi-Furnished,"24/7 Security, Children's Play Area, Clubhouse, Intercom, Jogging Track, Landscaped Garden, Power Backup, Tennis Court",5870000.0,9114.91,Established (11-20 yrs),6.16
Yelahanka,1652,3,3,4,Furnished,"Clubhouse, High-Speed Elevators, Intercom, Landscaped Garden, Power Backup",11380000.0,6888.62,Modern (4-10 yrs),3.93
HSR Layout,1720,3,2,3,Furnished,"Clubhouse, Covered Parking, High-Speed Elevators, Intercom, Jogging Track, Power Backup, Swimming Pool",18420000.0,10709.3,New (0-3 yrs),5.71
Indiranagar,1472,3,3,1,Semi-Furnished,"Children's Play Area, Covered Parking, Gym, Jogging Track, Tennis Court",19540000.0,13274.46,New (0-3 yrs),4.02
Koramangala,2365,4,4,7,Furnished,"24/7 Security, Children's Play Area, Covered Parking, High-Speed Elevators, Landscaped Garden, Swimming Pool, Tennis Court",35270000.0,14913.32,Modern (4-10 yrs),6.34
Sarjapur Road,1627,3,3,15,Semi-Furnished,"Covered Parking, Intercom",9790000.0,6017.21,Established (11-20 yrs),1.16
Whitefield,1495,3,3,2,Furnished,"24/7 Security, Gym, High-Speed Elevators, Jogging Track, Landscaped Garden",10780000.0,7210.7,New (0-3 yrs),3.84
Electronic City,883,2,1,0,Semi-Furnished,"Children's Play Area, Covered Parking, Intercom, Jogging Track, Swimming Pool, Tennis Court",4430000.0,5016.99,New (0-3 yrs),4.91
Rajajinagar,3477,4,4,4,Semi-Furnished,"Children's Play Area, Gym, Jogging Track, Landscaped Garden, Power Backup",47540000.0,13672.71,Modern (4-10 yrs),3.57
Hebbal,1152,2,2,15,Furnished,"Children's Play Area, Clubhouse, Gym, Swimming Pool",9010000.0,7821.18,Established (11-20 yrs),3.93
Koramangala,1883,3,2,3,Furnished,"Clubhouse, Tennis Court",23100000.0,12267.66,New (0-3 yrs),2.32
Hebbal,4267,5,5,2,Furnished,"Children's Play Area, Covered Parking, Gym, High-Speed Elevators",40000000.0,9374.27,New (0-3 yrs),3.12
Jayanagar,771,1,1,15,Semi-Furnished,"24/7 Security, Children's Play Area",8240000.0,10687.42,Established (11-20 yrs),1.34
Marathahalli,1124,2,2,3,Semi-Furnished,"Children's Play Area, Landscaped Garden, Power Backup, Swimming Pool, Tennis Court",7360000.0,6548.04,New (0-3 yrs),4.73
Hebbal,3614,5,5,5,Semi-Furnished,"24/7 Security, Clubhouse, Covered Parking, Intercom, Jogging Track, Landscaped Garden, Power Backup, Swimming Pool, Tennis Court",32560000.0,9009.41,Modern (4-10 yrs),7.59
Whitefield,1715,3,3,6,Unfurnished,"24/7 Security, Gym, Intercom, Landscaped Garden",11510000.0,6711.37,Modern (4-10 yrs),2.86
Whitefield,984,2,2,2,Unfurnished,"24/7 Security, Gym, Tennis Court",5280000.0,5365.85,New (0-3 yrs),2.86
Whitefield,1097,2,2,2,Furnished,"24/7 Security, Clubhouse, Covered Parking, Gym, High-Speed Elevators, Intercom, Jogging Track",8170000.0,7447.58,New (0-3 yrs),5.27
Electronic City,2710,4,4,0,Semi-Furnished,"24/7 Security, Clubhouse, Gym, High-Speed Elevators, Jogging Track, Landscaped Garden, Swimming Pool",15430000.0,5693.73,New (0-3 yrs),6.25
Yelahanka,2917,4,3,10,Furnished,"Clubhouse, High-Speed Elevators, Jogging Track, Tennis Court",19080000.0,6540.97,Modern (4-10 yrs),3.75
Malleshwaram,1420,3,3,13,Furnished,"Children's Play Area, Gym, High-Speed Elevators, Jogging Track, Tennis Court",15950000.0,11232.39,Established (11-20 yrs),4.2
Electronic City,1205,2,2,10,Semi-Furnished,"24/7 Security, Children's Play Area, Clubhouse, Covered Parking, Gym, Intercom",4100000.0,3402.49,Modern (4-10 yrs),4.46
HSR Layout,1789,3,3,11,Semi-Furnished,"24/7 Security, Children's Play Area, Swimming Pool",14740000.0,8239.24,Established (11-20 yrs),2.68
Sarjapur Road,1029,2,1,3,Unfurnished,"Clubhouse, Gym, Power Backup",6390000.0,6209.91,New (0-3 yrs),2.68
HSR Layout,750,1,1,0,Semi-Furnished,"24/7 Security, Clubhouse, Intercom, Swimming Pool, Tennis Court",6340000.0,8453.33,New (0-3 yrs),4.82
Thanisandra,1231,2,2,1,Unfurnished,"24/7 Security, Children's Play Area, Jogging Track, Power Backup, Swimming Pool",8100000.0,6580.02,New (0-3 yrs),3.93
Hebbal,1856,3,3,6,Semi-Furnished,"Covered Parking, Jogging Track, Power Backup, Tennis Court",17680000.0,9525.86,Modern (4-10 yrs),3.21
Rajajinagar,1664,3,3,1,Semi-Furnished,"Clubhouse, Covered Parking, High-Speed Elevators, Landscaped Garden, Power Backup",17100000.0,10276.44,New (0-3 yrs),4.2
HSR Layout,4783,5,5,8,Semi-Furnished,"Clubhouse, Covered Parking, High-Speed Elevators, Jogging Track, Swimming Pool",49170000.0,10280.16,Modern (4-10 yrs),4.55
Whitefield,704,1,1,4,Unfurnished,"Clubhouse, Gym, Jogging Track, Landscaped Garden, Swimming Pool, Tennis Court",3640000.0,5170.45,Modern (4-10 yrs),5.89
Sarjapur Road,2698,4,4,26,Semi-Furnished,"Gym, High-Speed Elevators, Intercom, Swimming Pool, Tennis Court",17790000.0,6593.77,Old (20+ yrs),4.82
Bellandur,975,2,2,16,Semi-Furnished,"Covered Parking, High-Speed Elevators",6750000.0,6923.08,Established (11-20 yrs),1.61
Indiranagar,3708,5,4,0,Unfurnished,"Children's Play Area, Covered Parking, Power Backup",55110000.0,14862.46,New (0-3 yrs),2.05
Bellandur,642,1,1,16,Unfurnished,"24/7 Security, Covered Parking, Gym, Intercom, Jogging Track, Landscaped Garden, Swimming Pool, Tennis Court",4040000.0,6292.83,Established (11-20 yrs),6.7
Electronic City,711,1,1,7,Semi-Furnished,"24/7 Security, Covered Parking, High-Speed Elevators",3340000.0,4697.61,Modern (4-10 yrs),2.32
Sarjapur Road,1751,3,3,0,Furnished,"24/7 Security, Gym, High-Speed Elevators, Jogging Track, Landscaped Garden, Swimming Pool, Tennis Court",15440000.0,8817.82,New (0-3 yrs),6.43
Indiranagar,1121,2,2,5,Unfurnished,"Intercom, Power Backup, Swimming Pool, Tennis Court",12480000.0,11132.92,Modern (4-10 yrs),3.75
Indiranagar,1589,3,3,6,Unfurnished,"24/7 Security, Clubhouse, Intercom, Jogging Track, Tennis Court",17960000.0,11302.71,Modern (4-10 yrs),4.02
Marathahalli,2406,4,4,2,Semi-Furnished,"Covered Parking, Gym, Swimming Pool",19350000.0,8042.39,New (0-3 yrs),2.95
HSR Layout,1674,3,2,0,Unfurnished,"Gym, Landscaped Garden",15040000.0,8984.47,New (0-3 yrs),1.7
HSR Layout,2560,4,3,3,Furnished,"24/7 Security, Children's Play Area, Covered Parking, Intercom",24150000.0,9433.59,New (0-3 yrs),2.5
Jayanagar,793,1,1,5,Unfurnished,"Children's Play Area, Intercom",7880000.0,9936.95,Modern (4-10 yrs),1.07
Electronic City,618,1,1,19,Unfurnished,"Children's Play Area, Clubhouse, Intercom",1870000.0,3025.89,Established (11-20 yrs),2.14
Whitefield,635,1,1,5,Semi-Furnished,"24/7 Security, Covered Parking",3430000.0,5401.57,Modern (4-10 yrs),1.43
HSR Layout,682,1,1,6,Furnished,"Clubhouse, Jogging Track, Swimming Pool",5770000.0,8460.41,Modern (4-10 yrs),2.95
Jayanagar,3929,5,5,12,Furnished,"Covered Parking, Jogging Track, Swimming Pool, Tennis Court",51170000.0,13023.67,Established (11-20 yrs),3.84
Sarjapur Road,1788,3,2,3,Semi-Furnished,"24/7 Security, Children's Play Area",12430000.0,6951.9,New (0-3 yrs),1.34
Indiranagar,1235,2,2,2,Furnished,"Children's Play Area, Clubhouse, Intercom, Landscaped Garden",14870000.0,12040.49,New (0-3 yrs),2.95
Jayanagar,828,2,2,4,Semi-Furnished,"24/7 Security, Gym, High-Speed Elevators, Jogging Track, Swimming Pool",9350000.0,11292.27,Modern (4-10 yrs),4.38
Koramangala,3163,5,4,7,Furnished,"24/7 Security, Children's Play Area, High-Speed Elevators, Power Backup",47030000.0,14868.8,Modern (4-10 yrs),2.95
Marathahalli,1048,2,2,0,Furnished,"Covered Parking, Gym, High-Speed Elevators, Intercom, Jogging Track",7290000.0,6956.11,New (0-3 yrs),3.48
Hebbal,644,1,1,5,Semi-Furnished,"24/7 Security, Children's Play Area, Covered Parking",4960000.0,7701.86,Modern (4-10 yrs),2.05
Marathahalli,2391,3,3,0,Furnished,"Children's Play Area, High-Speed Elevators",15450000.0,6461.73,New (0-3 yrs),1.52
Electronic City,954,2,2,2,Semi-Furnished,"24/7 Security, Children's Play Area, Clubhouse, Covered Parking, Gym, High-Speed Elevators, Landscaped Garden, Tennis Court",4630000.0,4853.25,New (0-3 yrs),6.96
Jayanagar,547,1,1,0,Semi-Furnished,"Children's Play Area, Gym, Landscaped Garden, Power Backup",7150000.0,13071.3,New (0-3 yrs),3.04
Rajajinagar,1161,2,2,0,Semi-Furnished,"Children's Play Area, Covered Parking, High-Speed Elevators, Intercom, Swimming Pool",11600000.0,9991.39,New (0-3 yrs),4.02
Banashankari,1318,3,3,7,Semi-Furnished,"Power Backup, Swimming Pool, Tennis Court",8880000.0,6737.48,Modern (4-10 yrs),3.3
Whitefield,2380,4,4,22,Semi-Furnished,"24/7 Security, Intercom, Tennis Court",12480000.0,5243.7,Old (20+ yrs),2.41
Jayanagar,1381,2,2,0,Unfurnished,"24/7 Security, Children's Play Area, Clubhouse, Gym, High-Speed Elevators, Power Backup, Swimming Pool, Tennis Court",16020000.0,11600.29,New (0-3 yrs),7.5
Marathahalli,800,2,2,12,Unfurnished,"High-Speed Elevators, Landscaped Garden",4180000.0,5225.0,Established (11-20 yrs),1.7
Koramangala,1009,2,2,0,Unfurnished,"Children's Play Area, Covered Parking, High-Speed Elevators, Intercom, Swimming Pool, Tennis Court",11240000.0,11139.74,New (0-3 yrs),5.27
Indiranagar,1066,2,2,3,Semi-Furnished,"Clubhouse, Gym, Landscaped Garden, Power Backup, Swimming Pool, Tennis Court",12440000.0,11669.79,New (0-3 yrs),6.07
Electronic City,1054,2,2,8,Semi-Furnished,"Children's Play Area, Gym, Intercom, Landscaped Garden",5930000.0,5626.19,Modern (4-10 yrs),2.77
Marathahalli,857,2,2,16,Semi-Furnished,"24/7 Security, Intercom, Landscaped Garden, Tennis Court",5610000.0,6546.09,Established (11-20 yrs),3.21
Whitefield,2405,4,4,4,Semi-Furnished,"24/7 Security, Gym, Intercom",14480000.0,6020.79,Modern (4-10 yrs),2.05
Marathahalli,1350,2,1,6,Semi-Furnished,"Children's Play Area, Covered Parking, Landscaped Garden",8070000.0,5977.78,Modern (4-10 yrs),2.14
Koramangala,453,1,1,1,Unfurnished,"24/7 Security, High-Speed Elevators, Jogging Track",4240000.0,9359.82,New (0-3 yrs),2.14
Koramangala,1327,2,1,1,Semi-Furnished,"Children's Play Area, Gym, Landscaped Garden, Tennis Court",16920000.0,12750.57,New (0-3 yrs),3.57
Marathahalli,2771,4,4,4,Unfurnished,"24/7 Security, Gym, High-Speed Elevators",19000000.0,6856.73,Modern (4-10 yrs),2.5
Electronic City,982,2,2,0,Furnished,"24/7 Security, Clubhouse, Covered Parking, Swimming Pool",4940000.0,5030.55,New (0-3 yrs),3.84
Jayanagar,590,1,1,1,Semi-Furnished,"Children's Play Area, Clubhouse, Gym, High-Speed Elevators, Intercom, Jogging Track, Landscaped Garden, Power Backup, Swimming Pool",6180000.0,10474.58,New (0-3 yrs),7.32
Electronic City,1022,2,2,0,Unfurnished,"Covered Parking, High-Speed Elevators, Intercom, Landscaped Garden, Power Backup, Tennis Court",5250000.0,5136.99,New (0-3 yrs),4.82
Yelahanka,1104,2,2,12,Semi-Furnished,"Clubhouse, Gym, Intercom, Tennis Court",6780000.0,6141.3,Established (11-20 yrs),3.66
Bellandur,1944,3,3,7,Furnished,"Children's Play Area, Covered Parking, Power Backup",15180000.0,7808.64,Modern (4-10 yrs),2.05
Bellandur,1125,2,2,4,Semi-Furnished,"Landscaped Garden, Power Backup, Tennis Court",9030000.0,8026.67,Modern (4-10 yrs),2.77
Electronic City,1575,3,3,9,Semi-Furnished,"24/7 Security, Children's Play Area, Landscaped Garden",7360000.0,4673.02,Modern (4-10 yrs),2.14
Whitefield,927,2,2,7,Semi-Furnished,"Children's Play Area, High-Speed Elevators, Intercom, Landscaped Garden",5590000.0,6030.2,Modern (4-10 yrs),2.77
Bellandur,1628,3,3,0,Unfurnished,"Gym, Jogging Track",12180000.0,7481.57,New (0-3 yrs),1.43
Indiranagar,1704,3,3,0,Semi-Furnished,"Intercom, Jogging Track, Swimming Pool",25940000.0,15223.0,New (0-3 yrs),2.32
Banashankari,1746,3,3,5,Unfurnished,"24/7 Security, Clubhouse",10850000.0,6214.2,Modern (4-10 yrs),1.79
Koramangala,1590,3,3,7,Semi-Furnished,"Clubhouse, Covered Parking, Gym, Swimming Pool, Tennis Court",18900000.0,11886.79,Modern (4-10 yrs),5.27
Electronic City,4008,5,5,8,Unfurnished,"Power Backup, Tennis Court",22530000.0,5621.26,Modern (4-10 yrs),1.96
Jayanagar,2210,4,3,12,Unfurnished,"Children's Play Area, High-Speed Elevators, Intercom, Power Backup, Swimming Pool, Tennis Court",24460000.0,11067.87,Established (11-20 yrs),5.27
Rajajinagar,4287,5,5,2,Semi-Furnished,"Children's Play Area, Clubhouse, Intercom, Power Backup",46590000.0,10867.74,New (0-3 yrs),2.86
Indiranagar,968,2,2,2,Furnished,"Clubhouse, Intercom, Landscaped Garden, Swimming Pool",10900000.0,11260.33,New (0-3 yrs),3.66
Electronic City,1875,3,3,1,Semi-Furnished,"Children's Play Area, Clubhouse, Covered Parking, Jogging Track, Landscaped Garden",9460000.0,5045.33,New (0-3 yrs),3.75
Thanisandra,1136,2,2,0,Furnished,"Children's Play Area, Clubhouse, Covered Parking, Gym, High-Speed Elevators, Landscaped Garden, Swimming Pool",7590000.0,6681.34,New (0-3 yrs),6.34
Rajajinagar,1827,3,3,7,Furnished,"Children's Play Area, Clubhouse, Covered Parking, High-Speed Elevators, Jogging Track, Power Backup",19220000.0,10519.98,Modern (4-10 yrs),4.55
Banashankari,3146,5,5,28,Semi-Furnished,"24/7 Security, Gym, High-Speed Elevators, Intercom, Power Backup, Tennis Court",19060000.0,6058.49,Old (20+ yrs),4.91
Sarjapur Road,4254,5,5,1,Furnished,"High-Speed Elevators, Jogging Track, Power Backup, Swimming Pool, Tennis Court",39950000.0,9391.16,New (0-3 yrs),4.73
HSR Layout,2207,4,3,4,Semi-Furnished,"24/7 Security, Clubhouse, Covered Parking, Gym",19870000.0,9003.17,Modern (4-10 yrs),3.39
Electronic City,1311,2,1,0,Furnished,"24/7 Security, Children's Play Area, Intercom, Jogging Track, Landscaped Garden",7940000.0,6056.45,New (0-3 yrs),3.12
Banashankari,1175,2,2,6,Semi-Furnished,"Covered Parking, High-Speed Elevators, Intercom, Landscaped Garden, Power Backup",7590000.0,6459.57,Modern (4-10 yrs),3.57
Sarjapur Road,1327,3,3,4,Unfurnished,"24/7 Security, Clubhouse, Gym",9470000.0,7136.4,Modern (4-10 yrs),2.68
Electronic City,1632,3,3,26,Semi-Furnished,"Children's Play Area, High-Speed Elevators, Landscaped Garden",6380000.0,3909.31,Old (20+ yrs),2.32
Sarjapur Road,1143,2,2,8,Semi-Furnished,"Clubhouse, Gym, Intercom, Jogging Track, Tennis Court",8350000.0,7305.34,Modern (4-10 yrs),4.2
Indiranagar,1395,3,2,6,Semi-Furnished,"24/7 Security, High-Speed Elevators, Intercom, Landscaped Garden, Swimming Pool",14950000.0,10716.85,Modern (4-10 yrs),4.2
Jayanagar,1492,3,3,5,Unfurnished,"Clubhouse, Gym, Jogging Track, Landscaped Garden",18110000.0,12138.07,Modern (4-10 yrs),3.3
HSR Layout,1690,3,3,4,Furnished,"Clubhouse, Gym, Intercom, Landscaped Garden, Swimming Pool",16110000.0,9532.54,Modern (4-10 yrs),4.55
Whitefield,606,1,1,3,Furnished,"24/7 Security, Children's Play Area, Clubhouse, Intercom, Power Backup, Tennis Court",3250000.0,5363.04,New (0-3 yrs),4.82
HSR Layout,1786,3,3,3,Semi-Furnished,"Landscaped Garden, Power Backup",15990000.0,8952.97,New (0-3 yrs),1.52
HSR Layout,1193,2,2,15,Furnished,"Gym, Intercom",9320000.0,7812.24,Established (11-20 yrs),1.34
Malleshwaram,1039,2,2,0,Unfurnished,"Gym, Intercom, Jogging Track, Swimming Pool",11000000.0,10587.1,New (0-3 yrs),3.21
Electronic City,1506,3,3,4,Semi-Furnished,"Children's Play Area, Covered Parking, Intercom, Jogging Track, Swimming Pool, Tennis Court",9070000.0,6022.58,Modern (4-10 yrs),4.91
Thanisandra,1795,3,2,6,Semi-Furnished,"Children's Play Area, Clubhouse, Covered Parking, High-Speed Elevators, Landscaped Garden, Swimming Pool",12180000.0,6785.52,Modern (4-10 yrs),5.45
Jayanagar,2807,4,3,19,Furnished,"Jogging Track, Landscaped Garden, Swimming Pool",37880000.0,13494.83,Established (11-20 yrs),2.68
Jayanagar,617,1,1,2,Semi-Furnished,"Gym, High-Speed Elevators, Landscaped Garden",6890000.0,11166.94,New (0-3 yrs),2.59
Banashankari,1460,3,3,9,Semi-Furnished,"Children's Play Area, Clubhouse, High-Speed Elevators, Intercom, Jogging Track, Landscaped Garden",11330000.0,7760.27,Modern (4-10 yrs),4.38
Electronic City,1969,3,3,3,Semi-Furnished,"Children's Play Area, Jogging Track, Swimming Pool",10260000.0,5210.77,New (0-3 yrs),2.5
Rajajinagar,993,2,2,1,Semi-Furnished,"24/7 Security, Children's Play Area, Clubhouse, Tennis Court",8850000.0,8912.39,New (0-3 yrs),3.66
Electronic City,545,1,1,13,Semi-Furnished,"24/7 Security, Children's Play Area, High-Speed Elevators, Landscaped Garden, Swimming Pool, Tennis Court",2220000.0,4073.39,Established (11-20 yrs),5.62
Whitefield,1450,2,2,14,Semi-Furnished,"24/7 Security, Intercom, Power Backup, Swimming Pool",7480000.0,5158.62,Established (11-20 yrs),3.21
HSR Layout,1038,2,1,4,Furnished,"Children's Play Area, Clubhouse, Gym, High-Speed Elevators, Swimming Pool, Tennis Court",9270000.0,8930.64,Modern (4-10 yrs),6.07
Whitefield,488,1,1,8,Furnished,"24/7 Security, Covered Parking, Swimming Pool",2650000.0,5430.33,Modern (4-10 yrs),2.77
Whitefield,800,2,1,0,Semi-Furnished,"Covered Parking, Landscaped Garden, Tennis Court",5250000.0,6562.5,New (0-3 yrs),2.77
Hebbal,1558,3,3,10,Furnished,"Children's Play Area, Gym, Landscaped Garden, Swimming Pool",13980000.0,8973.04,Modern (4-10 yrs),3.66
Marathahalli,2742,4,4,2,Unfurnished,"Clubhouse, Swimming Pool, Tennis Court",19220000.0,7009.48,New (0-3 yrs),3.66
Hebbal,1055,2,2,0,Furnished,"Clubhouse, Covered Parking, High-Speed Elevators, Jogging Track",10000000.0,9478.67,New (0-3 yrs),3.21
Sarjapur Road,1039,2,1,1,Semi-Furnished,"24/7 Security, Children's Play Area, Gym, Intercom, Power Backup",7400000.0,7122.23,New (0-3 yrs),3.39
Whitefield,1600,3,2,8,Semi-Furnished,"High-Speed Elevators, Landscaped Garden, Tennis Court",8060000.0,5037.5,Modern (4-10 yrs),2.95
Indiranagar,2675,4,4,1,Semi-Furnished,"24/7 Security, Children's Play Area, Covered Parking, Swimming Pool",38810000.0,14508.41,New (0-3 yrs),3.39
Yelahanka,1636,3,3,2,Semi-Furnished,"Covered Parking, Intercom",9770000.0,5971.88,New (0-3 yrs),1.16
Thanisandra,1094,2,2,3,Semi-Furnished,"24/7 Security, Covered Parking, High-Speed Elevators, Jogging Track, Power Backup, Swimming Pool",5580000.0,5100.55,New (0-3 yrs),4.91
Koramangala,1132,2,2,5,Semi-Furnished,"24/7 Security, Children's Play Area, Covered Parking, High-Speed Elevators, Power Backup",13440000.0,11872.79,Modern (4-10 yrs),3.66
Jayanagar,1064,2,2,3,Semi-Furnished,"High-Speed Elevators, Jogging Track",11570000.0,10874.06,New (0-3 yrs),1.43
Whitefield,3599,5,5,13,Unfurnished,"Covered Parking, Gym, High-Speed Elevators, Jogging Track, Swimming Pool",21430000.0,5954.43,Established (11-20 yrs),4.38
Jayanagar,1524,3,3,5,Semi-Furnished,"Children's Play Area, Covered Parking, Gym",16840000.0,11049.87,Modern (4-10 yrs),2.23
Indiranagar,1871,3,2,0,Furnished,"Children's Play Area, Gym, High-Speed Elevators, Landscaped Garden, Power Backup",23550000.0,12586.85,New (0-3 yrs),3.93
Koramangala,2838,4,3,1,Furnished,"24/7 Security, Covered Parking, High-Speed Elevators, Intercom, Power Backup, Swimming Pool, Tennis Court",43800000.0,15433.4,New (0-3 yrs),6.07
Koramangala,1366,2,1,1,Semi-Furnished,"24/7 Security, Clubhouse, Covered Parking, High-Speed Elevators",16420000.0,12020.5,New (0-3 yrs),3.39
Koramangala,658,1,1,3,Furnished,"Children's Play Area, Intercom, Swimming Pool",7840000.0,11914.89,New (0-3 yrs),2.41
Electronic City,1724,3,3,11,Semi-Furnished,"24/7 Security, Power Backup, Tennis Court",7850000.0,4553.36,Established (11-20 yrs),2.68
Whitefield,1652,3,2,1,Unfurnished,"24/7 Security, Clubhouse, High-Speed Elevators, Intercom, Jogging Track, Landscaped Garden",9830000.0,5950.36,New (0-3 yrs),4.46
Rajajinagar,1836,3,3,11,Unfurnished,"Covered Parking, Swimming Pool",16680000.0,9084.97,Established (11-20 yrs),2.05
Whitefield,721,1,1,8,Semi-Furnished,"Children's Play Area, Covered Parking, Jogging Track",4030000.0,5589.46,Modern (4-10 yrs),1.88
Whitefield,1300,3,2,6,Semi-Furnished,"Gym, Intercom, Tennis Court",7540000.0,5800.0,Modern (4-10 yrs),2.59
Marathahalli,1315,2,2,7,Furnished,"24/7 Security, Children's Play Area, Clubhouse, Covered Parking, Gym, Power Backup",10540000.0,8015.21,Modern (4-10 yrs),4.73
Jayanagar,558,1,1,3,Furnished,"Children's Play Area, Gym, Intercom, Power Backup",6060000.0,10860.22,New (0-3 yrs),2.68
Yelahanka,482,1,1,8,Unfurnished,"Clubhouse, Covered Parking, Landscaped Garden, Power Backup, Swimming Pool, Tennis Court",2420000.0,5020.75,Modern (4-10 yrs),5.89
Sarjapur Road,1968,3,3,6,Unfurnished,"Children's Play Area, Clubhouse, Covered Parking, High-Speed Elevators, Jogging Track, Landscaped Garden, Swimming Pool",14820000.0,7530.49,Modern (4-10 yrs),5.98
Rajajinagar,1105,2,2,2,Semi-Furnished,"24/7 Security, Children's Play Area, Covered Parking, Landscaped Garden",9430000.0,8533.94,New (0-3 yrs),2.86
Whitefield,570,1,1,1,Semi-Furnished,"Children's Play Area, Gym, Intercom, Tennis Court",2920000.0,5122.81,New (0-3 yrs),3.21
Hebbal,1009,2,2,13,Semi-Furnished,"Jogging Track, Swimming Pool",7500000.0,7433.1,Established (11-20 yrs),1.88
Sarjapur Road,974,2,2,3,Semi-Furnished,"Children's Play Area, Covered Parking, Gym, Intercom, Jogging Track, Power Backup, Tennis Court",7270000.0,7464.07,New (0-3 yrs),5.18
Whitefield,1242,2,2,28,Semi-Furnished,"Children's Play Area, Jogging Track, Landscaped Garden, Swimming Pool",5510000.0,4436.39,Old (20+ yrs),3.3
Electronic City,967,2,2,7,Semi-Furnished,"Children's Play Area, Covered Parking, High-Speed Elevators, Intercom, Landscaped Garden",4630000.0,4788.0,Modern (4-10 yrs),3.48
Rajajinagar,1940,3,2,5,Semi-Furnished,"Children's Play Area, Gym, High-Speed Elevators, Intercom",18290000.0,9427.84,Modern (4-10 yrs),2.86
Whitefield,1233,2,2,0,Furnished,"24/7 Security, Power Backup",7570000.0,6139.5,New (0-3 yrs),1.43
Jayanagar,848,2,2,0,Furnished,"24/7 Security, Children's Play Area, Clubhouse, High-Speed Elevators, Landscaped Garden",9830000.0,11591.98,New (0-3 yrs),4.11
Whitefield,1094,2,2,0,Unfurnished,"Children's Play Area, Covered Parking, Intercom, Tennis Court",5940000.0,5429.62,New (0-3 yrs),3.04
Electronic City,572,1,1,4,Semi-Furnished,"Clubhouse, High-Speed Elevators, Power Backup, Swimming Pool",2510000.0,4388.11,Modern (4-10 yrs),4.02
Whitefield,1058,2,2,1,Unfurnished,"Covered Parking, Gym, Intercom, Jogging Track, Swimming Pool",5900000.0,5576.56,New (0-3 yrs),3.93
HSR Layout,1919,3,2,5,Semi-Furnished,"Children's Play Area, Gym, Jogging Track, Tennis Court",15600000.0,8129.23,Modern (4-10 yrs),3.3
Koramangala,922,2,1,7,Semi-Furnished,"24/7 Security, Children's Play Area, High-Speed Elevators, Jogging Track, Power Backup, Swimming Pool, Tennis Court",10820000.0,11735.36,Modern (4-10 yrs),6.07
Banashankari,1166,2,1,18,Semi-Furnished,"Landscaped Garden, Power Backup",8750000.0,7504.29,Established (11-20 yrs),1.52
Koramangala,1130,2,1,19,Unfurnished,"24/7 Security, Swimming Pool, Tennis Court",12420000.0,10991.15,Established (11-20 yrs),3.3
Electronic City,1887,3,3,3,Semi-Furnished,"24/7 Security, Clubhouse, Covered Parking, Jogging Track, Swimming Pool",10250000.0,5431.9,New (0-3 yrs),4.38
Banashankari,1186,2,2,3,Unfurnished,"Children's Play Area, Gym, High-Speed Elevators, Intercom, Tennis Court",8660000.0,7301.85,New (0-3 yrs),4.11
Whitefield,3532,5,5,8,Semi-Furnished,"High-Speed Elevators, Jogging Track, Landscaped Garden, Swimming Pool, Tennis Court",21440000.0,6070.22,Modern (4-10 yrs),4.82
Bellandur,1828,3,3,14,Semi-Furnished,"24/7 Security, Children's Play Area, Clubhouse, High-Speed Elevators, Intercom, Jogging Track, Landscaped Garden, Swimming Pool, Tennis Court",14880000.0,8140.04,Established (11-20 yrs),7.68
Whitefield,1611,3,3,3,Semi-Furnished,"High-Speed Elevators, Intercom, Landscaped Garden, Swimming Pool",11530000.0,7157.05,New (0-3 yrs),3.48
HSR Layout,3736,5,5,8,Furnished,"Covered Parking, High-Speed Elevators, Intercom, Jogging Track",38270000.0,10243.58,Modern (4-10 yrs),2.59
Thanisandra,1135,2,2,3,Semi-Furnished,"24/7 Security, Gym, High-Speed Elevators, Intercom, Jogging Track, Landscaped Garden, Swimming Pool",6260000.0,5515.42,New (0-3 yrs),5.62
Marathahalli,542,1,1,6,Unfurnished,"Children's Play Area, Clubhouse, Jogging Track, Tennis Court",3170000.0,5848.71,Modern (4-10 yrs),3.48
Thanisandra,2337,4,4,22,Semi-Furnished,"Clubhouse, Covered Parking, Intercom, Swimming Pool",12670000.0,5421.48,Old (20+ yrs),3.57
Jayanagar,1558,3,2,7,Furnished,"Children's Play Area, Intercom, Landscaped Garden, Tennis Court",19740000.0,12670.09,Modern (4-10 yrs),3.12
Thanisandra,2469,4,4,7,Furnished,"24/7 Security, Clubhouse, Covered Parking, High-Speed Elevators, Jogging Track, Power Backup",15260000.0,6180.64,Modern (4-10 yrs),4.64
Sarjapur Road,938,2,2,6,Unfurnished,"24/7 Security, Intercom, Jogging Track, Landscaped Garden, Power Backup",5740000.0,6119.4,Modern (4-10 yrs),3.21
Sarjapur Road,2848,4,3,15,Unfurnished,"Clubhouse, Covered Parking, Gym, High-Speed Elevators, Landscaped Garden, Power Backup",17440000.0,6123.6,Established (11-20 yrs),5.09
Electronic City,2017,3,2,3,Semi-Furnished,"Children's Play Area, Clubhouse, Covered Parking, High-Speed Elevators, Tennis Court",10260000.0,5086.76,New (0-3 yrs),4.55
HSR Layout,532,1,1,6,Semi-Furnished,"24/7 Security, Children's Play Area, High-Speed Elevators, Jogging Track, Landscaped Garden, Tennis Court",5270000.0,9906.02,Modern (4-10 yrs),4.82
Yelahanka,1113,2,2,0,Semi-Furnished,"24/7 Security, Gym, Intercom, Landscaped Garden, Power Backup, Swimming Pool",7330000.0,6585.8,New (0-3 yrs),4.91
Malleshwaram,1155,2,2,14,Semi-Furnished,"24/7 Security, Covered Parking, Gym, High-Speed Elevators, Tennis Court",12260000.0,10614.72,Established (11-20 yrs),4.46
Banashankari,1718,3,2,5,Semi-Furnished,"24/7 Security, Power Backup, Swimming Pool",12800000.0,7450.52,Modern (4-10 yrs),2.77
Banashankari,625,1,1,7,Semi-Furnished,"24/7 Security, Gym, High-Speed Elevators, Tennis Court",3730000.0,5968.0,Modern (4-10 yrs),3.75
Whitefield,1531,3,3,10,Semi-Furnished,"Covered Parking, Landscaped Garden, Swimming Pool",8240000.0,5382.1,Modern (4-10 yrs),2.86
Hebbal,2184,4,4,11,Unfurnished,"24/7 Security, Gym, High-Speed Elevators, Jogging Track, Power Backup",17630000.0,8072.34,Established (11-20 yrs),3.75
HSR Layout,1330,2,2,12,Unfurnished,"Children's Play Area, Covered Parking, Gym, Jogging Track",8010000.0,6022.56,Established (11-20 yrs),2.77
HSR Layout,1178,2,2,3,Unfurnished,"Clubhouse, Gym, High-Speed Elevators, Intercom, Power Backup",11900000.0,10101.87,New (0-3 yrs),4.02
Sarjapur Road,621,1,1,8,Furnished,"Clubhouse, Gym, High-Speed Elevators, Intercom, Landscaped Garden, Power Backup, Swimming Pool, Tennis Court",3670000.0,5909.82,Modern (4-10 yrs),7.41
Electronic City,613,1,1,7,Unfurnished,"Clubhouse, Jogging Track, Power Backup, Tennis Court",2460000.0,4013.05,Modern (4-10 yrs),3.57
Whitefield,1668,3,3,18,Semi-Furnished,"24/7 Security, Clubhouse, Gym, High-Speed Elevators, Tennis Court",9220000.0,5527.58,Established (11-20 yrs),4.82
Indiranagar,1456,3,3,6,Semi-Furnished,"24/7 Security, Covered Parking, Landscaped Garden",18930000.0,13001.37,Modern (4-10 yrs),2.23
Sarjapur Road,1571,3,3,0,Unfurnished,"Clubhouse, Covered Parking, High-Speed Elevators, Intercom, Landscaped Garden",11550000.0,7352.01,New (0-3 yrs),3.93
Jayanagar,1620,3,3,4,Unfurnished,"24/7 Security, Children's Play Area, Covered Parking, Gym, High-Speed Elevators, Jogging Track, Swimming Pool",19970000.0,12327.16,Modern (4-10 yrs),5.71
Hebbal,1907,3,2,13,Unfurnished,"Clubhouse, Jogging Track",13920000.0,7299.42,Established (11-20 yrs),1.61
Hebbal,1247,2,2,12,Furnished,"Children's Play Area, Gym, High-Speed Elevators, Intercom, Swimming Pool, Tennis Court",11630000.0,9326.38,Established (11-20 yrs),5.45
HSR Layout,1227,2,2,8,Unfurnished,"Clubhouse, Gym, High-Speed Elevators, Intercom, Landscaped Garden, Tennis Court",9380000.0,7644.66,Modern (4-10 yrs),5.36
Marathahalli,491,1,1,6,Furnished,"24/7 Security, Jogging Track",3010000.0,6130.35,Modern (4-10 yrs),1.25
Koramangala,1135,2,2,4,Semi-Furnished,"Children's Play Area, Clubhouse, High-Speed Elevators, Intercom, Jogging Track, Swimming Pool, Tennis Court",13910000.0,12255.51,Modern (4-10 yrs),6.16
Hebbal,1136,2,2,3,Semi-Furnished,"High-Speed Elevators, Jogging Track, Landscaped Garden, Power Backup, Swimming Pool, Tennis Court",10630000.0,9357.39,New (0-3 yrs),5.54
Whitefield,2617,4,4,14,Semi-Furnished,"24/7 Security, Children's Play Area, Clubhouse, Gym, Landscaped Garden, Power Backup",16920000.0,6465.42,Established (11-20 yrs),4.82
Bellandur,1890,3,2,22,Unfurnished,"24/7 Security, Covered Parking, Intercom, Jogging Track, Landscaped Garden, Power Backup, Tennis Court",12810000.0,6777.78,Old (20+ yrs),5.18
Yelahanka,1428,3,2,25,Unfurnished,"24/7 Security, Power Backup, Swimming Pool, Tennis Court",7540000.0,5280.11,Old (20+ yrs),4.02
Indiranagar,1532,3,3,6,Furnished,"Children's Play Area, Covered Parking, Intercom, Landscaped Garden, Power Backup, Swimming Pool, Tennis Court",17960000.0,11723.24,Modern (4-10 yrs),5.89
Whitefield,962,2,2,13,Unfurnished,"Children's Play Area, Covered Parking, Gym, High-Speed Elevators, Landscaped Garden, Swimming Pool",5490000.0,5706.86,Established (11-20 yrs),5.27
Whitefield,1445,3,2,15,Semi-Furnished,"Children's Play Area, Covered Parking, High-Speed Elevators, Intercom, Landscaped Garden, Power Backup",7980000.0,5522.49,Established (11-20 yrs),4.2
Bellandur,1050,2,2,7,Furnished,"Children's Play Area, Clubhouse, Covered Parking, Jogging Track, Swimming Pool",7530000.0,7171.43,Modern (4-10 yrs),4.29
Banashankari,2957,4,4,3,Semi-Furnished,"Gym, Swimming Pool",23500000.0,7947.24,New (0-3 yrs),2.23
HSR Layout,1956,3,3,12,Unfurnished,"Intercom, Jogging Track, Power Backup, Tennis Court",16140000.0,8251.53,Established (11-20 yrs),2.95
Sarjapur Road,1200,2,1,10,Furnished,"High-Speed Elevators, Intercom, Landscaped Garden",8220000.0,6850.0,Modern (4-10 yrs),2.14
Sarjapur Road,2229,4,4,1,Furnished,"Intercom, Power Backup",17970000.0,8061.91,New (0-3 yrs),1.16
Jayanagar,2076,3,2,7,Semi-Furnished,"24/7 Security, Clubhouse, Gym, High-Speed Elevators",24790000.0,11941.23,Modern (4-10 yrs),3.57
Marathahalli,3952,5,4,12,Unfurnished,"Children's Play Area, Covered Parking, Intercom, Jogging Track, Landscaped Garden",27280000.0,6902.83,Established (11-20 yrs),3.12
Jayanagar,550,1,1,4,Semi-Furnished,"Children's Play Area, Swimming Pool, Tennis Court",7090000.0,12890.91,Modern (4-10 yrs),3.21
Bellandur,1910,3,3,4,Unfurnished,"24/7 Security, Clubhouse, High-Speed Elevators, Tennis Court",14770000.0,7732.98,Modern (4-10 yrs),3.93
Malleshwaram,1563,3,2,2,Unfurnished,"Clubhouse, Gym, Intercom, Landscaped Garden, Power Backup",16500000.0,10556.62,New (0-3 yrs),3.93
Indiranagar,1940,3,2,7,Furnished,"Clubhouse, Landscaped Garden",23270000.0,11994.85,Modern (4-10 yrs),1.88
Banashankari,2035,3,3,2,Semi-Furnished,"Children's Play Area, Intercom, Jogging Track",14690000.0,7218.67,New (0-3 yrs),1.61
HSR Layout,1821,3,3,5,Semi-Furnished,"Clubhouse, Covered Parking, High-Speed Elevators, Intercom, Landscaped Garden, Power Backup",17650000.0,9692.48,Modern (4-10 yrs),4.64
Electronic City,617,1,1,1,Unfurnished,"24/7 Security, Jogging Track",2520000.0,4084.28,New (0-3 yrs),1.25
Whitefield,990,2,1,0,Unfurnished,"Covered Parking, Gym, Jogging Track, Landscaped Garden",6130000.0,6191.92,New (0-3 yrs),2.95
Electronic City,1359,3,2,4,Furnished,"Power Backup, Swimming Pool, Tennis Court",7640000.0,5621.78,Modern (4-10 yrs),3.3
Yelahanka,4148,5,5,9,Unfurnished,"24/7 Security, Intercom, Power Backup, Swimming Pool, Tennis Court",25920000.0,6248.79,Modern (4-10 yrs),4.46
Jayanagar,1129,2,2,21,Furnished,"Children's Play Area, Intercom, Landscaped Garden, Power Backup, Swimming Pool",10990000.0,9734.28,Old (20+ yrs),3.93
HSR Layout,2088,3,3,2,Furnished,"Gym, Power Backup",19780000.0,9473.18,New (0-3 yrs),1.61
Electronic City,1002,2,2,6,Unfurnished,"Gym, High-Speed Elevators, Jogging Track, Tennis Court",4260000.0,4251.5,Modern (4-10 yrs),3.57
Koramangala,1575,3,2,16,Unfurnished,"24/7 Security, Covered Parking, High-Speed Elevators, Power Backup",18050000.0,11460.32,Established (11-20 yrs),3.04
Bellandur,1025,2,2,4,Unfurnished,"Covered Parking, Intercom, Landscaped Garden, Swimming Pool, Tennis Court",7320000.0,7141.46,Modern (4-10 yrs),4.55
Koramangala,1707,3,2,3,Furnished,"Children's Play Area, Intercom, Jogging Track, Landscaped Garden, Power Backup",23530000.0,13784.42,New (0-3 yrs),3.12
HSR Layout,561,1,1,9,Furnished,"Clubhouse, Gym, Power Backup, Swimming Pool",4770000.0,8502.67,Modern (4-10 yrs),4.02
Sarjapur Road,636,1,1,1,Semi-Furnished,"24/7 Security, Children's Play Area, Landscaped Garden",3140000.0,4937.11,New (0-3 yrs),2.14
Rajajinagar,1056,2,2,18,Semi-Furnished,"High-Speed Elevators, Intercom, Power Backup, Swimming Pool, Tennis Court",8980000.0,8503.79,Established (11-20 yrs),4.64
Marathahalli,1557,3,3,8,Semi-Furnished,"Children's Play Area, Intercom",9970000.0,6403.34,Modern (4-10 yrs),1.07
Hebbal,1218,2,2,4,Furnished,"Gym, Landscaped Garden",10370000.0,8513.96,Modern (4-10 yrs),1.7
Banashankari,2917,4,3,1,Unfurnished,"High-Speed Elevators, Intercom, Jogging Track, Landscaped Garden",24310000.0,8333.9,New (0-3 yrs),2.68
Bellandur,1540,3,2,0,Furnished,"Children's Play Area, Covered Parking, Jogging Track, Landscaped Garden, Swimming Pool, Tennis Court",12060000.0,7831.17,New (0-3 yrs),5.27
Electronic City,581,1,1,23,Semi-Furnished,"Covered Parking, Intercom, Landscaped Garden, Tennis Court",2120000.0,3648.88,Old (20+ yrs),3.21
Jayanagar,1090,2,2,8,Semi-Furnished,"24/7 Security, Jogging Track, Power Backup",10570000.0,9697.25,Modern (4-10 yrs),1.96
Koramangala,2272,4,4,2,Semi-Furnished,"Clubhouse, Landscaped Garden, Swimming Pool, Tennis Court",27630000.0,12161.09,New (0-3 yrs),4.46
Rajajinagar,1300,3,3,0,Semi-Furnished,"24/7 Security, High-Speed Elevators, Jogging Track, Landscaped Garden, Swimming Pool",16210000.0,12469.23,New (0-3 yrs),4.29
Koramangala,1188,2,2,2,Unfurnished,"24/7 Security, High-Speed Elevators, Intercom, Jogging Track, Landscaped Garden",14870000.0,12516.84,New (0-3 yrs),3.39
HSR Layout,2281,4,4,9,Unfurnished,"Children's Play Area, Clubhouse, Power Backup",18620000.0,8163.09,Modern (4-10 yrs),2.41
Whitefield,1502,3,2,12,Semi-Furnished,"24/7 Security, Children's Play Area, Covered Parking, Gym, High-Speed Elevators, Jogging Track, Power Backup, Swimming Pool",8620000.0,5739.01,Established (11-20 yrs),6.43
Bellandur,3124,4,4,4,Semi-Furnished,"Children's Play Area, High-Speed Elevators, Intercom, Power Backup",27130000.0,8684.38,Modern (4-10 yrs),2.68
Marathahalli,1036,2,2,5,Semi-Furnished,"24/7 Security, Power Backup",6500000.0,6274.13,Modern (4-10 yrs),1.43
Electronic City,1708,3,3,7,Unfurnished,"24/7 Security, Covered Parking, High-Speed Elevators, Intercom, Jogging Track, Landscaped Garden, Power Backup, Swimming Pool, Tennis Court",8610000.0,5040.98,Modern (4-10 yrs),7.41
Rajajinagar,3100,5,5,25,Furnished,"Clubhouse, Covered Parking, Jogging Track, Landscaped Garden",29820000.0,9619.35,Old (20+ yrs),3.12
Rajajinagar,2753,4,3,15,Semi-Furnished,"Children's Play Area, Covered Parking, Gym, Intercom, Landscaped Garden, Power Backup, Tennis Court",28280000.0,10272.43,Established (11-20 yrs),5.45
Bellandur,2615,4,3,7,Semi-Furnished,"Clubhouse, Gym, Landscaped Garden, Power Backup, Tennis Court",21040000.0,8045.89,Modern (4-10 yrs),4.73
Marathahalli,3064,4,3,4,Unfurnished,"Children's Play Area, Covered Parking",18630000.0,6080.29,Modern (4-10 yrs),1.34
Koramangala,1060,2,2,3,Furnished,"Power Backup, Tennis Court",13380000.0,12622.64,New (0-3 yrs),1.96
Thanisandra,2560,4,3,0,Unfurnished,"Gym, Tennis Court",15270000.0,5964.84,New (0-3 yrs),2.14
Electronic City,1072,2,2,20,Semi-Furnished,"Clubhouse, Covered Parking",3920000.0,3656.72,Established (11-20 yrs),1.79
Whitefield,1624,3,2,0,Semi-Furnished,"Clubhouse, Covered Parking, Power Backup",11090000.0,6828.82,New (0-3 yrs),2.5
Malleshwaram,1827,3,3,0,Semi-Furnished,"Children's Play Area, Clubhouse, Jogging Track, Landscaped Garden, Power Backup",20780000.0,11373.84,New (0-3 yrs),3.75
Sarjapur Road,981,2,2,3,Furnished,"Children's Play Area, Clubhouse, Covered Parking, Jogging Track, Landscaped Garden, Swimming Pool",6960000.0,7094.8,New (0-3 yrs),5.09
Bellandur,1174,2,2,11,Semi-Furnished,"Intercom, Jogging Track, Swimming Pool",6780000.0,5775.13,Established (11-20 yrs),2.32
Marathahalli,1718,3,3,1,Furnished,"24/7 Security, Children's Play Area, Clubhouse, Covered Parking, Gym, Jogging Track, Power Backup, Tennis Court",11610000.0,6757.86,New (0-3 yrs),6.52
Marathahalli,2606,4,4,8,Unfurnished,"Gym, Landscaped Garden",16690000.0,6404.45,Modern (4-10 yrs),1.7
Koramangala,1517,3,3,4,Semi-Furnished,"Children's Play Area, Clubhouse, Intercom, Jogging Track, Tennis Court",23260000.0,15332.89,Modern (4-10 yrs),3.93
Whitefield,2130,4,4,2,Furnished,"Clubhouse, Covered Parking, Jogging Track, Landscaped Garden, Swimming Pool",14490000.0,6802.82,New (0-3 yrs),4.46
HSR Layout,946,2,2,0,Semi-Furnished,"Children's Play Area, High-Speed Elevators, Intercom, Jogging Track, Power Backup, Swimming Pool",9030000.0,9545.45,New (0-3 yrs),4.55
Marathahalli,1054,2,2,7,Unfurnished,"Clubhouse, High-Speed Elevators, Intercom, Jogging Track, Landscaped Garden, Power Backup, Tennis Court",6470000.0,6138.52,Modern (4-10 yrs),5.71
HSR Layout,575,1,1,7,Semi-Furnished,"24/7 Security, Children's Play Area, Clubhouse, Gym, Swimming Pool, Tennis Court",4430000.0,7704.35,Modern (4-10 yrs),5.89
Koramangala,596,1,1,23,Unfurnished,"Children's Play Area, Clubhouse, Covered Parking, High-Speed Elevators, Landscaped Garden, Power Backup, Swimming Pool, Tennis Court",5070000.0,8506.71,Old (20+ yrs),7.41
Malleshwaram,1862,3,2,3,Unfurnished,"Landscaped Garden, Power Backup, Swimming Pool, Tennis Court",17060000.0,9162.19,New (0-3 yrs),4.11
Marathahalli,654,1,1,6,Unfurnished,"Gym, Jogging Track, Swimming Pool",4030000.0,6162.08,Modern (4-10 yrs),2.77
Thanisandra,1558,3,3,2,Unfurnished,"Children's Play Area, Clubhouse, Covered Parking, Intercom, Jogging Track, Tennis Court",8930000.0,5731.71,New (0-3 yrs),4.64
Whitefield,1656,3,2,0,Furnished,"24/7 Security, Children's Play Area, Clubhouse, Covered Parking, Gym, Landscaped Garden",11590000.0,6998.79,New (0-3 yrs),4.82
Banashankari,1226,2,2,0,Unfurnished,"Clubhouse, Covered Parking, Landscaped Garden",8640000.0,7047.31,New (0-3 yrs),2.59
Banashankari,1618,3,2,7,Semi-Furnished,"Gym, Intercom, Jogging Track, Swimming Pool",11430000.0,7064.28,Modern (4-10 yrs),3.21
Banashankari,1469,3,3,0,Semi-Furnished,"Children's Play Area, Covered Parking, Swimming Pool",9560000.0,6507.83,New (0-3 yrs),2.68
Whitefield,1300,3,3,11,Semi-Furnished,"Children's Play Area, Gym, Intercom, Jogging Track, Tennis Court",7680000.0,5907.69,Established (11-20 yrs),3.75
Thanisandra,2674,4,4,3,Unfurnished,"Landscaped Garden, Swimming Pool",14520000.0,5430.07,New (0-3 yrs),2.14
Sarjapur Road,1135,2,2,13,Unfurnished,"Children's Play Area, Intercom, Jogging Track, Landscaped Garden",6610000.0,5823.79,Established (11-20 yrs),2.41
Whitefield,1733,3,2,12,Furnished,"Jogging Track, Power Backup",9220000.0,5320.25,Established (11-20 yrs),1.25
Bellandur,1249,2,2,3,Semi-Furnished,"Children's Play Area, Clubhouse, High-Speed Elevators, Jogging Track",9040000.0,7237.79,New (0-3 yrs),3.12
Marathahalli,1153,2,2,9,Unfurnished,"Clubhouse, Covered Parking, Gym, Intercom",8710000.0,7554.21,Modern (4-10 yrs),3.12
Koramangala,2100,4,3,1,Unfurnished,"Children's Play Area, Intercom, Jogging Track, Power Backup, Tennis Court",25940000.0,12352.38,New (0-3 yrs),3.57
Hebbal,1980,3,3,4,Semi-Furnished,"High-Speed Elevators, Intercom, Power Backup, Swimming Pool",18680000.0,9434.34,Modern (4-10 yrs),3.39
Koramangala,1061,2,2,3,Furnished,"24/7 Security, Children's Play Area, Clubhouse, High-Speed Elevators, Swimming Pool, Tennis Court",13660000.0,12874.65,New (0-3 yrs),5.89
Electronic City,619,1,1,0,Furnished,"24/7 Security, Children's Play Area, Gym, Jogging Track, Swimming Pool",3390000.0,5476.58,New (0-3 yrs),4.11
Sarjapur Road,657,1,1,10,Semi-Furnished,"Covered Parking, High-Speed Elevators, Jogging Track, Swimming Pool, Tennis Court",3550000.0,5403.35,Modern (4-10 yrs),4.73
Yelahanka,1348,3,2,5,Unfurnished,"Clubhouse, High-Speed Elevators, Landscaped Garden",8190000.0,6075.67,Modern (4-10 yrs),2.77
Rajajinagar,1485,3,2,0,Unfurnished,"Gym, Power Backup",14960000.0,10074.07,New (0-3 yrs),1.61
Electronic City,1185,2,2,2,Furnished,"24/7 Security, Gym, Intercom, Jogging Track, Tennis Court",7610000.0,6421.94,New (0-3 yrs),3.84
Thanisandra,1149,2,2,16,Semi-Furnished,"Children's Play Area, Clubhouse, Landscaped Garden",6270000.0,5456.92,Established (11-20 yrs),2.5
Hebbal,1070,2,2,13,Unfurnished,"Children's Play Area, Clubhouse, Intercom, Landscaped Garden",7460000.0,6971.96,Established (11-20 yrs),2.95
Rajajinagar,541,1,1,1,Semi-Furnished,"Clubhouse, Covered Parking, High-Speed Elevators",4590000.0,8484.29,New (0-3 yrs),2.68
Hebbal,1128,2,2,8,Semi-Furnished,"Children's Play Area, Clubhouse, Covered Parking, High-Speed Elevators, Tennis Court",9140000.0,8102.84,Modern (4-10 yrs),4.55
Rajajinagar,1013,2,2,1,Furnished,"24/7 Security, Intercom",8760000.0,8647.58,New (0-3 yrs),1.16
Banashankari,1417,3,3,10,Semi-Furnished,"Clubhouse, Covered Parking, Power Backup",9320000.0,6577.28,Modern (4-10 yrs),2.5
Electronic City,1056,2,2,1,Unfurnished,"Jogging Track, Landscaped Garden",5750000.0,5445.08,New (0-3 yrs),1.34
Electronic City,1048,2,2,6,Semi-Furnished,"Covered Parking, Gym, Intercom, Tennis Court",4540000.0,4332.06,Modern (4-10 yrs),3.3
Hebbal,1089,2,2,7,Furnished,"Children's Play Area, Intercom, Landscaped Garden, Swimming Pool",9810000.0,9008.26,Modern (4-10 yrs),3.21
Electronic City,1717,3,3,0,Unfurnished,"24/7 Security, Intercom, Landscaped Garden, Swimming Pool, Tennis Court",9300000.0,5416.42,New (0-3 yrs),4.55
Banashankari,591,1,1,5,Semi-Furnished,"24/7 Security, Clubhouse, Gym, Intercom",4680000.0,7918.78,Modern (4-10 yrs),3.12
Thanisandra,1187,2,2,3,Semi-Furnished,"Clubhouse, High-Speed Elevators, Landscaped Garden, Power Backup, Swimming Pool",6510000.0,5484.41,New (0-3 yrs),4.82
Whitefield,607,1,1,1,Semi-Furnished,"24/7 Security, Children's Play Area, Clubhouse, Covered Parking, High-Speed Elevators",3200000.0,5271.83,New (0-3 yrs),4.02
HSR Layout,2921,4,4,1,Semi-Furnished,"Children's Play Area, High-Speed Elevators, Intercom, Landscaped Garden",31030000.0,10623.07,New (0-3 yrs),2.77
Bellandur,662,1,1,0,Furnished,"Clubhouse, Power Backup",4290000.0,6480.36,New (0-3 yrs),1.79
Indiranagar,610,1,1,6,Unfurnished,"Children's Play Area, Clubhouse, Gym, High-Speed Elevators, Intercom, Jogging Track, Swimming Pool, Tennis Court",6700000.0,10983.61,Modern (4-10 yrs),7.05
Sarjapur Road,1225,2,1,0,Semi-Furnished,"24/7 Security, Clubhouse, Landscaped Garden, Power Backup",8320000.0,6791.84,New (0-3 yrs),3.3
Bellandur,2953,4,4,1,Furnished,"Clubhouse, Swimming Pool",25720000.0,8709.79,New (0-3 yrs),2.41
Indiranagar,1260,2,1,2,Semi-Furnished,"Children's Play Area, Covered Parking, Jogging Track, Landscaped Garden",17950000.0,14246.03,New (0-3 yrs),2.68
Marathahalli,1484,3,3,16,Unfurnished,"High-Speed Elevators, Jogging Track, Tennis Court",8560000.0,5768.19,Established (11-20 yrs),2.68
Indiranagar,1071,2,2,1,Furnished,"Gym, Intercom",14600000.0,13632.12,New (0-3 yrs),1.34
Jayanagar,1537,3,2,1,Semi-Furnished,"Children's Play Area, High-Speed Elevators, Intercom, Power Backup, Tennis Court",19030000.0,12381.26,New (0-3 yrs),3.93
Jayanagar,987,2,1,28,Furnished,"Covered Parking, High-Speed Elevators, Intercom, Jogging Track, Landscaped Garden, Power Backup",9720000.0,9848.02,Old (20+ yrs),4.11
Yelahanka,1376,3,2,5,Semi-Furnished,"Children's Play Area, Clubhouse, Gym, High-Speed Elevators, Tennis Court",8040000.0,5843.02,Modern (4-10 yrs),4.73
Banashankari,1876,3,3,22,Semi-Furnished,"24/7 Security, Covered Parking, Intercom, Jogging Track, Power Backup, Swimming Pool, Tennis Court",12160000.0,6481.88,Old (20+ yrs),5.71
Sarjapur Road,1499,3,2,3,Semi-Furnished,"24/7 Security, Children's Play Area, Covered Parking, Gym, Intercom, Jogging Track, Power Backup, Swimming Pool",10830000.0,7224.82,New (0-3 yrs),5.98
Whitefield,2607,4,4,0,Semi-Furnished,"Gym, Intercom, Jogging Track",16870000.0,6471.04,New (0-3 yrs),1.88
Koramangala,1158,2,2,5,Semi-Furnished,"Clubhouse, High-Speed Elevators, Intercom, Jogging Track, Power Backup",14410000.0,12443.87,Modern (4-10 yrs),3.66
Jayanagar,2774,4,4,4,Semi-Furnished,"Children's Play Area, Jogging Track, Swimming Pool",30460000.0,10980.53,Modern (4-10 yrs),2.5
Whitefield,638,1,1,5,Semi-Furnished,"24/7 Security, Covered Parking, Landscaped Garden, Swimming Pool",3220000.0,5047.02,Modern (4-10 yrs),3.57
Yelahanka,1554,3,2,17,Unfurnished,"Clubhouse, Intercom, Power Backup, Tennis Court",8720000.0,5611.33,Established (11-20 yrs),3.48
Whitefield,1917,3,3,4,Unfurnished,"24/7 Security, Clubhouse, High-Speed Elevators, Intercom, Landscaped Garden",10620000.0,5539.91,Modern (4-10 yrs),3.93
Bellandur,1233,2,2,1,Unfurnished,"Children's Play Area, Covered Parking, Gym, Intercom, Landscaped Garden, Swimming Pool",9600000.0,7785.89,New (0-3 yrs),4.82
Thanisandra,1340,2,1,10,Semi-Furnished,"Clubhouse, Intercom, Landscaped Garden",6880000.0,5134.33,Modern (4-10 yrs),2.32
Bellandur,3939,5,5,2,Unfurnished,"Children's Play Area, Covered Parking, Gym",33800000.0,8580.86,New (0-3 yrs),2.23
Koramangala,1376,3,2,0,Furnished,"Clubhouse, Gym",18290000.0,13292.15,New (0-3 yrs),1.96
Electronic City,649,1,1,19,Semi-Furnished,"Clubhouse, High-Speed Elevators, Intercom, Landscaped Garden, Tennis Court",2410000.0,3713.41,Established (11-20 yrs),4.46
Hebbal,1497,3,2,3,Semi-Furnished,"Gym, Intercom",12620000.0,8430.19,New (0-3 yrs),1.34
Whitefield,800,2,2,14,Furnished,"24/7 Security, Covered Parking, High-Speed Elevators, Intercom, Jogging Track",4690000.0,5862.5,Established (11-20 yrs),3.3
Hebbal,663,1,1,1,Semi-Furnished,"Clubhouse, High-Speed Elevators, Intercom, Landscaped Garden, Tennis Court",5250000.0,7918.55,New (0-3 yrs),4.46
Banashankari,1797,3,2,3,Furnished,"24/7 Security, Covered Parking, Power Backup, Tennis Court",13550000.0,7540.35,New (0-3 yrs),3.39
Malleshwaram,3437,4,4,17,Semi-Furnished,"Clubhouse, Covered Parking, Jogging Track",37000000.0,10765.2,Established (11-20 yrs),2.32
Indiranagar,1086,2,2,26,Furnished,"Children's Play Area, Gym, High-Speed Elevators, Jogging Track",10340000.0,9521.18,Old (20+ yrs),2.95
Whitefield,1521,3,3,2,Semi-Furnished,"Covered Parking, High-Speed Elevators",9050000.0,5950.03,New (0-3 yrs),1.61
Electronic City,1658,3,3,9,Unfurnished,"Covered Parking, High-Speed Elevators, Jogging Track",7490000.0,4517.49,Modern (4-10 yrs),2.14
Koramangala,1137,2,2,6,Semi-Furnished,"Children's Play Area, Clubhouse, Gym, Jogging Track, Tennis Court",13950000.0,12269.13,Modern (4-10 yrs),4.38
Malleshwaram,1300,3,3,3,Semi-Furnished,"Clubhouse, High-Speed Elevators, Swimming Pool, Tennis Court",15590000.0,11992.31,New (0-3 yrs),4.55
Marathahalli,2543,4,4,5,Semi-Furnished,"24/7 Security, Gym, Jogging Track",17040000.0,6700.75,Modern (4-10 yrs),2.14
HSR Layout,1140,2,2,18,Semi-Furnished,"Children's Play Area, Intercom, Jogging Track",8240000.0,7228.07,Established (11-20 yrs),1.61
Indiranagar,1324,3,2,22,Unfurnished,"Clubhouse, Covered Parking, Gym, Jogging Track, Landscaped Garden, Power Backup, Tennis Court",15190000.0,11472.81,Old (20+ yrs),5.98
Yelahanka,1478,3,3,0,Furnished,"Children's Play Area, Gym, High-Speed Elevators, Intercom",10500000.0,7104.19,New (0-3 yrs),2.86
Electronic City,3844,5,5,4,Unfurnished,"24/7 Security, Gym, High-Speed Elevators, Intercom, Jogging Track",23270000.0,6053.59,Modern (4-10 yrs),3.48
Yelahanka,1562,3,2,2,Semi-Furnished,"Jogging Track, Swimming Pool",9930000.0,6357.23,New (0-3 yrs),1.88
Indiranagar,1187,2,1,5,Furnished,"Children's Play Area, Covered Parking",15500000.0,13058.13,Modern (4-10 yrs),1.34
Bellandur,676,1,1,3,Unfurnished,"24/7 Security, Covered Parking, Intercom, Swimming Pool",5120000.0,7573.96,New (0-3 yrs),3.21
Thanisandra,1064,2,2,2,Semi-Furnished,"High-Speed Elevators, Jogging Track, Power Backup",7020000.0,6597.74,New (0-3 yrs),2.14
Marathahalli,619,1,1,4,Unfurnished,"Gym, Landscaped Garden, Tennis Court",3750000.0,6058.16,Modern (4-10 yrs),2.95
Indiranagar,662,1,1,2,Semi-Furnished,"24/7 Security, Children's Play Area, Clubhouse, Covered Parking, Gym, Intercom, Jogging Track, Landscaped Garden, Swimming Pool",9190000.0,13882.18,New (0-3 yrs),7.14
Whitefield,1448,2,2,7,Semi-Furnished,"24/7 Security, Children's Play Area, Jogging Track, Power Backup, Swimming Pool, Tennis Court",8320000.0,5745.86,Modern (4-10 yrs),5.18
HSR Layout,1608,3,2,3,Unfurnished,"24/7 Security, Clubhouse, Covered Parking, Power Backup, Swimming Pool, Tennis Court",13140000.0,8171.64,New (0-3 yrs),5.8
Marathahalli,1650,3,2,1,Furnished,"24/7 Security, Gym, High-Speed Elevators, Power Backup",12620000.0,7648.48,New (0-3 yrs),3.21
HSR Layout,2679,4,3,5,Unfurnished,"Children's Play Area, Covered Parking, High-Speed Elevators, Intercom, Jogging Track, Landscaped Garden, Swimming Pool",25360000.0,9466.22,Modern (4-10 yrs),5.36
HSR Layout,2379,4,4,7,Semi-Furnished,"Clubhouse, Swimming Pool, Tennis Court",22380000.0,9407.31,Modern (4-10 yrs),3.66
HSR Layout,1054,2,2,1,Furnished,"Children's Play Area, Power Backup, Swimming Pool",10420000.0,9886.15,New (0-3 yrs),2.68
Hebbal,1683,3,2,2,Unfurnished,"Clubhouse, High-Speed Elevators, Jogging Track, Landscaped Garden",13780000.0,8187.76,New (0-3 yrs),3.3
Sarjapur Road,1548,3,3,12,Furnished,"Clubhouse, Landscaped Garden, Swimming Pool",10290000.0,6647.29,Established (11-20 yrs),3.21
Thanisandra,1994,3,2,1,Unfurnished,"24/7 Security, Clubhouse, High-Speed Elevators, Intercom, Power Backup",11390000.0,5712.14,New (0-3 yrs),3.84
Thanisandra,1086,2,2,2,Semi-Furnished,"Clubhouse, Covered Parking, Jogging Track, Landscaped Garden, Tennis Court",6390000.0,5883.98,New (0-3 yrs),4.38
Koramangala,2668,4,3,1,Semi-Furnished,"24/7 Security, Swimming Pool, Tennis Court",33820000.0,12676.16,New (0-3 yrs),3.3
Malleshwaram,2551,4,4,1,Semi-Furnished,"Jogging Track, Landscaped Garden, Swimming Pool",27950000.0,10956.49,New (0-3 yrs),2.68
Rajajinagar,2930,4,3,1,Semi-Furnished,"Covered Parking, High-Speed Elevators, Intercom, Jogging Track, Tennis Court",33380000.0,11392.49,New (0-3 yrs),3.84
Thanisandra,2146,4,4,5,Semi-Furnished,"Covered Parking, Gym, High-Speed Elevators, Power Backup",16520000.0,7698.04,Modern (4-10 yrs),3.21
Hebbal,3961,5,5,3,Semi-Furnished,"Children's Play Area, Clubhouse, Intercom, Jogging Track, Power Backup, Swimming Pool",40240000.0,10159.05,New (0-3 yrs),4.73
Marathahalli,2798,4,3,0,Semi-Furnished,"Children's Play Area, Clubhouse, High-Speed Elevators, Jogging Track, Power Backup",21500000.0,7684.06,New (0-3 yrs),3.84
Yelahanka,800,2,2,28,Furnished,"Gym, Intercom, Landscaped Garden",3170000.0,3962.5,Old (20+ yrs),2.14
Marathahalli,3511,5,5,3,Semi-Furnished,"Gym, High-Speed Elevators, Intercom, Jogging Track, Landscaped Garden, Swimming Pool",23450000.0,6679.01,New (0-3 yrs),4.91
Whitefield,931,2,2,5,Furnished,"High-Speed Elevators, Jogging Track, Landscaped Garden, Tennis Court",4650000.0,4994.63,Modern (4-10 yrs),3.48
HSR Layout,541,1,1,4,Semi-Furnished,"Children's Play Area, Covered Parking, Gym, High-Speed Elevators, Power Backup, Swimming Pool",4910000.0,9075.79,Modern (4-10 yrs),5.18
Whitefield,2100,4,3,3,Semi-Furnished,"Clubhouse, Jogging Track, Landscaped Garden, Swimming Pool",12030000.0,5728.57,New (0-3 yrs),3.75
Koramangala,2052,3,3,3,Semi-Furnished,"24/7 Security, Gym, Intercom",24100000.0,11744.64,New (0-3 yrs),2.05
Electronic City,1776,3,3,1,Semi-Furnished,"24/7 Security, Gym, Landscaped Garden, Power Backup, Tennis Court",9790000.0,5512.39,New (0-3 yrs),4.38
Thanisandra,1005,2,2,0,Semi-Furnished,"24/7 Security, High-Speed Elevators, Jogging Track, Landscaped Garden",5900000.0,5870.65,New (0-3 yrs),2.95
Sarjapur Road,2140,3,3,2,Semi-Furnished,"High-Speed Elevators, Intercom, Landscaped Garden",15100000.0,7056.07,New (0-3 yrs),2.14
HSR Layout,1300,3,3,7,Semi-Furnished,"Children's Play Area, Intercom, Jogging Track, Swimming Pool",11470000.0,8823.08,Modern (4-10 yrs),2.95
Rajajinagar,1888,3,3,1,Semi-Furnished,"Children's Play Area, Clubhouse, Gym, Tennis Court",19090000.0,10111.23,New (0-3 yrs),3.84
HSR Layout,1967,3,3,4,Unfurnished,"Covered Parking, Power Backup",15810000.0,8037.62,Modern (4-10 yrs),1.43
Hebbal,1494,3,2,1,Furnished,"Covered Parking, Gym, Power Backup",14380000.0,9625.17,New (0-3 yrs),2.32
Indiranagar,2140,3,3,8,Semi-Furnished,"24/7 Security, Clubhouse, Covered Parking, High-Speed Elevators, Jogging Track, Landscaped Garden, Swimming Pool",25590000.0,11957.94,Modern (4-10 yrs),6.07
Indiranagar,1514,3,3,3,Unfurnished,"High-Speed Elevators, Power Backup, Swimming Pool",17500000.0,11558.78,New (0-3 yrs),2.95
Jayanagar,1691,3,3,3,Semi-Furnished,"Landscaped Garden, Swimming Pool, Tennis Court",18520000.0,10952.1,New (0-3 yrs),3.39
Koramangala,1125,2,2,10,Semi-Furnished,"Children's Play Area, Covered Parking, Gym, High-Speed Elevators, Landscaped Garden, Power Backup",14620000.0,12995.56,Modern (4-10 yrs),4.64
Sarjapur Road,1065,2,2,0,Unfurnished,"24/7 Security, Gym, High-Speed Elevators, Jogging Track",5800000.0,5446.01,New (0-3 yrs),3.04
Banashankari,1493,3,3,2,Semi-Furnished,"Landscaped Garden, Power Backup, Swimming Pool, Tennis Court",11140000.0,7461.49,New (0-3 yrs),4.11
Sarjapur Road,1610,3,2,7,Furnished,"Clubhouse, Jogging Track, Tennis Court",11240000.0,6981.37,Modern (4-10 yrs),2.86
Indiranagar,1250,2,2,5,Furnished,"24/7 Security, High-Speed Elevators, Intercom, Tennis Court",15190000.0,12152.0,Modern (4-10 yrs),3.3
Whitefield,893,2,2,0,Semi-Furnished,"24/7 Security, Clubhouse, Intercom, Landscaped Garden, Power Backup",5170000.0,5789.47,New (0-3 yrs),3.75
Marathahalli,1119,2,2,3,Furnished,"24/7 Security, Intercom, Power Backup, Swimming Pool",7480000.0,6684.54,New (0-3 yrs),3.21
Marathahalli,2000,3,3,16,Semi-Furnished,"Clubhouse, Power Backup, Swimming Pool",11730000.0,5865.0,Established (11-20 yrs),3.12
Hebbal,1619,3,3,16,Semi-Furnished,"Clubhouse, Gym, Jogging Track, Landscaped Garden, Power Backup",12870000.0,7949.35,Established (11-20 yrs),4.02
Whitefield,3758,5,4,0,Unfurnished,"Children's Play Area, Landscaped Garden, Power Backup, Tennis Court",22700000.0,6040.45,New (0-3 yrs),3.39
Banashankari,2888,4,3,1,Furnished,"Clubhouse, Gym, Intercom, Jogging Track",20440000.0,7077.56,New (0-3 yrs),2.95
Sarjapur Road,1192,2,1,0,Semi-Furnished,"Clubhouse, Landscaped Garden, Power Backup, Tennis Court",8970000.0,7525.17,New (0-3 yrs),3.84
Indiranagar,2920,4,3,3,Furnished,"24/7 Security, Children's Play Area, Intercom, Power Backup, Swimming Pool",35200000.0,12054.79,New (0-3 yrs),3.84
Sarjapur Road,1489,3,3,28,Furnished,"24/7 Security, Covered Parking, High-Speed Elevators, Jogging Track, Landscaped Garden, Power Backup, Swimming Pool",10000000.0,6715.92,Old (20+ yrs),5.71
Rajajinagar,1666,3,3,5,Unfurnished,"Covered Parking, Gym, High-Speed Elevators, Landscaped Garden, Power Backup",17140000.0,10288.12,Modern (4-10 yrs),4.02
Whitefield,1048,2,2,2,Semi-Furnished,"Children's Play Area, Gym, Intercom, Jogging Track, Power Backup, Swimming Pool, Tennis Court",6180000.0,5896.95,New (0-3 yrs),5.8
Electronic City,1186,2,2,9,Unfurnished,"Clubhouse, Intercom, Power Backup, Tennis Court",5410000.0,4561.55,Modern (4-10 yrs),3.48
Indiranagar,1368,3,3,6,Furnished,"Children's Play Area, Gym, Intercom",17780000.0,12997.08,Modern (4-10 yrs),1.96
Yelahanka,1072,2,2,2,Semi-Furnished,"24/7 Security, Children's Play Area, High-Speed Elevators, Landscaped Garden",6840000.0,6380.6,New (0-3 yrs),3.04
Rajajinagar,1126,2,2,2,Unfurnished,"Covered Parking, Power Backup",11280000.0,10017.76,New (0-3 yrs),1.43
Banashankari,968,2,1,1,Unfurnished,"24/7 Security, Intercom, Jogging Track, Power Backup, Tennis Court",7040000.0,7272.73,New (0-3 yrs),3.66
Malleshwaram,1471,3,3,0,Furnished,"Clubhouse, Covered Parking, Gym, Power Backup",16760000.0,11393.61,New (0-3 yrs),3.39
HSR Layout,695,1,1,6,Semi-Furnished,"24/7 Security, Clubhouse, Gym, Intercom",4840000.0,6964.03,Modern (4-10 yrs),3.12
Whitefield,1054,2,2,0,Semi-Furnished,"Children's Play Area, Jogging Track, Power Backup",5870000.0,5569.26,New (0-3 yrs),1.88
Bellandur,562,1,1,7,Unfurnished,"Covered Parking, High-Speed Elevators, Jogging Track, Landscaped Garden, Tennis Court",4070000.0,7241.99,Modern (4-10 yrs),4.2
Sarjapur Road,638,1,1,10,Furnished,"Children's Play Area, High-Speed Elevators, Power Backup",4210000.0,6598.75,Modern (4-10 yrs),2.23
Rajajinagar,666,1,1,0,Unfurnished,"24/7 Security, Clubhouse, Covered Parking, Jogging Track, Landscaped Garden, Swimming Pool, Tennis Court",6870000.0,10315.32,New (0-3 yrs),6.43
Malleshwaram,1150,2,2,0,Furnished,"Clubhouse, Gym, Intercom, Landscaped Garden, Power Backup, Swimming Pool",13840000.0,12034.78,New (0-3 yrs),5.27
Electronic City,3079,4,4,3,Semi-Furnished,"Children's Play Area, Landscaped Garden, Tennis Court",17420000.0,5657.68,New (0-3 yrs),2.68
Electronic City,1041,2,2,17,Semi-Furnished,"Clubhouse, Covered Parking, Intercom, Power Backup, Swimming Pool, Tennis Court",4990000.0,4793.47,Established (11-20 yrs),5.54
Marathahalli,1969,3,2,9,Semi-Furnished,"Clubhouse, Intercom",12440000.0,6317.93,Modern (4-10 yrs),1.52
Electronic City,2258,4,4,3,Unfurnished,"Jogging Track, Landscaped Garden, Tennis Court",10940000.0,4845.0,New (0-3 yrs),2.59
Koramangala,2525,4,3,2,Furnished,"24/7 Security, Covered Parking, High-Speed Elevators, Jogging Track, Power Backup, Tennis Court",31310000.0,12400.0,New (0-3 yrs),4.82
Koramangala,962,2,2,2,Unfurnished,"24/7 Security, Children's Play Area, Gym, Jogging Track, Landscaped Garden, Power Backup, Swimming Pool, Tennis Court",10560000.0,10977.13,New (0-3 yrs),6.88
Sarjapur Road,658,1,1,13,Semi-Furnished,"Clubhouse, Gym, Jogging Track",3530000.0,5364.74,Established (11-20 yrs),2.5
HSR Layout,1652,3,3,8,Semi-Furnished,"24/7 Security, Gym, Intercom, Jogging Track, Power Backup, Swimming Pool, Tennis Court",15950000.0,9654.96,Modern (4-10 yrs),5.89
Koramangala,2903,4,3,11,Semi-Furnished,"High-Speed Elevators, Intercom, Landscaped Garden",35170000.0,12115.05,Established (11-20 yrs),2.14
Rajajinagar,863,2,1,2,Unfurnished,"24/7 Security, Children's Play Area, Covered Parking, Gym, Jogging Track, Power Backup, Swimming Pool",8370000.0,9698.73,New (0-3 yrs),5.54
HSR Layout,1559,3,3,14,Semi-Furnished,"Children's Play Area, Covered Parking, Swimming Pool",14310000.0,9178.96,Established (11-20 yrs),2.68
Electronic City,2436,4,4,2,Unfurnished,"24/7 Security, Covered Parking, Intercom, Jogging Track, Landscaped Garden",10110000.0,4150.25,New (0-3 yrs),3.21
Yelahanka,2424,4,3,3,Semi-Furnished,"Covered Parking, Gym, Swimming Pool, Tennis Court",15320000.0,6320.13,New (0-3 yrs),4.2
Thanisandra,800,2,2,12,Semi-Furnished,"24/7 Security, Children's Play Area, Clubhouse, Gym, Jogging Track, Landscaped Garden, Power Backup, Swimming Pool, Tennis Court",4440000.0,5550.0,Established (11-20 yrs),7.95
Yelahanka,2540,4,4,10,Furnished,"Children's Play Area, Covered Parking, Landscaped Garden, Tennis Court",12620000.0,4968.5,Modern (4-10 yrs),3.39
Thanisandra,1111,2,2,9,Semi-Furnished,"24/7 Security, Children's Play Area, Clubhouse, Covered Parking, Gym, Jogging Track, Swimming Pool, Tennis Court",6520000.0,5868.59,Modern (4-10 yrs),7.14
Sarjapur Road,1260,2,1,9,Furnished,"24/7 Security, Children's Play Area, Gym, High-Speed Elevators, Jogging Track, Swimming Pool, Tennis Court",8500000.0,6746.03,Modern (4-10 yrs),6.25
Yelahanka,2100,4,4,2,Semi-Furnished,"Clubhouse, High-Speed Elevators, Swimming Pool",12820000.0,6104.76,New (0-3 yrs),3.3
Whitefield,1235,2,2,6,Semi-Furnished,"Covered Parking, Jogging Track, Landscaped Garden, Power Backup",6850000.0,5546.56,Modern (4-10 yrs),2.77
Hebbal,1182,2,2,5,Furnished,"24/7 Security, Clubhouse, Covered Parking, Gym, Swimming Pool",11500000.0,9729.27,Modern (4-10 yrs),4.73
Whitefield,2004,3,2,2,Semi-Furnished,"Children's Play Area, High-Speed Elevators, Power Backup, Tennis Court",11950000.0,5963.07,New (0-3 yrs),3.48
Jayanagar,3072,4,4,7,Furnished,"24/7 Security, Jogging Track, Tennis Court",36280000.0,11809.9,Modern (4-10 yrs),2.5
Hebbal,1395,3,3,6,Semi-Furnished,"Clubhouse, Gym, High-Speed Elevators, Intercom, Power Backup, Swimming Pool",13410000.0,9612.9,Modern (4-10 yrs),5.36
Sarjapur Road,1105,2,2,4,Semi-Furnished,"24/7 Security, Covered Parking, Jogging Track, Swimming Pool, Tennis Court",8710000.0,7882.35,Modern (4-10 yrs),4.55
Marathahalli,1475,3,3,1,Semi-Furnished,"Power Backup, Swimming Pool, Tennis Court",9390000.0,6366.1,New (0-3 yrs),3.3
Malleshwaram,1000,2,1,8,Furnished,"24/7 Security, Children's Play Area, Jogging Track",10240000.0,10240.0,Modern (4-10 yrs),1.88
Electronic City,2100,4,3,7,Unfurnished,"24/7 Security, Covered Parking, Intercom, Jogging Track, Landscaped Garden, Power Backup, Swimming Pool, Tennis Court",10240000.0,4876.19,Modern (4-10 yrs),6.52
HSR Layout,1869,3,2,4,Semi-Furnished,"24/7 Security, Covered Parking, Gym, Swimming Pool",19140000.0,10240.77,Modern (4-10 yrs),3.66
Koramangala,873,2,2,9,Furnished,"Children's Play Area, Covered Parking, High-Speed Elevators, Landscaped Garden, Power Backup, Swimming Pool, Tennis Court",9650000.0,11053.84,Modern (4-10 yrs),6.34
Jayanagar,3100,5,5,2,Unfurnished,"24/7 Security, Children's Play Area, Gym, Jogging Track, Power Backup, Swimming Pool",38540000.0,12432.26,New (0-3 yrs),4.82
Koramangala,943,2,2,7,Semi-Furnished,"24/7 Security, Children's Play Area, Gym, Landscaped Garden, Swimming Pool, Tennis Court",12690000.0,13457.05,Modern (4-10 yrs),5.62
Koramangala,4628,5,5,0,Semi-Furnished,"Clubhouse, Covered Parking, Jogging Track, Power Backup",65410000.0,14133.54,New (0-3 yrs),3.04
Whitefield,1184,2,2,1,Semi-Furnished,"24/7 Security, Intercom, Power Backup, Tennis Court",6790000.0,5734.8,New (0-3 yrs),3.12
Bellandur,1676,3,2,9,Semi-Furnished,"24/7 Security, Children's Play Area, Covered Parking, High-Speed Elevators, Intercom, Swimming Pool",13100000.0,7816.23,Modern (4-10 yrs),4.73
Koramangala,1832,3,3,0,Furnished,"24/7 Security, Gym, High-Speed Elevators, Intercom, Jogging Track, Swimming Pool",26750000.0,14601.53,New (0-3 yrs),4.82
Electronic City,1300,3,3,6,Semi-Furnished,"24/7 Security, Jogging Track, Landscaped Garden, Power Backup, Swimming Pool",7530000.0,5792.31,Modern (4-10 yrs),4.11
HSR Layout,1797,3,3,6,Furnished,"Covered Parking, Intercom, Landscaped Garden, Tennis Court",15170000.0,8441.85,Modern (4-10 yrs),3.21
Sarjapur Road,1299,2,2,6,Furnished,"24/7 Security, Clubhouse, Covered Parking, High-Speed Elevators, Power Backup",9400000.0,7236.34,Modern (4-10 yrs),4.11
Whitefield,1634,3,3,9,Unfurnished,"Clubhouse, Covered Parking, Gym, Jogging Track, Swimming Pool",9010000.0,5514.08,Modern (4-10 yrs),4.55
Bellandur,1715,3,2,7,Furnished,"Gym, High-Speed Elevators, Intercom, Landscaped Garden, Power Backup",12110000.0,7061.22,Modern (4-10 yrs),3.75
Bellandur,1086,2,2,4,Semi-Furnished,"Clubhouse, Intercom",7640000.0,7034.99,Modern (4-10 yrs),1.52
Rajajinagar,1369,3,3,2,Furnished,"Covered Parking, High-Speed Elevators, Intercom, Power Backup, Swimming Pool",14100000.0,10299.49,New (0-3 yrs),4.11
Electronic City,537,1,1,0,Semi-Furnished,"High-Speed Elevators, Intercom, Landscaped Garden, Power Backup",2470000.0,4599.63,New (0-3 yrs),2.86
Hebbal,1585,3,3,5,Unfurnished,"Children's Play Area, Clubhouse, Gym, Power Backup",14620000.0,9223.97,Modern (4-10 yrs),3.3
Koramangala,614,1,1,12,Furnished,"Children's Play Area, Gym, High-Speed Elevators, Intercom, Landscaped Garden, Power Backup, Tennis Court",6460000.0,10521.17,Established (11-20 yrs),5.62
Whitefield,1600,3,3,6,Semi-Furnished,"24/7 Security, High-Speed Elevators, Intercom, Jogging Track, Landscaped Garden, Tennis Court",9440000.0,5900.0,Modern (4-10 yrs),4.64
Koramangala,741,1,1,9,Unfurnished,"24/7 Security, Children's Play Area, Gym, Intercom, Jogging Track, Tennis Court",8180000.0,11039.14,Modern (4-10 yrs),4.46
Electronic City,1885,3,3,0,Furnished,"Covered Parking, High-Speed Elevators, Intercom, Jogging Track, Landscaped Garden, Power Backup, Tennis Court",12150000.0,6445.62,New (0-3 yrs),5.36
Koramangala,695,1,1,3,Unfurnished,"24/7 Security, Covered Parking, High-Speed Elevators, Tennis Court",6480000.0,9323.74,New (0-3 yrs),3.57
Koramangala,1377,3,3,0,Semi-Furnished,"Covered Parking, Swimming Pool",17430000.0,12657.95,New (0-3 yrs),2.05
Malleshwaram,1300,2,1,9,Furnished,"24/7 Security, Children's Play Area, Clubhouse, High-Speed Elevators, Landscaped Garden, Power Backup, Tennis Court",13650000.0,10500.0,Modern (4-10 yrs),6.07
Indiranagar,1656,3,3,5,Furnished,"24/7 Security, Children's Play Area, Covered Parking, Tennis Court",20480000.0,12367.15,Modern (4-10 yrs),3.3
Electronic City,1539,3,3,2,Unfurnished,"Children's Play Area, Intercom, Tennis Court",6550000.0,4256.01,New (0-3 yrs),2.32
Marathahalli,1250,2,2,10,Semi-Furnished,"Covered Parking, Gym, High-Speed Elevators, Intercom, Landscaped Garden, Tennis Court",8320000.0,6656.0,Modern (4-10 yrs),5.0
Whitefield,1016,2,2,13,Unfurnished,"Landscaped Garden, Tennis Court",5240000.0,5157.48,Established (11-20 yrs),2.05
Marathahalli,884,2,2,9,Unfurnished,"Children's Play Area, Tennis Court",5090000.0,5757.92,Modern (4-10 yrs),1.87
Marathahalli,647,1,1,21,Semi-Furnished,"Clubhouse, Intercom, Tennis Court",3890000.0,6012.36,Old (20+ yrs),2.77
HSR Layout,1574,3,3,3,Furnished,"Children's Play Area, Gym, High-Speed Elevators, Jogging Track",13940000.0,8856.42,New (0-3 yrs),2.95
Rajajinagar,1609,3,2,3,Semi-Furnished,"Gym, High-Speed Elevators, Power Backup, Tennis Court",15170000.0,9428.22,New (0-3 yrs),3.75
Thanisandra,945,2,1,9,Unfurnished,"24/7 Security, Children's Play Area, Clubhouse, Landscaped Garden, Swimming Pool",5190000.0,5492.06,Modern (4-10 yrs),4.55
Jayanagar,942,2,2,8,Semi-Furnished,"24/7 Security, Children's Play Area, Clubhouse, Power Backup, Swimming Pool",11340000.0,12038.22,Modern (4-10 yrs),4.46
Yelahanka,1048,2,2,1,Semi-Furnished,"24/7 Security, Children's Play Area, High-Speed Elevators, Intercom, Landscaped Garden, Swimming Pool",7530000.0,7185.11,New (0-3 yrs),4.82
Koramangala,1714,3,2,4,Unfurnished,"Children's Play Area, High-Speed Elevators, Swimming Pool, Tennis Court",18770000.0,10950.99,Modern (4-10 yrs),4.11
Electronic City,1392,3,3,1,Semi-Furnished,"24/7 Security, Children's Play Area, Covered Parking, Swimming Pool",7470000.0,5366.38,New (0-3 yrs),3.39
HSR Layout,3087,4,3,3,Furnished,"Children's Play Area, Clubhouse, Jogging Track",30690000.0,9941.69,New (0-3 yrs),2.23
Jayanagar,1424,3,2,2,Unfurnished,"Gym, High-Speed Elevators",13890000.0,9754.21,New (0-3 yrs),1.79
Sarjapur Road,2054,3,3,28,Semi-Furnished,"24/7 Security, Covered Parking, Gym, Swimming Pool, Tennis Court",11890000.0,5788.7,Old (20+ yrs),4.91
Malleshwaram,1196,2,1,1,Semi-Furnished,"Clubhouse, Gym, Jogging Track",11880000.0,9933.11,New (0-3 yrs),2.5
Rajajinagar,1736,3,2,10,Furnished,"24/7 Security, Children's Play Area, Intercom, Landscaped Garden, Power Backup, Swimming Pool, Tennis Court",20010000.0,11526.5,Modern (4-10 yrs),5.89
Yelahanka,1070,2,2,3,Semi-Furnished,"Intercom, Jogging Track, Swimming Pool",5860000.0,5476.64,New (0-3 yrs),2.32
Electronic City,800,2,2,0,Furnished,"24/7 Security, Children's Play Area, Clubhouse, Covered Parking, Power Backup, Swimming Pool, Tennis Court",4390000.0,5487.5,New (0-3 yrs),6.43
Whitefield,1672,3,2,13,Semi-Furnished,"Children's Play Area, Covered Parking, Jogging Track, Tennis Court",8050000.0,4814.59,Established (11-20 yrs),3.12
HSR Layout,538,1,1,2,Furnished,"24/7 Security, Children's Play Area, Gym, Tennis Court",5300000.0,9851.3,New (0-3 yrs),3.48
Sarjapur Road,1359,3,3,0,Unfurnished,"High-Speed Elevators, Intercom, Jogging Track, Landscaped Garden, Swimming Pool",9550000.0,7027.23,New (0-3 yrs),4.02
Koramangala,3466,5,5,12,Semi-Furnished,"Power Backup, Swimming Pool, Tennis Court",45060000.0,13000.58,Established (11-20 yrs),3.3
Jayanagar,1261,2,1,7,Semi-Furnished,"Covered Parking, Gym",11440000.0,9072.16,Modern (4-10 yrs),1.61
Thanisandra,676,1,1,15,Semi-Furnished,"Jogging Track, Power Backup",3350000.0,4955.62,Established (11-20 yrs),1.25
Bellandur,1212,2,2,0,Semi-Furnished,"24/7 Security, Children's Play Area, Clubhouse, Gym, Intercom, Jogging Track, Landscaped Garden, Power Backup, Tennis Court",10450000.0,8622.11,New (0-3 yrs),7.05
Rajajinagar,3344,4,4,1,Semi-Furnished,"24/7 Security, Children's Play Area, Intercom, Jogging Track",35220000.0,10532.3,New (0-3 yrs),2.32
Rajajinagar,1138,2,2,4,Furnished,"Intercom, Power Backup",10880000.0,9560.63,Modern (4-10 yrs),1.16
Sarjapur Road,1044,2,2,11,Furnished,"24/7 Security, Children's Play Area, Clubhouse, Intercom, Landscaped Garden, Power Backup",7870000.0,7538.31,Established (11-20 yrs),4.38
Koramangala,839,1,1,21,Semi-Furnished,"Children's Play Area, Intercom, Jogging Track, Landscaped Garden",8420000.0,10035.76,Old (20+ yrs),2.41
HSR Layout,3383,5,5,0,Unfurnished,"Clubhouse, Power Backup, Swimming Pool",33320000.0,9849.25,New (0-3 yrs),3.12
Yelahanka,1128,2,2,10,Semi-Furnished,"24/7 Security, Covered Parking, Power Backup, Tennis Court",6150000.0,5452.13,Modern (4-10 yrs),3.39
Sarjapur Road,1196,2,2,2,Furnished,"Covered Parking, Gym, High-Speed Elevators, Jogging Track, Landscaped Garden",9020000.0,7541.81,New (0-3 yrs),3.84
Koramangala,1681,3,3,12,Semi-Furnished,"Covered Parking, High-Speed Elevators, Intercom, Jogging Track, Landscaped Garden, Power Backup",18900000.0,11243.31,Established (11-20 yrs),4.11
Indiranagar,1192,2,2,1,Unfurnished,"24/7 Security, Clubhouse, Covered Parking, Swimming Pool, Tennis Court",12770000.0,10713.09,New (0-3 yrs),5.09
HSR Layout,3175,4,4,5,Semi-Furnished,"24/7 Security, Clubhouse, Gym, Intercom, Swimming Pool, Tennis Court",30110000.0,9483.46,Modern (4-10 yrs),5.71
Indiranagar,828,2,2,6,Semi-Furnished,"24/7 Security, Clubhouse, Covered Parking, Gym, Intercom, Swimming Pool",9710000.0,11727.05,Modern (4-10 yrs),5.18
Indiranagar,1415,3,2,0,Furnished,"24/7 Security, Children's Play Area, Swimming Pool",18800000.0,13286.22,New (0-3 yrs),2.68
Electronic City,2429,4,3,12,Furnished,"Children's Play Area, Clubhouse, Gym, Jogging Track, Power Backup, Tennis Court",12570000.0,5174.97,Established (11-20 yrs),5.09
Sarjapur Road,777,1,1,21,Furnished,"Covered Parking, Intercom, Landscaped Garden, Swimming Pool",4410000.0,5675.68,Old (20+ yrs),3.3
HSR Layout,1795,3,3,2,Unfurnished,"Children's Play Area, Covered Parking, Gym, High-Speed Elevators, Intercom, Landscaped Garden",16120000.0,8980.5,New (0-3 yrs),4.38
Whitefield,572,1,1,6,Furnished,"Gym, Swimming Pool",3290000.0,5751.75,Modern (4-10 yrs),2.23
Bellandur,1528,3,2,5,Furnished,"24/7 Security, High-Speed Elevators, Power Backup",13030000.0,8527.49,Modern (4-10 yrs),2.32
Banashankari,1082,2,1,8,Semi-Furnished,"Children's Play Area, Clubhouse, Covered Parking, Power Backup, Swimming Pool",7120000.0,6580.41,Modern (4-10 yrs),4.46
Hebbal,2784,4,3,0,Semi-Furnished,"Covered Parking, Gym, Intercom, Tennis Court",24730000.0,8882.9,New (0-3 yrs),3.3
Marathahalli,1200,2,2,6,Semi-Furnished,"24/7 Security, Children's Play Area, Clubhouse, Covered Parking, High-Speed Elevators, Power Backup, Swimming Pool, Tennis Court",6560000.0,5466.67,Modern (4-10 yrs),7.32
Whitefield,930,2,2,9,Unfurnished,"Children's Play Area, Covered Parking, High-Speed Elevators, Intercom, Landscaped Garden, Power Backup",5250000.0,5645.16,Modern (4-10 yrs),4.2
Electronic City,1589,3,3,2,Semi-Furnished,"Clubhouse, Covered Parking, Jogging Track, Power Backup",8210000.0,5166.77,New (0-3 yrs),3.04
Electronic City,974,2,1,3,Unfurnished,"Clubhouse, Covered Parking, High-Speed Elevators, Intercom, Jogging Track, Power Backup, Tennis Court",3720000.0,3819.3,New (0-3 yrs),5.62
Koramangala,2103,4,3,3,Semi-Furnished,"24/7 Security, Children's Play Area, Gym, High-Speed Elevators, Jogging Track, Landscaped Garden, Tennis Court",31130000.0,14802.66,New (0-3 yrs),5.71
Yelahanka,1246,2,2,14,Furnished,"Clubhouse, Gym, Jogging Track, Power Backup, Swimming Pool",8390000.0,6733.55,Established (11-20 yrs),4.55
HSR Layout,1024,2,2,18,Semi-Furnished,"24/7 Security, Covered Parking, Gym, High-Speed Elevators, Tennis Court",8670000.0,8466.8,Established (11-20 yrs),4.46
Bellandur,952,2,2,13,Unfurnished,"24/7 Security, Clubhouse, Covered Parking, Gym, Jogging Track, Landscaped Garden, Power Backup, Swimming Pool",7060000.0,7415.97,Established (11-20 yrs),6.79
Whitefield,828,2,2,19,Semi-Furnished,"Covered Parking, Tennis Court",3700000.0,4468.6,Established (11-20 yrs),1.96
Electronic City,1624,3,3,1,Furnished,"24/7 Security, Clubhouse, Covered Parking, Gym, Jogging Track, Landscaped Garden, Swimming Pool",9200000.0,5665.02,New (0-3 yrs),6.07
Yelahanka,1578,3,2,4,Semi-Furnished,"Clubhouse, High-Speed Elevators, Intercom, Landscaped Garden, Tennis Court",10030000.0,6356.15,Modern (4-10 yrs),4.46
Whitefield,1677,3,3,4,Semi-Furnished,"Children's Play Area, Power Backup, Swimming Pool",10160000.0,6058.44,Modern (4-10 yrs),2.68
Bellandur,1512,3,3,9,Semi-Furnished,"Gym, Intercom, Jogging Track, Landscaped Garden, Swimming Pool",12590000.0,8326.72,Modern (4-10 yrs),4.02
Indiranagar,1484,3,3,9,Unfurnished,"24/7 Security, Gym, Intercom, Jogging Track",17970000.0,12109.16,Modern (4-10 yrs),2.59
Koramangala,933,2,2,0,Semi-Furnished,"Children's Play Area, High-Speed Elevators, Intercom, Landscaped Garden, Power Backup, Tennis Court",13200000.0,14147.91,New (0-3 yrs),4.73
Indiranagar,883,2,2,6,Unfurnished,"Children's Play Area, Clubhouse, Covered Parking, Gym, Tennis Court",10550000.0,11947.9,Modern (4-10 yrs),4.55
Yelahanka,1308,3,3,9,Unfurnished,"Children's Play Area, Jogging Track, Swimming Pool",8330000.0,6368.5,Modern (4-10 yrs),2.5
HSR Layout,1026,2,2,28,Furnished,"24/7 Security, Children's Play Area, Gym, High-Speed Elevators, Landscaped Garden",7090000.0,6910.33,Old (20+ yrs),3.93
Malleshwaram,987,2,2,7,Furnished,"Covered Parking, Intercom, Jogging Track, Power Backup",11120000.0,11266.46,Modern (4-10 yrs),2.41
Rajajinagar,487,1,1,3,Semi-Furnished,"Gym, Intercom, Swimming Pool",4210000.0,8644.76,New (0-3 yrs),2.68
Whitefield,966,2,2,5,Semi-Furnished,"Children's Play Area, Clubhouse, Covered Parking, Jogging Track, Swimming Pool, Tennis Court",5200000.0,5383.02,Modern (4-10 yrs),5.54
Indiranagar,1257,2,2,0,Unfurnished,"Children's Play Area, High-Speed Elevators, Intercom, Landscaped Garden",14870000.0,11829.75,New (0-3 yrs),2.77
Yelahanka,1003,2,2,2,Semi-Furnished,"Children's Play Area, Swimming Pool",5190000.0,5174.48,New (0-3 yrs),1.96
Hebbal,1162,2,2,1,Semi-Furnished,"24/7 Security, Children's Play Area, Clubhouse, Covered Parking, High-Speed Elevators, Landscaped Garden, Power Backup, Swimming Pool, Tennis Court",10780000.0,9277.11,New (0-3 yrs),8.12
Whitefield,1015,2,2,1,Furnished,"Clubhouse, Covered Parking, Gym, High-Speed Elevators, Jogging Track, Power Backup, Swimming Pool, Tennis Court",6370000.0,6275.86,New (0-3 yrs),7.41
Whitefield,1337,3,3,8,Semi-Furnished,"Clubhouse, Covered Parking, Gym, Power Backup",7760000.0,5804.04,Modern (4-10 yrs),3.39
Whitefield,1363,3,3,9,Unfurnished,"Children's Play Area, Gym, High-Speed Elevators, Intercom, Power Backup, Tennis Court",7880000.0,5781.36,Modern (4-10 yrs),4.82
Indiranagar,2357,4,3,3,Unfurnished,"24/7 Security, Clubhouse, Gym, Power Backup",28950000.0,12282.56,New (0-3 yrs),3.39
Whitefield,1149,2,2,1,Semi-Furnished,"Gym, Jogging Track, Power Backup, Swimming Pool",7810000.0,6797.21,New (0-3 yrs),3.48
Sarjapur Road,1522,3,3,0,Semi-Furnished,"Children's Play Area, Clubhouse, Power Backup, Swimming Pool",10570000.0,6944.81,New (0-3 yrs),3.75
Bellandur,1026,2,1,4,Furnished,"24/7 Security, Children's Play Area, Clubhouse, Covered Parking, Intercom, Landscaped Garden, Power Backup, Swimming Pool",8430000.0,8216.37,Modern (4-10 yrs),6.43
Thanisandra,2676,4,4,0,Semi-Furnished,"Gym, Power Backup",16970000.0,6341.55,New (0-3 yrs),1.61
Marathahalli,1733,3,2,0,Semi-Furnished,"Children's Play Area, High-Speed Elevators, Landscaped Garden",11790000.0,6803.23,New (0-3 yrs),2.32
Electronic City,1205,2,2,0,Semi-Furnished,"24/7 Security, Gym, High-Speed Elevators, Power Backup, Swimming Pool",6310000.0,5236.51,New (0-3 yrs),4.55
Rajajinagar,2450,4,4,6,Furnished,"Covered Parking, Intercom, Power Backup, Swimming Pool, Tennis Court",24420000.0,9967.35,Modern (4-10 yrs),4.46
Malleshwaram,2490,4,3,6,Semi-Furnished,"High-Speed Elevators, Landscaped Garden",29630000.0,11899.6,Modern (4-10 yrs),1.7
Jayanagar,2865,4,4,3,Unfurnished,"Children's Play Area, Power Backup, Swimming Pool, Tennis Court",30600000.0,10680.63,New (0-3 yrs),3.93
HSR Layout,1197,2,2,4,Semi-Furnished,"Children's Play Area, High-Speed Elevators, Intercom, Jogging Track, Tennis Court",9490000.0,7928.15,Modern (4-10 yrs),3.75
Electronic City,1190,2,2,0,Semi-Furnished,"24/7 Security, High-Speed Elevators, Power Backup",6170000.0,5184.87,New (0-3 yrs),2.32
Hebbal,1429,3,2,6,Unfurnished,"Children's Play Area, Clubhouse, Gym, High-Speed Elevators, Power Backup, Tennis Court",11610000.0,8124.56,Modern (4-10 yrs),5.45
Thanisandra,1145,2,2,15,Semi-Furnished,"Covered Parking, Gym, High-Speed Elevators, Jogging Track, Landscaped Garden, Power Backup, Swimming Pool, Tennis Court",6620000.0,5781.66,Established (11-20 yrs),7.14
Jayanagar,994,2,2,10,Unfurnished,"24/7 Security, Gym, High-Speed Elevators, Power Backup, Swimming Pool",10160000.0,10221.33,Modern (4-10 yrs),4.55
Malleshwaram,606,1,1,11,Furnished,"Children's Play Area, Clubhouse, Covered Parking, Gym, High-Speed Elevators, Power Backup, Tennis Court",5990000.0,9884.49,Established (11-20 yrs),6.16
Electronic City,1536,3,3,14,Semi-Furnished,"24/7 Security, Children's Play Area, Gym, Intercom, Power Backup, Swimming Pool, Tennis Court",7520000.0,4895.83,Established (11-20 yrs),5.98
Indiranagar,802,1,1,0,Unfurnished,"24/7 Security, Landscaped Garden, Power Backup",9200000.0,11471.32,New (0-3 yrs),2.23
HSR Layout,1047,2,2,0,Furnished,"High-Speed Elevators, Intercom, Power Backup",10530000.0,10057.31,New (0-3 yrs),2.05
Sarjapur Road,1300,3,3,4,Semi-Furnished,"24/7 Security, Children's Play Area, High-Speed Elevators, Jogging Track, Tennis Court",9580000.0,7369.23,Modern (4-10 yrs),4.02
Malleshwaram,2106,3,3,13,Furnished,"Covered Parking, High-Speed Elevators, Landscaped Garden",22520000.0,10693.26,Established (11-20 yrs),2.41
Electronic City,1015,2,2,5,Unfurnished,"High-Speed Elevators, Jogging Track, Tennis Court",4460000.0,4394.09,Modern (4-10 yrs),2.68
Marathahalli,1482,3,2,5,Semi-Furnished,"Children's Play Area, High-Speed Elevators, Intercom, Power Backup, Swimming Pool",8830000.0,5958.16,Modern (4-10 yrs),4.02
Rajajinagar,2543,4,4,8,Semi-Furnished,"Clubhouse, Gym, Landscaped Garden, Power Backup",27980000.0,11002.75,Modern (4-10 yrs),3.48
Whitefield,901,2,2,3,Semi-Furnished,"Children's Play Area, Covered Parking, High-Speed Elevators, Intercom, Power Backup, Tennis Court",5070000.0,5627.08,New (0-3 yrs),4.64
Electronic City,2740,4,4,4,Furnished,"24/7 Security, Children's Play Area, Jogging Track, Tennis Court",12220000.0,4459.85,Modern (4-10 yrs),3.12
Whitefield,1512,3,3,3,Semi-Furnished,"24/7 Security, Clubhouse, Covered Parking, Gym, Power Backup",9010000.0,5958.99,New (0-3 yrs),4.11
Hebbal,520,1,1,8,Unfurnished,"24/7 Security, Covered Parking, Intercom, Jogging Track, Swimming Pool, Tennis Court",4220000.0,8115.38,Modern (4-10 yrs),5.0
Electronic City,1022,2,2,2,Semi-Furnished,"24/7 Security, Children's Play Area, Intercom, Power Backup",5090000.0,4980.43,New (0-3 yrs),2.5
Thanisandra,696,1,1,6,Semi-Furnished,"24/7 Security, Children's Play Area, Gym, Intercom, Tennis Court",3940000.0,5660.92,Modern (4-10 yrs),3.93
Koramangala,1356,3,2,11,Unfurnished,"24/7 Security, Children's Play Area, Clubhouse, Power Backup",12560000.0,9262.54,Established (11-20 yrs),3.12
Electronic City,904,2,2,2,Furnished,"24/7 Security, Covered Parking, Jogging Track, Power Backup, Swimming Pool",4710000.0,5210.18,New (0-3 yrs),4.02
Whitefield,616,1,1,10,Semi-Furnished,"Clubhouse, Intercom, Power Backup, Swimming Pool",3480000.0,5649.35,Modern (4-10 yrs),3.57
HSR Layout,1577,3,2,0,Semi-Furnished,"24/7 Security, Covered Parking, Gym, Landscaped Garden",16460000.0,10437.54,New (0-3 yrs),3.12
Jayanagar,867,2,2,1,Semi-Furnished,"24/7 Security, Clubhouse, Gym, Intercom, Landscaped Garden, Tennis Court",7900000.0,9111.88,New (0-3 yrs),5.18
Hebbal,1904,3,3,20,Furnished,"Covered Parking, Gym, High-Speed Elevators, Jogging Track, Swimming Pool",14240000.0,7478.99,Established (11-20 yrs),4.38
Marathahalli,2164,4,3,0,Semi-Furnished,"24/7 Security, Children's Play Area, Gym, Landscaped Garden, Power Backup",15710000.0,7259.7,New (0-3 yrs),3.75
Thanisandra,3084,4,4,5,Semi-Furnished,"Covered Parking, Gym, High-Speed Elevators",21110000.0,6845.01,Modern (4-10 yrs),2.5
Koramangala,1834,3,2,3,Semi-Furnished,"24/7 Security, Jogging Track, Tennis Court",21710000.0,11837.51,New (0-3 yrs),2.5
Whitefield,1044,2,2,5,Semi-Furnished,"Children's Play Area, Covered Parking, High-Speed Elevators",6120000.0,5862.07,Modern (4-10 yrs),2.23
Koramangala,1171,2,2,8,Unfurnished,"Clubhouse, Jogging Track, Landscaped Garden, Power Backup, Swimming Pool",11540000.0,9854.82,Modern (4-10 yrs),4.46
Bellandur,1831,3,3,0,Semi-Furnished,"Clubhouse, Covered Parking, High-Speed Elevators, Intercom, Jogging Track, Landscaped Garden, Power Backup, Tennis Court",15970000.0,8722.01,New (0-3 yrs),6.43
Rajajinagar,738,1,1,20,Furnished,"24/7 Security, High-Speed Elevators, Landscaped Garden",6930000.0,9390.24,Established (11-20 yrs),2.41
Marathahalli,1919,3,3,3,Semi-Furnished,"Children's Play Area, Clubhouse, Gym, High-Speed Elevators, Intercom, Jogging Track, Power Backup, Swimming Pool",13570000.0,7071.39,New (0-3 yrs),6.52
Rajajinagar,1083,2,2,4,Semi-Furnished,"Children's Play Area, Clubhouse, Covered Parking, Intercom, Jogging Track, Tennis Court",11780000.0,10877.19,Modern (4-10 yrs),4.64
Bellandur,1300,3,3,1,Semi-Furnished,"Covered Parking, High-Speed Elevators, Swimming Pool",10780000.0,8292.31,New (0-3 yrs),2.95
Whitefield,3031,4,4,4,Unfurnished,"Clubhouse, Intercom, Jogging Track, Landscaped Garden",18500000.0,6103.6,Modern (4-10 yrs),2.86
Whitefield,1088,2,2,6,Furnished,"Intercom, Power Backup",7250000.0,6663.6,Modern (4-10 yrs),1.16
Banashankari,1524,3,3,2,Unfurnished,"24/7 Security, Children's Play Area, Covered Parking, Swimming Pool",8530000.0,5597.11,New (0-3 yrs),3.39
Indiranagar,1010,2,1,12,Furnished,"Children's Play Area, Clubhouse, Power Backup",11420000.0,11306.93,Established (11-20 yrs),2.41
Indiranagar,2100,4,4,4,Unfurnished,"Covered Parking, High-Speed Elevators, Jogging Track, Swimming Pool",24940000.0,11876.19,Modern (4-10 yrs),3.48
Thanisandra,1702,3,3,2,Unfurnished,"Children's Play Area, Covered Parking, Power Backup",9610000.0,5646.3,New (0-3 yrs),2.05
Bellandur,550,1,1,2,Furnished,"Gym, Intercom, Jogging Track, Landscaped Garden, Swimming Pool",3670000.0,6672.73,New (0-3 yrs),4.02
Indiranagar,1858,3,2,0,Furnished,"Clubhouse, High-Speed Elevators, Intercom, Power Backup, Swimming Pool",27750000.0,14935.41,New (0-3 yrs),4.46
Jayanagar,1337,3,3,3,Unfurnished,"Power Backup, Swimming Pool, Tennis Court",17160000.0,12834.7,New (0-3 yrs),3.3
HSR Layout,715,1,1,0,Semi-Furnished,"Children's Play Area, Gym, Landscaped Garden, Power Backup, Tennis Court",6350000.0,8881.12,New (0-3 yrs),4.29
Thanisandra,1142,2,2,0,Semi-Furnished,"Covered Parking, Swimming Pool",7840000.0,6865.15,New (0-3 yrs),2.05
Whitefield,1007,2,2,6,Furnished,"Clubhouse, Covered Parking, High-Speed Elevators, Intercom, Landscaped Garden, Power Backup, Swimming Pool",6530000.0,6484.61,Modern (4-10 yrs),5.98
Hebbal,1666,3,3,0,Semi-Furnished,"Covered Parking, Jogging Track, Tennis Court",15320000.0,9195.68,New (0-3 yrs),2.5
Hebbal,1659,3,2,9,Semi-Furnished,"Covered Parking, Gym",14260000.0,8595.54,Modern (4-10 yrs),1.61
Indiranagar,1401,3,2,2,Semi-Furnished,"Children's Play Area, Covered Parking, Gym, High-Speed Elevators, Power Backup",15330000.0,10942.18,New (0-3 yrs),3.84
Sarjapur Road,572,1,1,4,Furnished,"24/7 Security, Children's Play Area, Jogging Track, Landscaped Garden, Power Backup, Swimming Pool, Tennis Court",3930000.0,6870.63,Modern (4-10 yrs),5.98
Sarjapur Road,1026,2,2,6,Furnished,"Children's Play Area, Clubhouse, Gym, Intercom, Landscaped Garden",7660000.0,7465.89,Modern (4-10 yrs),3.84
Yelahanka,991,2,2,11,Unfurnished,"Children's Play Area, Covered Parking, Gym",5190000.0,5237.13,Established (11-20 yrs),2.23
Koramangala,2688,4,4,17,Unfurnished,"24/7 Security, Clubhouse, Covered Parking, High-Speed Elevators, Intercom, Jogging Track, Landscaped Garden, Swimming Pool",34160000.0,12708.33,Established (11-20 yrs),6.52
Sarjapur Road,1086,2,2,4,Furnished,"24/7 Security, Clubhouse, Intercom, Jogging Track, Landscaped Garden, Power Backup",8670000.0,7983.43,Modern (4-10 yrs),4.29
Hebbal,1249,2,2,9,Semi-Furnished,"24/7 Security, Covered Parking, Intercom, Power Backup, Swimming Pool",10710000.0,8574.86,Modern (4-10 yrs),3.93
Hebbal,685,1,1,7,Unfurnished,"Jogging Track, Landscaped Garden",4580000.0,6686.13,Modern (4-10 yrs),1.34
Marathahalli,462,1,1,1,Semi-Furnished,"Gym, High-Speed Elevators, Power Backup, Tennis Court",2610000.0,5649.35,New (0-3 yrs),3.75
Electronic City,1153,2,2,2,Semi-Furnished,"Intercom, Jogging Track, Landscaped Garden",6350000.0,5507.37,New (0-3 yrs),1.79
Indiranagar,1959,3,2,1,Semi-Furnished,"24/7 Security, Covered Parking, Gym, High-Speed Elevators, Jogging Track, Landscaped Garden, Power Backup",22600000.0,11536.5,New (0-3 yrs),5.27
Malleshwaram,530,1,1,1,Furnished,"Children's Play Area, Covered Parking",5240000.0,9886.79,New (0-3 yrs),1.34
Electronic City,998,2,2,5,Furnished,"Jogging Track, Landscaped Garden, Swimming Pool",4700000.0,4709.42,Modern (4-10 yrs),2.68
Jayanagar,2497,4,4,14,Semi-Furnished,"Covered Parking, Jogging Track, Swimming Pool",24410000.0,9775.73,Established (11-20 yrs),2.59
Whitefield,1325,2,2,6,Furnished,"Covered Parking, Jogging Track, Tennis Court",7740000.0,5841.51,Modern (4-10 yrs),2.5
Electronic City,800,2,2,0,Semi-Furnished,"24/7 Security, Gym, High-Speed Elevators, Swimming Pool",3990000.0,4987.5,New (0-3 yrs),3.84
Electronic City,1966,3,3,1,Unfurnished,"Children's Play Area, Clubhouse, Covered Parking, Intercom, Swimming Pool",9790000.0,4979.65,New (0-3 yrs),4.2
Banashankari,1356,2,2,4,Semi-Furnished,"Children's Play Area, Jogging Track",8750000.0,6452.8,Modern (4-10 yrs),1.16
Whitefield,1741,3,3,10,Furnished,"Children's Play Area, Covered Parking, Gym, High-Speed Elevators, Power Backup, Tennis Court",10140000.0,5824.24,Modern (4-10 yrs),5.09
HSR Layout,1094,2,2,9,Furnished,"Intercom, Jogging Track, Landscaped Garden, Tennis Court",9390000.0,8583.18,Modern (4-10 yrs),3.04
Bellandur,2964,4,3,3,Unfurnished,"Gym, Landscaped Garden, Power Backup",22490000.0,7587.72,New (0-3 yrs),2.41
Marathahalli,1051,2,2,14,Semi-Furnished,"High-Speed Elevators, Landscaped Garden, Power Backup, Tennis Court",6100000.0,5804.0,Established (11-20 yrs),3.66
Jayanagar,800,2,1,1,Semi-Furnished,"Children's Play Area, Jogging Track, Tennis Court",9780000.0,12225.0,New (0-3 yrs),2.41
Electronic City,1085,2,2,5,Semi-Furnished,"Children's Play Area, Covered Parking, Power Backup",5380000.0,4958.53,Modern (4-10 yrs),2.05
Marathahalli,1868,3,3,11,Furnished,"Clubhouse, Covered Parking, High-Speed Elevators, Intercom, Landscaped Garden, Tennis Court",11270000.0,6033.19,Established (11-20 yrs),5.18
Whitefield,957,2,2,3,Furnished,"Clubhouse, High-Speed Elevators, Tennis Court",5280000.0,5517.24,New (0-3 yrs),3.21
Sarjapur Road,1105,2,2,3,Furnished,"24/7 Security, Children's Play Area, Covered Parking, Gym, Jogging Track, Power Backup, Tennis Court",8260000.0,7475.11,New (0-3 yrs),5.45
Koramangala,893,2,2,12,Semi-Furnished,"Clubhouse, High-Speed Elevators, Intercom, Swimming Pool, Tennis Court",9080000.0,10167.97,Established (11-20 yrs),5.0
Jayanagar,931,2,2,8,Furnished,"Children's Play Area, Clubhouse, High-Speed Elevators, Intercom, Jogging Track",11750000.0,12620.84,Modern (4-10 yrs),3.57
HSR Layout,1105,2,2,1,Semi-Furnished,"Covered Parking, Intercom, Landscaped Garden, Swimming Pool",11710000.0,10597.29,New (0-3 yrs),3.3
Marathahalli,860,2,2,1,Furnished,"Gym, High-Speed Elevators, Intercom, Jogging Track, Landscaped Garden, Power Backup",7560000.0,8790.7,New (0-3 yrs),4.29
Thanisandra,911,2,2,2,Semi-Furnished,"24/7 Security, High-Speed Elevators, Intercom, Swimming Pool, Tennis Court",5670000.0,6223.93,New (0-3 yrs),4.64
Sarjapur Road,1409,3,3,3,Semi-Furnished,"24/7 Security, Children's Play Area, Intercom, Swimming Pool",10200000.0,7239.18,New (0-3 yrs),3.12
Whitefield,1527,3,3,1,Semi-Furnished,"24/7 Security, Clubhouse, Gym, Intercom, Swimming Pool, Tennis Court",8620000.0,5645.06,New (0-3 yrs),5.71
Yelahanka,1450,2,1,7,Semi-Furnished,"24/7 Security, Swimming Pool",7010000.0,4834.48,Modern (4-10 yrs),2.05
Electronic City,650,1,1,2,Unfurnished,"24/7 Security, Clubhouse, Gym, Jogging Track, Landscaped Garden, Swimming Pool, Tennis Court",2980000.0,4584.62,New (0-3 yrs),6.61
Yelahanka,1057,2,2,2,Semi-Furnished,"24/7 Security, Intercom, Jogging Track, Power Backup",6130000.0,5799.43,New (0-3 yrs),2.41
Malleshwaram,1097,2,2,1,Semi-Furnished,"24/7 Security, Gym, High-Speed Elevators, Power Backup, Swimming Pool",11480000.0,10464.9,New (0-3 yrs),4.55
Bellandur,601,1,1,12,Furnished,"Clubhouse, Intercom, Landscaped Garden, Tennis Court",4250000.0,7071.55,Established (11-20 yrs),3.57
HSR Layout,1111,2,2,5,Furnished,"24/7 Security, High-Speed Elevators, Landscaped Garden, Power Backup",10600000.0,9540.95,Modern (4-10 yrs),3.12
Electronic City,1654,3,3,1,Semi-Furnished,"24/7 Security, Clubhouse, Intercom, Power Backup",7590000.0,4588.88,New (0-3 yrs),2.95
Hebbal,1596,3,2,6,Furnished,"Children's Play Area, High-Speed Elevators, Jogging Track, Power Backup",14140000.0,8859.65,Modern (4-10 yrs),2.77
Bellandur,1496,3,3,13,Semi-Furnished,"24/7 Security, Power Backup",10020000.0,6697.86,Established (11-20 yrs),1.43
Hebbal,697,1,1,14,Furnished,"Children's Play Area, High-Speed Elevators, Jogging Track, Tennis Court",5630000.0,8077.47,Established (11-20 yrs),3.3
Bellandur,1694,3,3,3,Furnished,"Covered Parking, Jogging Track, Swimming Pool, Tennis Court",14050000.0,8293.98,New (0-3 yrs),3.84
Hebbal,4973,5,4,5,Unfurnished,"24/7 Security, Children's Play Area, Jogging Track, Landscaped Garden",43800000.0,8807.56,Modern (4-10 yrs),2.68
Sarjapur Road,749,1,1,5,Furnished,"24/7 Security, Covered Parking, Jogging Track, Swimming Pool",5050000.0,6742.32,Modern (4-10 yrs),3.3
Electronic City,3866,5,5,2,Furnished,"Clubhouse, Gym, Jogging Track, Landscaped Garden, Tennis Court",23560000.0,6094.15,New (0-3 yrs),4.55
Bellandur,1451,3,3,1,Furnished,"Covered Parking, Gym, High-Speed Elevators, Intercom",14420000.0,9937.97,New (0-3 yrs),2.95
Electronic City,710,1,1,8,Semi-Furnished,"Children's Play Area, Landscaped Garden, Power Backup, Tennis Court",3070000.0,4323.94,Modern (4-10 yrs),3.39
Sarjapur Road,1300,3,3,7,Unfurnished,"Landscaped Garden, Tennis Court",8480000.0,6523.08,Modern (4-10 yrs),2.05
Koramangala,1132,2,2,8,Furnished,"24/7 Security, Clubhouse, Jogging Track",11220000.0,9911.66,Modern (4-10 yrs),2.32
Bellandur,1550,3,3,8,Semi-Furnished,"Covered Parking, Gym, High-Speed Elevators, Jogging Track, Landscaped Garden, Power Backup, Swimming Pool, Tennis Court",11600000.0,7483.87,Modern (4-10 yrs),7.14
Bellandur,1987,3,3,6,Unfurnished,"Gym, Intercom, Jogging Track, Tennis Court",14540000.0,7317.56,Modern (4-10 yrs),3.12
Marathahalli,1161,2,2,15,Furnished,"24/7 Security, High-Speed Elevators, Landscaped Garden, Tennis Court",7450000.0,6416.88,Established (11-20 yrs),3.66
Rajajinagar,1635,3,3,7,Semi-Furnished,"24/7 Security, Children's Play Area, Covered Parking, Gym, Landscaped Garden, Power Backup, Swimming Pool",16230000.0,9926.61,Modern (4-10 yrs),5.8
Whitefield,598,1,1,14,Furnished,"24/7 Security, High-Speed Elevators",3050000.0,5100.33,Established (11-20 yrs),1.61
HSR Layout,1233,2,2,1,Semi-Furnished,"Clubhouse, Gym, Intercom",10040000.0,8142.74,New (0-3 yrs),2.41
Marathahalli,1080,2,2,7,Unfurnished,"Gym, Power Backup",6160000.0,5703.7,Modern (4-10 yrs),1.61
Thanisandra,548,1,1,1,Semi-Furnished,"High-Speed Elevators, Intercom, Power Backup, Swimming Pool",3120000.0,5693.43,New (0-3 yrs),3.39
Malleshwaram,613,1,1,8,Furnished,"Clubhouse, Intercom, Power Backup",5750000.0,9380.1,Modern (4-10 yrs),2.23
Sarjapur Road,1686,3,3,8,Furnished,"Clubhouse, Gym, Landscaped Garden, Power Backup, Swimming Pool",11740000.0,6963.23,Modern (4-10 yrs),4.82
Hebbal,1087,2,1,7,Semi-Furnished,"Children's Play Area, High-Speed Elevators, Jogging Track, Landscaped Garden, Swimming Pool",8290000.0,7626.49,Modern (4-10 yrs),4.2
Whitefield,992,2,2,6,Semi-Furnished,"Gym, High-Speed Elevators, Landscaped Garden, Power Backup, Tennis Court",5810000.0,5856.85,Modern (4-10 yrs),4.55
Koramangala,953,2,2,5,Furnished,"24/7 Security, Children's Play Area, Covered Parking, Power Backup, Tennis Court",11590000.0,12161.59,Modern (4-10 yrs),4.02
Banashankari,2756,4,4,13,Unfurnished,"24/7 Security, Intercom, Power Backup",19440000.0,7053.7,Established (11-20 yrs),1.88
HSR Layout,2521,4,4,1,Furnished,"Covered Parking, High-Speed Elevators, Landscaped Garden, Power Backup, Swimming Pool",27830000.0,11039.27,New (0-3 yrs),4.46
Banashankari,1083,2,2,16,Semi-Furnished,"Children's Play Area, Covered Parking, Gym, High-Speed Elevators, Power Backup, Tennis Court",6250000.0,5771.01,Established (11-20 yrs),5.09
Bellandur,1547,3,3,8,Furnished,"Clubhouse, Gym, Landscaped Garden",11950000.0,7724.63,Modern (4-10 yrs),2.77
Electronic City,1149,2,1,4,Semi-Furnished,"Children's Play Area, Clubhouse, Power Backup, Tennis Court",5800000.0,5047.87,Modern (4-10 yrs),3.66
Indiranagar,1888,3,3,1,Unfurnished,"Gym, Tennis Court",25450000.0,13479.87,New (0-3 yrs),2.14
Sarjapur Road,620,1,1,0,Semi-Furnished,"Covered Parking, Intercom, Swimming Pool, Tennis Court",4080000.0,6580.65,New (0-3 yrs),3.75
HSR Layout,1189,2,2,0,Furnished,"Clubhouse, Intercom, Swimming Pool, Tennis Court",11660000.0,9806.56,New (0-3 yrs),4.11
Marathahalli,1941,3,2,2,Semi-Furnished,"Children's Play Area, Gym, Jogging Track",13340000.0,6872.75,New (0-3 yrs),2.05
Whitefield,1553,3,3,8,Furnished,"Covered Parking, High-Speed Elevators, Jogging Track, Swimming Pool",8600000.0,5537.67,Modern (4-10 yrs),3.48
Koramangala,1179,2,2,3,Semi-Furnished,"Gym, High-Speed Elevators, Power Backup, Swimming Pool",12780000.0,10839.69,New (0-3 yrs),3.84
Indiranagar,1180,2,2,6,Unfurnished,"High-Speed Elevators, Landscaped Garden",12230000.0,10364.41,Modern (4-10 yrs),1.7
Marathahalli,1300,3,3,9,Unfurnished,"Clubhouse, Covered Parking, Gym, Landscaped Garden, Power Backup",8770000.0,6746.15,Modern (4-10 yrs),4.2
Indiranagar,1081,2,1,0,Semi-Furnished,"24/7 Security, Intercom, Swimming Pool",13440000.0,12432.93,New (0-3 yrs),2.5
Bellandur,919,2,2,5,Furnished,"Children's Play Area, Clubhouse, Jogging Track, Swimming Pool",7010000.0,7627.86,Modern (4-10 yrs),3.57
Marathahalli,1300,3,3,1,Unfurnished,"High-Speed Elevators, Power Backup",8270000.0,6361.54,New (0-3 yrs),1.61
Indiranagar,600,1,1,2,Semi-Furnished,"24/7 Security, Jogging Track",7710000.0,12850.0,New (0-3 yrs),1.25
Indiranagar,1002,2,2,4,Unfurnished,"High-Speed Elevators, Jogging Track, Landscaped Garden, Swimming Pool, Tennis Court",11430000.0,11407.19,Modern (4-10 yrs),4.82
Banashankari,2290,4,3,2,Semi-Furnished,"Intercom, Landscaped Garden, Swimming Pool",16390000.0,7157.21,New (0-3 yrs),2.59
Malleshwaram,1545,3,3,10,Unfurnished,"Clubhouse, Covered Parking, Gym, Jogging Track, Power Backup, Swimming Pool, Tennis Court",15600000.0,10097.09,Modern (4-10 yrs),6.52
Sarjapur Road,1864,3,3,14,Unfurnished,"Children's Play Area, Gym, Power Backup, Swimming Pool",10910000.0,5853.0,Established (11-20 yrs),3.57
Jayanagar,1778,3,3,3,Semi-Furnished,"24/7 Security, Children's Play Area, Covered Parking, Intercom, Landscaped Garden, Power Backup",18480000.0,10393.7,New (0-3 yrs),4.02
HSR Layout,1709,3,2,0,Semi-Furnished,"24/7 Security, Children's Play Area, Clubhouse, Landscaped Garden",14750000.0,8630.78,New (0-3 yrs),3.21
Marathahalli,1311,3,2,15,Semi-Furnished,"Gym, Jogging Track, Swimming Pool, Tennis Court",8240000.0,6285.28,Established (11-20 yrs),4.02
Electronic City,1772,3,2,17,Semi-Furnished,"Clubhouse, Swimming Pool",7970000.0,4497.74,Established (11-20 yrs),2.41
Electronic City,933,2,2,6,Furnished,"High-Speed Elevators, Jogging Track, Tennis Court",4260000.0,4565.92,Modern (4-10 yrs),2.68
Hebbal,1121,2,2,2,Semi-Furnished,"Clubhouse, Jogging Track, Landscaped Garden, Tennis Court",10270000.0,9161.46,New (0-3 yrs),3.66
Bellandur,1368,3,3,5,Semi-Furnished,"Gym, Power Backup",10250000.0,7492.69,Modern (4-10 yrs),1.61
Electronic City,573,1,1,8,Furnished,"Landscaped Garden, Tennis Court",2660000.0,4642.23,Modern (4-10 yrs),2.05
Electronic City,1067,2,2,3,Semi-Furnished,"Landscaped Garden, Tennis Court",5740000.0,5379.57,New (0-3 yrs),2.05
Rajajinagar,1285,2,2,4,Unfurnished,"24/7 Security, High-Speed Elevators, Intercom, Power Backup, Tennis Court",12510000.0,9735.41,Modern (4-10 yrs),4.02
Sarjapur Road,580,1,1,5,Semi-Furnished,"Covered Parking, Landscaped Garden, Swimming Pool",3580000.0,6172.41,Modern (4-10 yrs),2.86
Malleshwaram,1681,3,3,5,Semi-Furnished,"24/7 Security, Children's Play Area, Clubhouse, Gym, High-Speed Elevators, Jogging Track, Landscaped Garden, Swimming Pool",19950000.0,11867.94,Modern (4-10 yrs),6.88
Sarjapur Road,2049,3,2,1,Semi-Furnished,"Children's Play Area, Clubhouse, Covered Parking, High-Speed Elevators, Jogging Track, Tennis Court",13800000.0,6734.99,New (0-3 yrs),5.09
Indiranagar,916,2,2,1,Semi-Furnished,"Covered Parking, Jogging Track, Power Backup, Swimming Pool",13200000.0,14410.48,New (0-3 yrs),3.3
Koramangala,2806,4,4,13,Semi-Furnished,"24/7 Security, Covered Parking, High-Speed Elevators, Intercom, Jogging Track, Landscaped Garden",38900000.0,13863.15,Established (11-20 yrs),4.11
Bellandur,1508,3,3,1,Unfurnished,"24/7 Security, Children's Play Area, Covered Parking, High-Speed Elevators",14310000.0,9489.39,New (0-3 yrs),2.95
Whitefield,617,1,1,3,Semi-Furnished,"24/7 Security, Covered Parking, Intercom, Jogging Track, Power Backup, Tennis Court",2930000.0,4748.78,New (0-3 yrs),4.38
Koramangala,1014,2,2,0,Semi-Furnished,"24/7 Security, Clubhouse, Covered Parking, Intercom",11040000.0,10887.57,New (0-3 yrs),2.95
Electronic City,991,2,2,8,Semi-Furnished,"24/7 Security, Children's Play Area, Intercom",3950000.0,3985.87,Modern (4-10 yrs),1.79
Electronic City,1678,3,3,2,Furnished,"24/7 Security, Covered Parking, High-Speed Elevators, Jogging Track, Swimming Pool",8650000.0,5154.95,New (0-3 yrs),4.2
Hebbal,800,2,2,5,Semi-Furnished,"Children's Play Area, Covered Parking, Landscaped Garden, Swimming Pool",6710000.0,8387.5,Modern (4-10 yrs),3.48
Hebbal,1086,2,2,5,Unfurnished,"High-Speed Elevators, Intercom, Tennis Court",9060000.0,8342.54,Modern (4-10 yrs),2.59
Banashankari,2855,4,4,14,Semi-Furnished,"Clubhouse, Covered Parking, High-Speed Elevators, Intercom",22880000.0,8014.01,Established (11-20 yrs),3.12
Malleshwaram,1879,3,3,10,Semi-Furnished,"Children's Play Area, Intercom, Landscaped Garden",17740000.0,9441.19,Modern (4-10 yrs),1.88
Thanisandra,2599,4,4,20,Furnished,"Clubhouse, Covered Parking, High-Speed Elevators, Swimming Pool, Tennis Court",14660000.0,5640.63,Established (11-20 yrs),5.27
Marathahalli,1506,3,2,12,Unfurnished,"Gym, High-Speed Elevators, Power Backup, Swimming Pool, Tennis Court",9800000.0,6507.3,Established (11-20 yrs),5.09
Malleshwaram,1683,3,3,5,Furnished,"Jogging Track, Swimming Pool, Tennis Court",19550000.0,11616.16,Modern (4-10 yrs),3.12
Marathahalli,1579,3,3,12,Semi-Furnished,"Clubhouse, High-Speed Elevators, Intercom, Landscaped Garden",10180000.0,6447.12,Established (11-20 yrs),3.21
Yelahanka,1048,2,2,0,Semi-Furnished,"24/7 Security, Clubhouse, Covered Parking, Tennis Court",6980000.0,6660.31,New (0-3 yrs),3.75
HSR Layout,1228,2,2,7,Unfurnished,"24/7 Security, Intercom, Jogging Track, Power Backup",11230000.0,9144.95,Modern (4-10 yrs),2.41
Bellandur,1184,2,2,0,Furnished,"Clubhouse, Covered Parking, Gym, High-Speed Elevators",10670000.0,9011.82,New (0-3 yrs),3.57
Marathahalli,1133,2,2,6,Semi-Furnished,"Children's Play Area, Intercom",6680000.0,5895.85,Modern (4-10 yrs),1.07
Whitefield,1426,3,3,3,Furnished,"24/7 Security, Children's Play Area, Clubhouse, Gym",8760000.0,6143.06,New (0-3 yrs),3.3
Banashankari,3501,5,4,9,Semi-Furnished,"Jogging Track, Landscaped Garden, Swimming Pool, Tennis Court",29460000.0,8414.74,Modern (4-10 yrs),3.93
Sarjapur Road,2757,4,4,2,Unfurnished,"Children's Play Area, Clubhouse, Landscaped Garden",18010000.0,6532.46,New (0-3 yrs),2.5
Sarjapur Road,1103,2,2,0,Semi-Furnished,"24/7 Security, Children's Play Area, Gym, Jogging Track, Tennis Court",6770000.0,6137.81,New (0-3 yrs),4.02
HSR Layout,1246,2,2,3,Furnished,"24/7 Security, Children's Play Area, Gym, High-Speed Elevators",11260000.0,9036.92,New (0-3 yrs),3.12
Electronic City,1091,2,2,17,Unfurnished,"24/7 Security, Children's Play Area, Clubhouse, Gym, Intercom, Jogging Track, Power Backup, Swimming Pool, Tennis Court",5180000.0,4747.94,Established (11-20 yrs),7.59
HSR Layout,1153,2,2,1,Furnished,"24/7 Security, Covered Parking, High-Speed Elevators, Intercom",11630000.0,10086.73,New (0-3 yrs),2.77
Hebbal,920,2,2,0,Unfurnished,"Gym, High-Speed Elevators, Tennis Court",6630000.0,7206.52,New (0-3 yrs),3.04
Whitefield,1425,3,3,0,Unfurnished,"Gym, High-Speed Elevators, Tennis Court",7830000.0,5494.74,New (0-3 yrs),3.04
Malleshwaram,4269,5,5,0,Furnished,"Children's Play Area, Clubhouse, Covered Parking, Intercom, Jogging Track, Landscaped Garden",56000000.0,13117.83,New (0-3 yrs),4.2
Electronic City,2644,4,4,12,Unfurnished,"24/7 Security, Children's Play Area, Intercom, Landscaped Garden",11150000.0,4217.1,Established (11-20 yrs),2.59
Electronic City,1024,2,2,2,Unfurnished,"Children's Play Area, Covered Parking, High-Speed Elevators, Tennis Court",4680000.0,4570.31,New (0-3 yrs),3.48
Marathahalli,1355,3,3,6,Unfurnished,"Covered Parking, Jogging Track, Landscaped Garden, Power Backup",8030000.0,5926.2,Modern (4-10 yrs),2.77
Electronic City,1773,3,2,1,Semi-Furnished,"24/7 Security, Covered Parking, High-Speed Elevators",10100000.0,5696.56,New (0-3 yrs),2.32
Whitefield,1641,3,3,1,Furnished,"24/7 Security, Children's Play Area, High-Speed Elevators, Intercom, Swimming Pool",10350000.0,6307.13,New (0-3 yrs),4.02
Malleshwaram,2836,4,4,2,Semi-Furnished,"Children's Play Area, Clubhouse, Gym, Intercom",32920000.0,11607.9,New (0-3 yrs),3.04
Electronic City,1566,3,2,3,Unfurnished,"Intercom, Landscaped Garden",7540000.0,4814.81,New (0-3 yrs),1.25
Yelahanka,1083,2,2,3,Semi-Furnished,"24/7 Security, Covered Parking, Gym, Jogging Track, Power Backup, Tennis Court",7930000.0,7322.25,New (0-3 yrs),4.82
Thanisandra,1509,3,2,0,Semi-Furnished,"24/7 Security, Clubhouse, Intercom, Jogging Track, Swimming Pool",10050000.0,6660.04,New (0-3 yrs),4.11
Sarjapur Road,450,1,1,3,Semi-Furnished,"Children's Play Area, Covered Parking, Jogging Track, Power Backup",2890000.0,6422.22,New (0-3 yrs),2.59
HSR Layout,586,1,1,0,Semi-Furnished,"24/7 Security, Gym, Intercom, Jogging Track, Landscaped Garden, Power Backup, Swimming Pool",5420000.0,9249.15,New (0-3 yrs),5.45
Koramangala,966,2,2,2,Semi-Furnished,"Clubhouse, Covered Parking, Jogging Track",14020000.0,14513.46,New (0-3 yrs),2.32
Koramangala,1872,3,3,6,Semi-Furnished,"24/7 Security, Gym, High-Speed Elevators, Jogging Track, Tennis Court",22780000.0,12168.8,Modern (4-10 yrs),4.29
HSR Layout,1300,3,2,12,Semi-Furnished,"Clubhouse, Gym, Landscaped Garden",11340000.0,8723.08,Established (11-20 yrs),2.77
Yelahanka,1657,3,3,3,Furnished,"Children's Play Area, High-Speed Elevators, Tennis Court",11350000.0,6849.73,New (0-3 yrs),2.77
Malleshwaram,2622,4,4,3,Unfurnished,"24/7 Security, Clubhouse, High-Speed Elevators, Tennis Court",30570000.0,11659.04,New (0-3 yrs),3.93
Hebbal,1124,2,1,7,Semi-Furnished,"24/7 Security, Children's Play Area, Jogging Track, Landscaped Garden, Swimming Pool, Tennis Court",9420000.0,8380.78,Modern (4-10 yrs),5.27
Marathahalli,3366,4,3,1,Semi-Furnished,"24/7 Security, Landscaped Garden, Power Backup, Tennis Court",22390000.0,6651.81,New (0-3 yrs),3.48
Hebbal,717,1,1,11,Unfurnished,"Covered Parking, Jogging Track, Landscaped Garden",4770000.0,6652.72,Established (11-20 yrs),2.05
Jayanagar,1024,2,1,2,Unfurnished,"High-Speed Elevators, Jogging Track",8930000.0,8720.7,New (0-3 yrs),1.43
Electronic City,2671,4,4,5,Unfurnished,"Children's Play Area, Clubhouse, Landscaped Garden, Power Backup, Tennis Court",14810000.0,5544.74,Modern (4-10 yrs),4.46
Hebbal,2484,4,4,0,Semi-Furnished,"24/7 Security, Children's Play Area, Covered Parking, Intercom, Jogging Track, Landscaped Garden",25010000.0,10068.44,New (0-3 yrs),3.84
Thanisandra,1345,3,3,0,Furnished,"Gym, High-Speed Elevators, Intercom, Swimming Pool",10210000.0,7591.08,New (0-3 yrs),3.57
Marathahalli,2602,4,4,4,Unfurnished,"Clubhouse, Gym, Intercom, Landscaped Garden",17850000.0,6860.11,Modern (4-10 yrs),3.21
HSR Layout,3095,4,3,0,Unfurnished,"Clubhouse, Gym, High-Speed Elevators, Intercom",31780000.0,10268.17,New (0-3 yrs),3.3
Koramangala,1385,3,3,2,Furnished,"Clubhouse, Covered Parking, Intercom, Swimming Pool",17720000.0,12794.22,New (0-3 yrs),3.57
Electronic City,1853,3,3,11,Semi-Furnished,"24/7 Security, Intercom, Jogging Track, Landscaped Garden, Swimming Pool",8430000.0,4549.38,Established (11-20 yrs),3.84
Indiranagar,1739,3,2,2,Semi-Furnished,"Children's Play Area, Clubhouse, Intercom, Power Backup, Tennis Court",21600000.0,12420.93,New (0-3 yrs),4.11
Hebbal,1636,3,3,1,Furnished,"Clubhouse, Covered Parking, Gym, High-Speed Elevators",15970000.0,9761.61,New (0-3 yrs),3.57
Marathahalli,2527,4,4,0,Semi-Furnished,"Clubhouse, Covered Parking, High-Speed Elevators, Intercom, Jogging Track",20570000.0,8140.09,New (0-3 yrs),3.66
Electronic City,833,2,1,5,Semi-Furnished,"Clubhouse, Gym, Jogging Track, Swimming Pool, Tennis Court",3470000.0,4165.67,Modern (4-10 yrs),5.09
Bellandur,1588,3,3,3,Unfurnished,"24/7 Security, Children's Play Area, Clubhouse, Gym, Intercom, Jogging Track, Landscaped Garden, Power Backup, Swimming Pool",11600000.0,7304.79,New (0-3 yrs),7.14
Banashankari,2487,4,3,7,Unfurnished,"24/7 Security, Clubhouse, Covered Parking, Landscaped Garden, Tennis Court",15780000.0,6344.99,Modern (4-10 yrs),4.55
Koramangala,1194,2,1,13,Semi-Furnished,"24/7 Security, Landscaped Garden, Power Backup",12660000.0,10603.02,Established (11-20 yrs),2.23
Whitefield,1342,2,2,1,Semi-Furnished,"Clubhouse, Jogging Track, Swimming Pool, Tennis Court",9110000.0,6788.38,New (0-3 yrs),4.2
Whitefield,1190,2,2,0,Semi-Furnished,"Children's Play Area, Gym, Intercom, Jogging Track, Power Backup, Tennis Court",6840000.0,5747.9,New (0-3 yrs),4.46
Whitefield,1087,2,2,7,Furnished,"Jogging Track, Landscaped Garden",6460000.0,5942.96,Modern (4-10 yrs),1.34
Yelahanka,1141,2,2,0,Semi-Furnished,"24/7 Security, Children's Play Area, Clubhouse, Gym, Tennis Court",7010000.0,6143.73,New (0-3 yrs),4.55
Koramangala,973,2,1,11,Furnished,"24/7 Security, High-Speed Elevators, Swimming Pool",11340000.0,11654.68,Established (11-20 yrs),2.95
Whitefield,975,2,2,2,Semi-Furnished,"24/7 Security, Clubhouse, Covered Parking, Jogging Track, Power Backup, Tennis Court",6100000.0,6256.41,New (0-3 yrs),5.0
Electronic City,1187,2,2,17,Furnished,"24/7 Security, Covered Parking, Gym, Intercom, Tennis Court",5330000.0,4490.31,Established (11-20 yrs),4.02
Marathahalli,950,2,2,4,Semi-Furnished,"Gym, High-Speed Elevators, Landscaped Garden",6380000.0,6715.79,Modern (4-10 yrs),2.59
Indiranagar,1476,3,2,1,Unfurnished,"Children's Play Area, Jogging Track, Landscaped Garden, Tennis Court",18440000.0,12493.22,New (0-3 yrs),3.21
Whitefield,1193,2,2,2,Unfurnished,"Children's Play Area, Gym, Landscaped Garden, Power Backup, Swimming Pool",7100000.0,5951.38,New (0-3 yrs),4.38
HSR Layout,2168,3,2,0,Furnished,"24/7 Security, Gym, High-Speed Elevators, Power Backup",20920000.0,9649.45,New (0-3 yrs),3.21
Thanisandra,2473,4,3,6,Semi-Furnished,"24/7 Security, Children's Play Area, Gym, High-Speed Elevators, Landscaped Garden, Swimming Pool",17600000.0,7116.86,Modern (4-10 yrs),5.27
Banashankari,1712,3,3,13,Semi-Furnished,"24/7 Security, Landscaped Garden, Power Backup",10070000.0,5882.01,Established (11-20 yrs),2.23
Electronic City,675,1,1,1,Semi-Furnished,"24/7 Security, Children's Play Area, Clubhouse, Covered Parking, Intercom, Jogging Track, Power Backup, Tennis Court",3250000.0,4814.81,New (0-3 yrs),6.07
Electronic City,1306,2,2,3,Semi-Furnished,"24/7 Security, Covered Parking, High-Speed Elevators",6030000.0,4617.15,New (0-3 yrs),2.32
Yelahanka,1183,2,2,28,Furnished,"Intercom, Jogging Track, Power Backup, Swimming Pool, Tennis Court",6350000.0,5367.71,Old (20+ yrs),4.29
HSR Layout,1050,2,2,3,Semi-Furnished,"Children's Play Area, Clubhouse, Covered Parking, Jogging Track, Tennis Court",9940000.0,9466.67,New (0-3 yrs),4.2
Jayanagar,1251,2,2,26,Semi-Furnished,"24/7 Security, Covered Parking, High-Speed Elevators, Intercom, Jogging Track, Power Backup",11070000.0,8848.92,Old (20+ yrs),4.02
Banashankari,2117,3,2,4,Semi-Furnished,"Clubhouse, Jogging Track, Power Backup, Swimming Pool, Tennis Court",14270000.0,6740.67,Modern (4-10 yrs),4.91
Koramangala,2336,4,4,1,Semi-Furnished,"24/7 Security, Children's Play Area, Jogging Track, Landscaped Garden",30850000.0,13206.34,New (0-3 yrs),2.68
Indiranagar,555,1,1,14,Semi-Furnished,"Clubhouse, Intercom, Landscaped Garden",6670000.0,12018.02,Established (11-20 yrs),2.32
Electronic City,1070,2,2,19,Furnished,"Covered Parking, Intercom, Landscaped Garden, Swimming Pool, Tennis Court",4550000.0,4252.34,Established (11-20 yrs),4.55
Whitefield,2877,4,3,3,Semi-Furnished,"Children's Play Area, Clubhouse, High-Speed Elevators, Landscaped Garden, Tennis Court",16520000.0,5742.09,New (0-3 yrs),4.64
Jayanagar,1138,2,2,0,Furnished,"Clubhouse, Gym, High-Speed Elevators, Jogging Track, Landscaped Garden, Power Backup, Tennis Court",13130000.0,11537.79,New (0-3 yrs),6.16
Electronic City,1491,3,3,0,Semi-Furnished,"Children's Play Area, Jogging Track, Swimming Pool",8080000.0,5419.18,New (0-3 yrs),2.5
Hebbal,908,2,2,1,Semi-Furnished,"Children's Play Area, Covered Parking, Gym, High-Speed Elevators, Intercom, Tennis Court",7400000.0,8149.78,New (0-3 yrs),4.82
Jayanagar,1251,2,2,5,Unfurnished,"24/7 Security, Covered Parking, Jogging Track, Swimming Pool, Tennis Court",12110000.0,9680.26,Modern (4-10 yrs),4.55
Sarjapur Road,1719,3,3,0,Semi-Furnished,"24/7 Security, High-Speed Elevators, Intercom, Power Backup, Swimming Pool, Tennis Court",15370000.0,8941.24,New (0-3 yrs),5.36
Whitefield,1146,2,2,14,Semi-Furnished,"Children's Play Area, Clubhouse, Power Backup, Swimming Pool, Tennis Court",6060000.0,5287.96,Established (11-20 yrs),5.0
Electronic City,2463,4,3,7,Unfurnished,"Landscaped Garden, Swimming Pool",11930000.0,4843.69,Modern (4-10 yrs),2.14
Sarjapur Road,1380,2,2,3,Furnished,"Gym, Jogging Track, Swimming Pool",9900000.0,7173.91,New (0-3 yrs),2.77
Malleshwaram,1059,2,2,4,Unfurnished,"24/7 Security, Covered Parking",11410000.0,10774.32,Modern (4-10 yrs),1.43
Bellandur,664,1,1,0,Semi-Furnished,"High-Speed Elevators, Intercom, Landscaped Garden, Tennis Court",4680000.0,7048.19,New (0-3 yrs),3.39
HSR Layout,2779,4,3,8,Semi-Furnished,"Covered Parking, Jogging Track, Landscaped Garden, Power Backup",27250000.0,9805.69,Modern (4-10 yrs),2.77
Whitefield,1660,3,2,17,Unfurnished,"24/7 Security, Children's Play Area, Clubhouse, Covered Parking, Landscaped Garden, Power Backup",7280000.0,4385.54,Established (11-20 yrs),4.64
Electronic City,899,2,2,6,Semi-Furnished,"Children's Play Area, Covered Parking, High-Speed Elevators, Jogging Track",3670000.0,4082.31,Modern (4-10 yrs),2.77
Indiranagar,1113,2,2,2,Semi-Furnished,"24/7 Security, Clubhouse, Covered Parking, Gym, High-Speed Elevators, Landscaped Garden, Tennis Court",16100000.0,14465.41,New (0-3 yrs),6.34
Jayanagar,1253,2,2,5,Semi-Furnished,"24/7 Security, Jogging Track, Power Backup, Swimming Pool",14240000.0,11364.72,Modern (4-10 yrs),3.3
Whitefield,648,1,1,0,Semi-Furnished,"24/7 Security, Clubhouse, Power Backup, Tennis Court",3150000.0,4861.11,New (0-3 yrs),3.75
Marathahalli,2554,4,3,7,Furnished,"24/7 Security, Children's Play Area, Gym, Intercom, Tennis Court",17400000.0,6812.84,Modern (4-10 yrs),3.93
HSR Layout,2100,4,3,0,Semi-Furnished,"Children's Play Area, Gym",19640000.0,9352.38,New (0-3 yrs),1.52
Electronic City,3162,4,4,6,Semi-Furnished,"High-Speed Elevators, Intercom",18340000.0,5800.13,Modern (4-10 yrs),1.34
Hebbal,1079,2,2,5,Unfurnished,"24/7 Security, Children's Play Area, Covered Parking, Intercom, Landscaped Garden, Power Backup",9320000.0,8637.63,Modern (4-10 yrs),4.02
Thanisandra,1901,3,3,1,Unfurnished,"Covered Parking, Jogging Track",10460000.0,5502.37,New (0-3 yrs),1.25
Marathahalli,2400,4,3,2,Semi-Furnished,"24/7 Security, Children's Play Area, Swimming Pool",18830000.0,7845.83,New (0-3 yrs),2.68
Marathahalli,999,2,2,9,Semi-Furnished,"Children's Play Area, Jogging Track, Swimming Pool, Tennis Court",4850000.0,4854.85,Modern (4-10 yrs),3.75
Yelahanka,1174,2,2,18,Semi-Furnished,"24/7 Security, Children's Play Area, High-Speed Elevators, Jogging Track, Landscaped Garden",5770000.0,4914.82,Established (11-20 yrs),3.57
Electronic City,2539,4,3,6,Furnished,"Gym, High-Speed Elevators, Intercom, Swimming Pool",12580000.0,4954.71,Modern (4-10 yrs),3.57
Electronic City,973,2,1,8,Semi-Furnished,"Children's Play Area, Clubhouse, Intercom, Jogging Track, Landscaped Garden, Power Backup, Tennis Court",3890000.0,3997.94,Modern (4-10 yrs),5.45
Sarjapur Road,1300,3,3,8,Semi-Furnished,"24/7 Security, Children's Play Area, Clubhouse, Gym, High-Speed Elevators, Intercom, Swimming Pool",9510000.0,7315.38,Modern (4-10 yrs),5.98
Electronic City,3735,5,4,5,Furnished,"Children's Play Area, Clubhouse, High-Speed Elevators, Landscaped Garden, Power Backup",20850000.0,5582.33,Modern (4-10 yrs),4.11
Bellandur,1644,3,3,10,Semi-Furnished,"Clubhouse, Intercom, Jogging Track",11940000.0,7262.77,Modern (4-10 yrs),2.05
Koramangala,1144,2,2,22,Semi-Furnished,"Children's Play Area, Tennis Court",10970000.0,9589.16,Old (20+ yrs),1.87
HSR Layout,2640,4,3,8,Semi-Furnished,"Children's Play Area, Gym",26380000.0,9992.42,Modern (4-10 yrs),1.52
Electronic City,803,2,2,3,Unfurnished,"24/7 Security, Covered Parking, Landscaped Garden",3550000.0,4420.92,New (0-3 yrs),2.23
Whitefield,1297,2,2,4,Unfurnished,"24/7 Security, High-Speed Elevators, Intercom, Power Backup, Tennis Court",5960000.0,4595.22,Modern (4-10 yrs),4.02
Whitefield,1053,2,1,4,Unfurnished,"Children's Play Area, Landscaped Garden, Power Backup",5820000.0,5527.07,Modern (4-10 yrs),2.14
Hebbal,941,2,2,2,Unfurnished,"24/7 Security, Covered Parking, Intercom, Power Backup",6900000.0,7332.62,New (0-3 yrs),2.59
Rajajinagar,3362,5,4,0,Furnished,"24/7 Security, Children's Play Area, High-Speed Elevators, Intercom, Power Backup, Tennis Court",44940000.0,13367.04,New (0-3 yrs),4.64
Thanisandra,800,2,2,12,Semi-Furnished,"24/7 Security, Children's Play Area, Clubhouse, Intercom, Jogging Track, Power Backup, Swimming Pool",4650000.0,5812.5,Established (11-20 yrs),5.45
HSR Layout,1939,3,3,4,Unfurnished,"24/7 Security, Children's Play Area, Clubhouse, Landscaped Garden",17070000.0,8803.51,Modern (4-10 yrs),3.21
Marathahalli,2935,4,4,3,Furnished,"24/7 Security, Children's Play Area, Gym, Intercom, Power Backup, Tennis Court",25820000.0,8797.27,New (0-3 yrs),4.64
Yelahanka,1436,3,2,2,Furnished,"24/7 Security, Clubhouse, Intercom, Jogging Track, Power Backup",10490000.0,7305.01,New (0-3 yrs),3.48
Koramangala,1074,2,2,4,Semi-Furnished,"24/7 Security, Children's Play Area, Clubhouse, High-Speed Elevators, Jogging Track, Power Backup, Swimming Pool",15550000.0,14478.58,Modern (4-10 yrs),5.89
Sarjapur Road,902,2,2,6,Semi-Furnished,"High-Speed Elevators, Intercom, Power Backup",5510000.0,6108.65,Modern (4-10 yrs),2.05
Koramangala,976,2,1,13,Semi-Furnished,"Children's Play Area, High-Speed Elevators",9500000.0,9733.61,Established (11-20 yrs),1.52
Whitefield,937,2,2,4,Semi-Furnished,"24/7 Security, Children's Play Area, Clubhouse, High-Speed Elevators, Power Backup",5300000.0,5656.35,Modern (4-10 yrs),4.02
Yelahanka,979,2,2,0,Semi-Furnished,"24/7 Security, Covered Parking, Swimming Pool",5600000.0,5720.12,New (0-3 yrs),2.77
Malleshwaram,1232,2,2,0,Semi-Furnished,"Children's Play Area, Covered Parking, Intercom, Landscaped Garden",13240000.0,10746.75,New (0-3 yrs),2.59
Whitefield,1154,2,2,10,Furnished,"Gym, High-Speed Elevators, Intercom, Landscaped Garden",6420000.0,5563.26,Modern (4-10 yrs),3.04
Electronic City,1688,3,3,0,Unfurnished,"24/7 Security, Covered Parking, Jogging Track, Tennis Court",8290000.0,4911.14,New (0-3 yrs),3.21
Banashankari,1336,3,2,6,Semi-Furnished,"24/7 Security, Children's Play Area, Intercom, Power Backup, Swimming Pool",9580000.0,7170.66,Modern (4-10 yrs),3.84
Indiranagar,1721,3,2,15,Semi-Furnished,"High-Speed Elevators, Intercom, Jogging Track, Power Backup, Tennis Court",19750000.0,11475.89,Established (11-20 yrs),3.84
Electronic City,1608,3,3,23,Unfurnished,"24/7 Security, Landscaped Garden, Power Backup, Swimming Pool",6420000.0,3992.54,Old (20+ yrs),3.57
Koramangala,1300,3,2,11,Semi-Furnished,"Covered Parking, Gym, Jogging Track, Power Backup, Swimming Pool, Tennis Court",13350000.0,10269.23,Established (11-20 yrs),5.45
Rajajinagar,1226,2,2,1,Furnished,"Covered Parking, Gym, Intercom, Jogging Track, Swimming Pool",13500000.0,11011.42,New (0-3 yrs),3.93
Marathahalli,2289,4,4,10,Semi-Furnished,"Gym, High-Speed Elevators, Jogging Track, Landscaped Garden, Power Backup, Swimming Pool",14730000.0,6435.12,Modern (4-10 yrs),5.18
Whitefield,1370,2,2,3,Semi-Furnished,"24/7 Security, Children's Play Area, Intercom, Jogging Track, Landscaped Garden, Swimming Pool",8490000.0,6197.08,New (0-3 yrs),4.46
Marathahalli,787,1,1,0,Furnished,"High-Speed Elevators, Intercom, Power Backup, Swimming Pool",4840000.0,6149.94,New (0-3 yrs),3.39
Electronic City,1374,3,3,0,Furnished,"24/7 Security, Clubhouse, Covered Parking, Gym",7010000.0,5101.89,New (0-3 yrs),3.39
Whitefield,1755,3,3,0,Furnished,"Children's Play Area, Covered Parking, High-Speed Elevators, Intercom, Tennis Court",10800000.0,6153.85,New (0-3 yrs),3.93
Electronic City,1517,3,2,11,Semi-Furnished,"24/7 Security, Children's Play Area, Clubhouse, Covered Parking, Gym, High-Speed Elevators, Jogging Track, Tennis Court",7040000.0,4640.74,Established (11-20 yrs),6.7
Sarjapur Road,1403,3,3,2,Semi-Furnished,"Covered Parking, High-Speed Elevators, Landscaped Garden",10730000.0,7647.9,New (0-3 yrs),2.41
Rajajinagar,1704,3,2,15,Unfurnished,"Children's Play Area, Gym, Intercom, Jogging Track, Tennis Court",15520000.0,9107.98,Established (11-20 yrs),3.75
Bellandur,1807,3,2,16,Semi-Furnished,"Intercom, Landscaped Garden, Power Backup, Swimming Pool",12180000.0,6740.45,Established (11-20 yrs),3.3
Indiranagar,1300,3,2,12,Semi-Furnished,"Clubhouse, Gym, High-Speed Elevators, Landscaped Garden, Tennis Court",15200000.0,11692.31,Established (11-20 yrs),4.91
Hebbal,1604,3,2,2,Unfurnished,"Children's Play Area, Clubhouse, High-Speed Elevators, Intercom, Swimming Pool",12970000.0,8086.03,New (0-3 yrs),4.38
HSR Layout,4093,5,4,0,Semi-Furnished,"Clubhouse, Jogging Track, Power Backup, Swimming Pool",39400000.0,9626.19,New (0-3 yrs),3.66
Electronic City,2037,3,2,2,Furnished,"Children's Play Area, Covered Parking, Landscaped Garden, Swimming Pool",10560000.0,5184.09,New (0-3 yrs),3.48
Sarjapur Road,1134,2,2,1,Unfurnished,"Children's Play Area, Intercom, Jogging Track, Swimming Pool",6740000.0,5943.56,New (0-3 yrs),2.95
Malleshwaram,2378,4,3,2,Unfurnished,"24/7 Security, Clubhouse, Gym, Landscaped Garden, Power Backup",24950000.0,10492.01,New (0-3 yrs),4.2
Thanisandra,519,1,1,4,Semi-Furnished,"Covered Parking, Intercom",2620000.0,5048.17,Modern (4-10 yrs),1.16
Rajajinagar,605,1,1,1,Unfurnished,"24/7 Security, Children's Play Area, Clubhouse, High-Speed Elevators, Tennis Court",5510000.0,9107.44,New (0-3 yrs),4.55
Banashankari,1187,2,2,5,Furnished,"Gym, Power Backup, Swimming Pool",7920000.0,6672.28,Modern (4-10 yrs),2.95
Whitefield,1862,3,2,3,Semi-Furnished,"24/7 Security, Intercom, Landscaped Garden, Swimming Pool",12430000.0,6675.62,New (0-3 yrs),3.3
Marathahalli,1705,3,2,4,Furnished,"Covered Parking, Intercom, Power Backup",11430000.0,6703.81,Modern (4-10 yrs),1.88
Marathahalli,1786,3,3,13,Unfurnished,"Children's Play Area, Covered Parking, Gym, High-Speed Elevators, Intercom, Power Backup, Tennis Court",11100000.0,6215.01,Established (11-20 yrs),5.54
Whitefield,712,1,1,0,Furnished,"24/7 Security, Children's Play Area, Covered Parking, Landscaped Garden, Power Backup",4260000.0,5983.15,New (0-3 yrs),3.57
Hebbal,1221,2,2,9,Unfurnished,"24/7 Security, High-Speed Elevators, Jogging Track, Landscaped Garden, Power Backup, Swimming Pool, Tennis Court",10360000.0,8484.85,Modern (4-10 yrs),6.25
Electronic City,925,2,2,5,Unfurnished,"24/7 Security, High-Speed Elevators",4050000.0,4378.38,Modern (4-10 yrs),1.61
Electronic City,1657,3,3,6,Unfurnished,"Children's Play Area, Clubhouse",8620000.0,5202.17,Modern (4-10 yrs),1.7
Thanisandra,1586,3,3,2,Semi-Furnished,"Children's Play Area, Clubhouse, Covered Parking, Gym, Intercom",9980000.0,6292.56,New (0-3 yrs),3.75
HSR Layout,1456,3,2,7,Unfurnished,"Intercom, Power Backup",10190000.0,6998.63,Modern (4-10 yrs),1.16
Hebbal,1099,2,2,6,Semi-Furnished,"Covered Parking, Gym, Intercom, Landscaped Garden, Power Backup",8440000.0,7679.71,Modern (4-10 yrs),3.57
Indiranagar,1506,3,3,5,Semi-Furnished,"24/7 Security, Clubhouse, Landscaped Garden, Power Backup",18890000.0,12543.16,Modern (4-10 yrs),3.3
Electronic City,1267,2,2,5,Semi-Furnished,"Clubhouse, Covered Parking, Gym, Power Backup, Swimming Pool",5710000.0,4506.71,Modern (4-10 yrs),4.73
Yelahanka,1081,2,2,5,Semi-Furnished,"24/7 Security, Covered Parking, Gym, High-Speed Elevators, Intercom",6630000.0,6133.21,Modern (4-10 yrs),3.66
Thanisandra,1605,3,3,4,Unfurnished,"24/7 Security, Clubhouse, Covered Parking, Jogging Track, Landscaped Garden, Swimming Pool",10560000.0,6579.44,Modern (4-10 yrs),5.18
Bellandur,2501,4,4,6,Semi-Furnished,"Clubhouse, Gym, Jogging Track, Landscaped Garden, Tennis Court",21270000.0,8504.6,Modern (4-10 yrs),4.55
HSR Layout,1248,2,2,0,Furnished,"High-Speed Elevators, Power Backup",12260000.0,9823.72,New (0-3 yrs),1.61
HSR Layout,2479,4,4,4,Semi-Furnished,"24/7 Security, Children's Play Area, Covered Parking, Gym, High-Speed Elevators, Intercom, Jogging Track, Landscaped Garden",28010000.0,11298.91,Modern (4-10 yrs),5.62
Koramangala,3100,5,5,0,Semi-Furnished,"Children's Play Area, Covered Parking, Gym, High-Speed Elevators, Intercom, Jogging Track, Tennis Court",44530000.0,14364.52,New (0-3 yrs),5.36
Jayanagar,2291,4,3,5,Unfurnished,"Children's Play Area, Clubhouse, Intercom",24940000.0,10886.08,Modern (4-10 yrs),2.14
Thanisandra,2214,3,3,1,Unfurnished,"24/7 Security, High-Speed Elevators, Landscaped Garden",13650000.0,6165.31,New (0-3 yrs),2.41
Jayanagar,3794,5,5,0,Semi-Furnished,"Children's Play Area, Covered Parking, High-Speed Elevators, Intercom, Power Backup, Swimming Pool",58430000.0,15400.63,New (0-3 yrs),4.73
Indiranagar,1200,2,2,1,Unfurnished,"Children's Play Area, Clubhouse, Intercom, Swimming Pool",13770000.0,11475.0,New (0-3 yrs),3.48
Koramangala,1132,2,2,9,Furnished,"24/7 Security, Clubhouse, Covered Parking, Intercom, Swimming Pool",13280000.0,11731.45,Modern (4-10 yrs),4.29
Sarjapur Road,1194,2,2,3,Unfurnished,"Gym, Jogging Track, Tennis Court",6660000.0,5577.89,New (0-3 yrs),2.68
Malleshwaram,3003,4,4,7,Furnished,"Clubhouse, High-Speed Elevators, Power Backup",35270000.0,11744.92,Modern (4-10 yrs),2.68
Sarjapur Road,1230,2,2,8,Semi-Furnished,"Children's Play Area, Intercom, Jogging Track, Power Backup",8430000.0,6853.66,Modern (4-10 yrs),2.32
Thanisandra,1749,3,3,1,Semi-Furnished,"24/7 Security, Children's Play Area, Covered Parking, Gym, Intercom, Landscaped Garden, Power Backup",10810000.0,6180.67,New (0-3 yrs),4.91
Sarjapur Road,2049,3,2,11,Semi-Furnished,"24/7 Security, Covered Parking, Jogging Track, Landscaped Garden, Power Backup, Tennis Court",11470000.0,5597.85,Established (11-20 yrs),4.73
Whitefield,1140,2,2,0,Unfurnished,"High-Speed Elevators, Jogging Track, Power Backup",6320000.0,5543.86,New (0-3 yrs),2.14
HSR Layout,1264,2,2,10,Semi-Furnished,"Intercom, Jogging Track, Landscaped Garden",10580000.0,8370.25,Modern (4-10 yrs),1.79
Malleshwaram,1770,3,3,7,Furnished,"24/7 Security, Gym, Intercom, Landscaped Garden, Swimming Pool, Tennis Court",19520000.0,11028.25,Modern (4-10 yrs),5.45
Banashankari,1636,3,2,5,Semi-Furnished,"Clubhouse, High-Speed Elevators",12040000.0,7359.41,Modern (4-10 yrs),1.96
Thanisandra,494,1,1,1,Semi-Furnished,"Children's Play Area, High-Speed Elevators, Jogging Track",2610000.0,5283.4,New (0-3 yrs),2.05
Whitefield,2542,4,3,5,Semi-Furnished,"Children's Play Area, Intercom, Power Backup",14340000.0,5641.23,Modern (4-10 yrs),1.79
Indiranagar,1697,3,2,6,Semi-Furnished,"24/7 Security, Gym, Intercom, Power Backup",20640000.0,12162.64,Modern (4-10 yrs),2.77
Koramangala,1542,3,3,6,Semi-Furnished,"24/7 Security, Children's Play Area, Gym, Jogging Track, Power Backup",21020000.0,13631.65,Modern (4-10 yrs),3.48
Electronic City,1742,3,3,5,Semi-Furnished,"24/7 Security, Gym, Power Backup",7080000.0,4064.29,Modern (4-10 yrs),2.32
Banashankari,1308,2,2,9,Furnished,"Intercom, Jogging Track, Power Backup, Tennis Court",8710000.0,6659.02,Modern (4-10 yrs),2.95
Electronic City,1654,3,2,0,Semi-Furnished,"24/7 Security, Children's Play Area, Clubhouse, Swimming Pool, Tennis Court",7840000.0,4740.02,New (0-3 yrs),5.0
Banashankari,1744,3,3,4,Semi-Furnished,"Covered Parking, Swimming Pool",13250000.0,7597.48,Modern (4-10 yrs),2.05
Hebbal,1378,3,3,3,Furnished,"24/7 Security, Children's Play Area, Clubhouse, High-Speed Elevators, Intercom, Jogging Track, Landscaped Garden, Tennis Court",14730000.0,10689.4,New (0-3 yrs),6.34
Jayanagar,1580,3,3,2,Semi-Furnished,"Children's Play Area, Clubhouse, Gym, Swimming Pool",18350000.0,11613.92,New (0-3 yrs),3.93
Hebbal,2922,4,3,1,Furnished,"Children's Play Area, High-Speed Elevators, Swimming Pool",23910000.0,8182.75,New (0-3 yrs),2.86
Electronic City,1682,3,3,11,Furnished,"Children's Play Area, Clubhouse, Gym, Intercom, Jogging Track, Swimming Pool, Tennis Court",8460000.0,5029.73,Established (11-20 yrs),6.16
Jayanagar,1605,3,3,1,Furnished,"24/7 Security, Covered Parking, High-Speed Elevators, Jogging Track, Swimming Pool, Tennis Court",20760000.0,12934.58,New (0-3 yrs),5.45
Bellandur,1708,3,3,4,Unfurnished,"High-Speed Elevators, Intercom, Jogging Track, Landscaped Garden",13840000.0,8103.04,Modern (4-10 yrs),2.68
Bellandur,1130,2,2,2,Semi-Furnished,"24/7 Security, Covered Parking, Intercom, Jogging Track, Power Backup",9580000.0,8477.88,New (0-3 yrs),3.12
Sarjapur Road,535,1,1,11,Semi-Furnished,"24/7 Security, High-Speed Elevators, Intercom, Landscaped Garden, Power Backup, Swimming Pool, Tennis Court",2860000.0,5345.79,Established (11-20 yrs),6.16
Jayanagar,1232,2,2,6,Semi-Furnished,"Gym, Intercom, Power Backup, Swimming Pool, Tennis Court",12980000.0,10535.71,Modern (4-10 yrs),4.64
HSR Layout,1615,3,3,2,Semi-Furnished,"24/7 Security, High-Speed Elevators, Swimming Pool",15840000.0,9808.05,New (0-3 yrs),2.95
Indiranagar,1790,3,2,4,Unfurnished,"Clubhouse, Intercom",20200000.0,11284.92,Modern (4-10 yrs),1.52
Hebbal,1157,2,2,0,Unfurnished,"Clubhouse, Gym, Intercom, Landscaped Garden, Tennis Court",8550000.0,7389.8,New (0-3 yrs),4.46
Hebbal,1348,3,3,5,Semi-Furnished,"Covered Parking, Intercom, Jogging Track, Landscaped Garden",12320000.0,9139.47,Modern (4-10 yrs),2.5
HSR Layout,1182,2,2,1,Semi-Furnished,"Children's Play Area, Clubhouse, Gym, Landscaped Garden, Swimming Pool, Tennis Court",11610000.0,9822.34,New (0-3 yrs),5.98
Indiranagar,705,1,1,2,Furnished,"24/7 Security, Gym, High-Speed Elevators, Intercom",8170000.0,11588.65,New (0-3 yrs),2.95
Bellandur,1814,3,2,2,Unfurnished,"Landscaped Garden, Swimming Pool",14120000.0,7783.9,New (0-3 yrs),2.14
Indiranagar,1117,2,1,27,Unfurnished,"24/7 Security, Jogging Track, Power Backup, Swimming Pool",9790000.0,8764.55,Old (20+ yrs),3.3
HSR Layout,1259,2,2,2,Unfurnished,"Children's Play Area, Clubhouse, Covered Parking, Gym, Power Backup",11550000.0,9173.95,New (0-3 yrs),4.02
Jayanagar,1300,3,3,1,Semi-Furnished,"Gym, High-Speed Elevators",13610000.0,10469.23,New (0-3 yrs),1.79
Whitefield,2027,3,3,9,Furnished,"24/7 Security, Children's Play Area, High-Speed Elevators",12630000.0,6230.88,Modern (4-10 yrs),2.23
Whitefield,489,1,1,14,Semi-Furnished,"24/7 Security, Covered Parking, Gym, Intercom, Landscaped Garden, Power Backup, Tennis Court",2610000.0,5337.42,Established (11-20 yrs),5.54
Whitefield,1151,2,2,3,Unfurnished,"Clubhouse, Covered Parking, Gym, Intercom, Power Backup, Swimming Pool",5740000.0,4986.97,New (0-3 yrs),5.18
Marathahalli,4156,5,5,0,Furnished,"Children's Play Area, Clubhouse, High-Speed Elevators, Intercom",33240000.0,7998.08,New (0-3 yrs),3.04
Hebbal,1101,2,2,0,Unfurnished,"Children's Play Area, High-Speed Elevators, Landscaped Garden, Swimming Pool",8630000.0,7838.33,New (0-3 yrs),3.66
Bellandur,1084,2,1,5,Furnished,"Clubhouse, Intercom, Tennis Court",8220000.0,7583.03,Modern (4-10 yrs),2.77
Indiranagar,1389,2,2,3,Furnished,"Covered Parking, High-Speed Elevators, Power Backup",16870000.0,12145.43,New (0-3 yrs),2.32
Whitefield,1150,2,2,0,Semi-Furnished,"Intercom, Jogging Track, Landscaped Garden, Swimming Pool",7630000.0,6634.78,New (0-3 yrs),3.12
Koramangala,1512,3,3,1,Semi-Furnished,"24/7 Security, High-Speed Elevators, Jogging Track, Landscaped Garden, Swimming Pool, Tennis Court",22720000.0,15026.46,New (0-3 yrs),5.54
Indiranagar,1202,2,2,4,Furnished,"High-Speed Elevators, Swimming Pool",16020000.0,13327.79,Modern (4-10 yrs),2.23
Sarjapur Road,4021,5,5,1,Semi-Furnished,"Children's Play Area, Covered Parking, Gym, High-Speed Elevators, Swimming Pool",35590000.0,8851.03,New (0-3 yrs),4.46
Koramangala,1451,3,3,6,Semi-Furnished,"Children's Play Area, Gym, Power Backup, Tennis Court",15100000.0,10406.62,Modern (4-10 yrs),3.48
Sarjapur Road,911,2,2,1,Semi-Furnished,"Clubhouse, High-Speed Elevators, Intercom, Tennis Court",6130000.0,6728.87,New (0-3 yrs),3.66
Sarjapur Road,592,1,1,2,Furnished,"High-Speed Elevators, Intercom, Landscaped Garden",3840000.0,6486.49,New (0-3 yrs),2.14
Sarjapur Road,1050,2,2,1,Furnished,"Children's Play Area, Clubhouse, Covered Parking",7170000.0,6828.57,New (0-3 yrs),2.41
Bellandur,582,1,1,18,Furnished,"Children's Play Area, Jogging Track, Landscaped Garden, Swimming Pool, Tennis Court",4270000.0,7336.77,Established (11-20 yrs),4.55
Whitefield,2505,4,3,2,Semi-Furnished,"Children's Play Area, Clubhouse, Covered Parking, Gym, High-Speed Elevators, Intercom, Tennis Court",15810000.0,6311.38,New (0-3 yrs),5.89
Koramangala,1013,2,1,16,Semi-Furnished,"Clubhouse, Gym, Swimming Pool, Tennis Court",10680000.0,10542.94,Established (11-20 yrs),4.55
Sarjapur Road,1676,3,2,6,Furnished,"Children's Play Area, Intercom",12980000.0,7744.63,Modern (4-10 yrs),1.07
Marathahalli,1768,3,2,2,Unfurnished,"Children's Play Area, High-Speed Elevators, Intercom",11810000.0,6679.86,New (0-3 yrs),1.96
Rajajinagar,3665,5,5,18,Furnished,"Children's Play Area, Covered Parking, Gym, High-Speed Elevators, Swimming Pool, Tennis Court",32770000.0,8941.34,Established (11-20 yrs),5.71
Bellandur,2705,4,4,0,Unfurnished,"24/7 Security, Children's Play Area, Clubhouse, Covered Parking, Jogging Track, Landscaped Garden, Power Backup, Swimming Pool",22210000.0,8210.72,New (0-3 yrs),6.52
Bellandur,1413,3,2,0,Semi-Furnished,"Covered Parking, Gym, High-Speed Elevators, Intercom",11250000.0,7961.78,New (0-3 yrs),2.95
Indiranagar,2357,3,3,6,Furnished,"Covered Parking, Gym, High-Speed Elevators, Jogging Track",28640000.0,12151.04,Modern (4-10 yrs),3.04
Hebbal,2100,4,4,13,Semi-Furnished,"24/7 Security, Children's Play Area, Clubhouse, Jogging Track, Swimming Pool",16550000.0,7880.95,Established (11-20 yrs),4.29
HSR Layout,2625,4,3,7,Unfurnished,"Clubhouse, Landscaped Garden",17870000.0,6807.62,Modern (4-10 yrs),1.88
Electronic City,1097,2,2,6,Furnished,"Children's Play Area, Clubhouse, Landscaped Garden, Power Backup, Swimming Pool, Tennis Court",6310000.0,5752.05,Modern (4-10 yrs),5.8
Whitefield,738,1,1,2,Unfurnished,"Clubhouse, Gym, Jogging Track, Landscaped Garden, Swimming Pool",4100000.0,5555.56,New (0-3 yrs),4.64
Thanisandra,705,1,1,4,Semi-Furnished,"24/7 Security, Gym, High-Speed Elevators, Jogging Track, Swimming Pool",4220000.0,5985.82,Modern (4-10 yrs),4.38
Koramangala,604,1,1,0,Semi-Furnished,"24/7 Security, Clubhouse, Covered Parking, High-Speed Elevators, Tennis Court",7400000.0,12251.66,New (0-3 yrs),4.64
Banashankari,1800,3,3,5,Semi-Furnished,"Children's Play Area, Gym, High-Speed Elevators, Landscaped Garden, Power Backup, Tennis Court",12070000.0,6705.56,Modern (4-10 yrs),5.18
Indiranagar,1929,3,3,1,Semi-Furnished,"Gym, Jogging Track, Swimming Pool",21460000.0,11124.94,New (0-3 yrs),2.77
Jayanagar,1348,3,2,2,Semi-Furnished,"Clubhouse, High-Speed Elevators, Intercom, Jogging Track, Landscaped Garden",14880000.0,11038.58,New (0-3 yrs),3.75
Sarjapur Road,760,1,1,7,Semi-Furnished,"24/7 Security, Gym, Landscaped Garden",4510000.0,5934.21,Modern (4-10 yrs),2.41
Electronic City,1632,3,3,8,Semi-Furnished,"Children's Play Area, Clubhouse, Intercom, Landscaped Garden",7970000.0,4883.58,Modern (4-10 yrs),2.95
Sarjapur Road,940,2,2,6,Unfurnished,"Clubhouse, Jogging Track",5980000.0,6361.7,Modern (4-10 yrs),1.61
HSR Layout,2030,3,2,1,Semi-Furnished,"Children's Play Area, Jogging Track, Power Backup",17580000.0,8660.1,New (0-3 yrs),1.88
Malleshwaram,1147,2,2,1,Unfurnished,"24/7 Security, Children's Play Area, Gym",11230000.0,9790.76,New (0-3 yrs),2.23
Koramangala,2001,3,3,14,Unfurnished,"Jogging Track, Swimming Pool, Tennis Court",19190000.0,9590.2,Established (11-20 yrs),3.12
Marathahalli,689,1,1,2,Furnished,"Gym, Jogging Track, Landscaped Garden, Swimming Pool",4450000.0,6458.64,New (0-3 yrs),3.57
Koramangala,1823,3,2,11,Furnished,"24/7 Security, Children's Play Area, High-Speed Elevators, Swimming Pool, Tennis Court",19750000.0,10833.79,Established (11-20 yrs),4.82
Koramangala,1706,3,2,2,Semi-Furnished,"High-Speed Elevators, Intercom, Landscaped Garden",21210000.0,12432.59,New (0-3 yrs),2.14
Thanisandra,1713,3,3,0,Semi-Furnished,"Intercom, Jogging Track, Landscaped Garden, Power Backup, Tennis Court",13260000.0,7740.81,New (0-3 yrs),3.75
Hebbal,1361,3,2,2,Semi-Furnished,"Children's Play Area, Gym, High-Speed Elevators, Swimming Pool, Tennis Court",11790000.0,8662.75,New (0-3 yrs),5.0
Bellandur,2930,4,3,3,Semi-Furnished,"Children's Play Area, Covered Parking, Gym, Jogging Track, Power Backup, Swimming Pool",24270000.0,8283.28,New (0-3 yrs),4.82
Electronic City,1331,3,3,0,Semi-Furnished,"Children's Play Area, High-Speed Elevators, Landscaped Garden",6380000.0,4793.39,New (0-3 yrs),2.32
Electronic City,736,1,1,0,Semi-Furnished,"24/7 Security, Children's Play Area, Clubhouse, Covered Parking, Gym, Intercom, Power Backup",3960000.0,5380.43,New (0-3 yrs),5.18
HSR Layout,1805,3,2,4,Semi-Furnished,"24/7 Security, Children's Play Area, Covered Parking, Landscaped Garden, Power Backup, Tennis Court",15490000.0,8581.72,Modern (4-10 yrs),4.82
Marathahalli,3061,4,4,12,Semi-Furnished,"Clubhouse, Covered Parking, Intercom, Jogging Track, Power Backup",19120000.0,6246.32,Established (11-20 yrs),3.48
Whitefield,1007,2,2,4,Semi-Furnished,"Covered Parking, Gym, Intercom",5220000.0,5183.71,Modern (4-10 yrs),2.05
Bellandur,1667,3,3,2,Semi-Furnished,"24/7 Security, High-Speed Elevators, Intercom, Jogging Track",11330000.0,6796.64,New (0-3 yrs),2.59
Koramangala,1634,3,3,4,Unfurnished,"Covered Parking, Gym, Swimming Pool",18510000.0,11328.03,Modern (4-10 yrs),2.95
Marathahalli,1102,2,2,12,Semi-Furnished,"Covered Parking, Gym, Intercom, Jogging Track, Swimming Pool",7670000.0,6960.07,Established (11-20 yrs),3.93
Whitefield,2868,4,4,1,Furnished,"Clubhouse, Swimming Pool, Tennis Court",18260000.0,6366.81,New (0-3 yrs),3.66
HSR Layout,941,2,2,10,Furnished,"24/7 Security, Children's Play Area, Covered Parking, High-Speed Elevators, Jogging Track, Landscaped Garden",7890000.0,8384.7,Modern (4-10 yrs),4.29
HSR Layout,1739,3,3,11,Semi-Furnished,"Clubhouse, High-Speed Elevators, Intercom, Tennis Court",15290000.0,8792.41,Established (11-20 yrs),3.66
Rajajinagar,1435,3,3,19,Unfurnished,"Children's Play Area, Covered Parking, High-Speed Elevators, Jogging Track, Landscaped Garden, Power Backup, Swimming Pool, Tennis Court",13640000.0,9505.23,Established (11-20 yrs),6.88
Bellandur,2741,4,3,0,Semi-Furnished,"Clubhouse, Covered Parking, Gym, Landscaped Garden, Power Backup, Swimming Pool, Tennis Court",22630000.0,8256.11,New (0-3 yrs),6.79
Koramangala,989,2,1,17,Furnished,"High-Speed Elevators, Landscaped Garden, Swimming Pool",10200000.0,10313.45,Established (11-20 yrs),3.04
Bellandur,1709,3,2,0,Unfurnished,"24/7 Security, Covered Parking, High-Speed Elevators, Jogging Track, Landscaped Garden, Tennis Court",14450000.0,8455.24,New (0-3 yrs),4.91
Whitefield,1049,2,2,1,Semi-Furnished,"24/7 Security, Clubhouse, Covered Parking",6990000.0,6663.49,New (0-3 yrs),2.5
Marathahalli,1750,3,3,3,Semi-Furnished,"Children's Play Area, Clubhouse, Landscaped Garden, Power Backup",12570000.0,7182.86,New (0-3 yrs),3.21
Marathahalli,1538,3,2,5,Furnished,"24/7 Security, Clubhouse, Covered Parking, High-Speed Elevators, Intercom, Landscaped Garden, Tennis Court",10980000.0,7139.14,Modern (4-10 yrs),5.89
Whitefield,1050,2,2,25,Semi-Furnished,"Children's Play Area, Swimming Pool",5470000.0,5209.52,Old (20+ yrs),1.96
Rajajinagar,606,1,1,2,Unfurnished,"Intercom, Power Backup",6100000.0,10066.01,New (0-3 yrs),1.16
Banashankari,1704,3,3,5,Semi-Furnished,"24/7 Security, Children's Play Area, High-Speed Elevators, Intercom, Jogging Track, Landscaped Garden, Power Backup",12470000.0,7318.08,Modern (4-10 yrs),4.73
Indiranagar,740,1,1,0,Semi-Furnished,"Clubhouse, High-Speed Elevators, Intercom, Jogging Track, Power Backup",8950000.0,12094.59,New (0-3 yrs),3.66
Whitefield,1290,2,1,1,Semi-Furnished,"Children's Play Area, Clubhouse, Swimming Pool, Tennis Court",8280000.0,6418.6,New (0-3 yrs),4.29
Indiranagar,2243,4,3,2,Unfurnished,"24/7 Security, Clubhouse, High-Speed Elevators, Swimming Pool",28520000.0,12715.11,New (0-3 yrs),4.02
Koramangala,1089,2,2,5,Furnished,"Children's Play Area, Covered Parking, Jogging Track, Swimming Pool",11610000.0,10661.16,Modern (4-10 yrs),3.21
Koramangala,523,1,1,8,Furnished,"Covered Parking, Gym, High-Speed Elevators, Swimming Pool, Tennis Court",6190000.0,11835.56,Modern (4-10 yrs),5.09
Yelahanka,1914,3,2,3,Unfurnished,"Children's Play Area, Clubhouse, Gym, Intercom, Landscaped Garden, Tennis Court",11970000.0,6253.92,New (0-3 yrs),5.09
Koramangala,1870,3,3,28,Unfurnished,"Children's Play Area, Covered Parking, Gym, Power Backup, Swimming Pool",15270000.0,8165.78,Old (20+ yrs),4.29
Banashankari,1071,2,2,1,Unfurnished,"Children's Play Area, High-Speed Elevators, Landscaped Garden, Tennis Court",7950000.0,7422.97,New (0-3 yrs),3.57
Koramangala,1724,3,3,7,Semi-Furnished,"Gym, Jogging Track",18260000.0,10591.65,Modern (4-10 yrs),1.43
Electronic City,1002,2,2,3,Semi-Furnished,"24/7 Security, Children's Play Area, Clubhouse, Gym",5260000.0,5249.5,New (0-3 yrs),3.3
Banashankari,996,2,2,1,Furnished,"Gym, Jogging Track",7230000.0,7259.04,New (0-3 yrs),1.43
Sarjapur Road,1801,3,3,11,Unfurnished,"24/7 Security, High-Speed Elevators, Intercom, Power Backup, Swimming Pool",12130000.0,6735.15,Established (11-20 yrs),4.11
Indiranagar,582,1,1,6,Semi-Furnished,"24/7 Security, Covered Parking",6700000.0,11512.03,Modern (4-10 yrs),1.43
Sarjapur Road,568,1,1,1,Furnished,"Children's Play Area, Covered Parking, Jogging Track, Power Backup",3960000.0,6971.83,New (0-3 yrs),2.59
Thanisandra,1508,3,3,6,Semi-Furnished,"Jogging Track, Power Backup, Tennis Court",10760000.0,7135.28,Modern (4-10 yrs),2.5
Whitefield,1014,2,1,22,Semi-Furnished,"Clubhouse, Intercom, Power Backup, Tennis Court",3820000.0,3767.26,Old (20+ yrs),3.48
Marathahalli,1039,2,2,2,Semi-Furnished,"Covered Parking, Intercom, Landscaped Garden, Swimming Pool",7500000.0,7218.48,New (0-3 yrs),3.3
Rajajinagar,1640,3,2,3,Unfurnished,"Intercom, Power Backup",13800000.0,8414.63,New (0-3 yrs),1.16
Whitefield,964,2,2,8,Semi-Furnished,"Clubhouse, Covered Parking, Landscaped Garden, Swimming Pool, Tennis Court",5890000.0,6109.96,Modern (4-10 yrs),5.18
Electronic City,2558,4,4,5,Furnished,"Gym, Jogging Track",14940000.0,5840.5,Modern (4-10 yrs),1.43
Thanisandra,1837,3,3,2,Unfurnished,"Clubhouse, Covered Parking, Intercom, Jogging Track, Power Backup, Swimming Pool",11270000.0,6135.0,New (0-3 yrs),4.82
Indiranagar,1108,2,2,8,Semi-Furnished,"Children's Play Area, Clubhouse, Covered Parking, High-Speed Elevators, Jogging Track, Landscaped Garden, Power Backup, Swimming Pool, Tennis Court",13470000.0,12157.04,Modern (4-10 yrs),7.95
Rajajinagar,642,1,1,11,Unfurnished,"Intercom, Jogging Track, Landscaped Garden, Power Backup",5440000.0,8473.52,Established (11-20 yrs),2.5
Electronic City,3170,4,4,11,Semi-Furnished,"Children's Play Area, Clubhouse, High-Speed Elevators, Jogging Track, Power Backup",16180000.0,5104.1,Established (11-20 yrs),3.84
Malleshwaram,1214,2,2,2,Semi-Furnished,"24/7 Security, Children's Play Area, Gym, Swimming Pool",12530000.0,10321.25,New (0-3 yrs),3.57
Whitefield,2731,4,4,0,Unfurnished,"Children's Play Area, Gym, High-Speed Elevators, Power Backup, Tennis Court",16740000.0,6129.62,New (0-3 yrs),4.38
Bellandur,1100,2,2,8,Furnished,"Children's Play Area, Clubhouse, Covered Parking, Intercom, Landscaped Garden, Swimming Pool",8390000.0,7627.27,Modern (4-10 yrs),5.0
Bellandur,1628,3,3,12,Semi-Furnished,"24/7 Security, Children's Play Area, Covered Parking, High-Speed Elevators, Tennis Court",12250000.0,7524.57,Established (11-20 yrs),4.2
HSR Layout,803,1,1,1,Furnished,"Clubhouse, Gym, Intercom, Tennis Court",8430000.0,10498.13,New (0-3 yrs),3.66
Yelahanka,1408,2,2,0,Semi-Furnished,"Power Backup, Tennis Court",8420000.0,5980.11,New (0-3 yrs),1.96
Jayanagar,1450,2,2,4,Semi-Furnished,"Clubhouse, Swimming Pool",18750000.0,12931.03,Modern (4-10 yrs),2.41
Indiranagar,1461,3,2,0,Furnished,"Children's Play Area, Gym, Intercom, Tennis Court",17500000.0,11978.1,New (0-3 yrs),3.21
Bellandur,800,2,2,13,Furnished,"Children's Play Area, Clubhouse, Covered Parking, Intercom, Jogging Track, Power Backup, Swimming Pool",6900000.0,8625.0,Established (11-20 yrs),5.45
Koramangala,1190,2,2,1,Semi-Furnished,"24/7 Security, Children's Play Area, Landscaped Garden, Tennis Court",13650000.0,11470.59,New (0-3 yrs),3.39
Electronic City,560,1,1,20,Furnished,"24/7 Security, Children's Play Area, Covered Parking, Intercom, Power Backup, Swimming Pool, Tennis Court",2420000.0,4321.43,Established (11-20 yrs),5.8
Electronic City,800,2,1,1,Furnished,"24/7 Security, Covered Parking, Gym, Intercom, Tennis Court",4050000.0,5062.5,New (0-3 yrs),4.02
Indiranagar,1671,3,2,1,Semi-Furnished,"Children's Play Area, Covered Parking, High-Speed Elevators, Intercom, Landscaped Garden",23410000.0,14009.58,New (0-3 yrs),3.48
Whitefield,3456,5,5,12,Semi-Furnished,"Gym, High-Speed Elevators, Jogging Track",22790000.0,6594.33,Established (11-20 yrs),2.32
Whitefield,1300,3,2,5,Semi-Furnished,"Intercom, Landscaped Garden",7160000.0,5507.69,Modern (4-10 yrs),1.25
Whitefield,4891,5,5,1,Furnished,"24/7 Security, Clubhouse, Landscaped Garden",36750000.0,7513.8,New (0-3 yrs),2.59
Sarjapur Road,1005,2,2,3,Unfurnished,"Clubhouse, Gym, High-Speed Elevators, Jogging Track, Landscaped Garden, Power Backup",6600000.0,6567.16,New (0-3 yrs),4.91
Thanisandra,3564,5,5,0,Semi-Furnished,"Intercom, Landscaped Garden, Swimming Pool, Tennis Court",31750000.0,8908.53,New (0-3 yrs),3.84
Bellandur,1349,3,2,13,Semi-Furnished,"24/7 Security, Covered Parking, Gym, Landscaped Garden, Power Backup",9320000.0,6908.82,Established (11-20 yrs),3.84
Bellandur,2156,3,3,4,Unfurnished,"24/7 Security, Clubhouse, Power Backup, Swimming Pool",15190000.0,7045.45,Modern (4-10 yrs),3.84
Yelahanka,2548,4,3,2,Semi-Furnished,"Clubhouse, Jogging Track, Power Backup, Tennis Court",17390000.0,6824.96,New (0-3 yrs),3.57
Marathahalli,1007,2,2,5,Furnished,"24/7 Security, Gym, High-Speed Elevators, Power Backup",5920000.0,5878.85,Modern (4-10 yrs),3.21
HSR Layout,2377,4,4,3,Semi-Furnished,"Clubhouse, Gym, High-Speed Elevators, Intercom, Jogging Track, Landscaped Garden, Swimming Pool, Tennis Court",23920000.0,10063.1,New (0-3 yrs),7.23
Whitefield,2582,4,4,6,Unfurnished,"Children's Play Area, Covered Parking, Jogging Track, Swimming Pool",12310000.0,4767.62,Modern (4-10 yrs),3.21
Yelahanka,1315,2,2,7,Semi-Furnished,"Clubhouse, Jogging Track, Power Backup, Swimming Pool",7860000.0,5977.19,Modern (4-10 yrs),3.66
Indiranagar,517,1,1,14,Furnished,"24/7 Security, High-Speed Elevators, Power Backup, Swimming Pool",5140000.0,9941.97,Established (11-20 yrs),3.66
Yelahanka,1436,3,3,3,Semi-Furnished,"24/7 Security, Covered Parking, Landscaped Garden, Swimming Pool, Tennis Court",9530000.0,6636.49,New (0-3 yrs),4.82
Electronic City,2483,4,3,2,Unfurnished,"Children's Play Area, Intercom, Power Backup",14820000.0,5968.59,New (0-3 yrs),1.79
Banashankari,2030,3,3,12,Unfurnished,"Children's Play Area, Intercom, Jogging Track, Tennis Court",13530000.0,6665.02,Established (11-20 yrs),2.86
Rajajinagar,2404,4,4,26,Furnished,"Covered Parking, High-Speed Elevators",19330000.0,8040.77,Old (20+ yrs),1.61
Marathahalli,2315,4,4,0,Semi-Furnished,"Intercom, Jogging Track",15910000.0,6872.57,New (0-3 yrs),1.0
Marathahalli,3329,5,5,22,Semi-Furnished,"Clubhouse, Covered Parking, Gym, High-Speed Elevators, Intercom, Jogging Track, Power Backup, Swimming Pool, Tennis Court",24400000.0,7329.53,Old (20+ yrs),7.86
Koramangala,629,1,1,15,Furnished,"24/7 Security, Clubhouse, High-Speed Elevators, Intercom, Tennis Court",6500000.0,10333.86,Established (11-20 yrs),4.38
Sarjapur Road,706,1,1,11,Furnished,"Intercom, Power Backup",4580000.0,6487.25,Established (11-20 yrs),1.16
Electronic City,1500,3,2,2,Semi-Furnished,"24/7 Security, Children's Play Area, Gym, High-Speed Elevators, Intercom, Landscaped Garden, Power Backup, Tennis Court",6980000.0,4653.33,New (0-3 yrs),6.34
Thanisandra,1212,2,2,8,Unfurnished,"Clubhouse, Landscaped Garden, Tennis Court",7040000.0,5808.58,Modern (4-10 yrs),3.12
Rajajinagar,821,2,2,6,Semi-Furnished,"24/7 Security, Clubhouse, Covered Parking, Landscaped Garden, Power Backup",8690000.0,10584.65,Modern (4-10 yrs),4.02
Thanisandra,1694,3,3,7,Semi-Furnished,"Children's Play Area, Jogging Track, Landscaped Garden, Tennis Court",11010000.0,6499.41,Modern (4-10 yrs),3.21
Hebbal,739,1,1,7,Furnished,"24/7 Security, Children's Play Area, Intercom, Landscaped Garden",5970000.0,8078.48,Modern (4-10 yrs),2.59
Indiranagar,593,1,1,10,Semi-Furnished,"24/7 Security, Children's Play Area, Power Backup, Tennis Court",6570000.0,11079.26,Modern (4-10 yrs),3.3
Whitefield,2119,3,2,3,Semi-Furnished,"Children's Play Area, Covered Parking, Gym, Landscaped Garden, Power Backup, Tennis Court",14430000.0,6809.82,New (0-3 yrs),5.0
HSR Layout,3412,5,5,0,Unfurnished,"24/7 Security, Children's Play Area, Covered Parking, Intercom, Landscaped Garden",35470000.0,10395.66,New (0-3 yrs),3.3
Marathahalli,1091,2,2,0,Furnished,"Gym, High-Speed Elevators, Jogging Track",8000000.0,7332.72,New (0-3 yrs),2.32
Yelahanka,1145,2,1,5,Semi-Furnished,"Intercom, Jogging Track, Tennis Court",6590000.0,5755.46,Modern (4-10 yrs),2.23
Sarjapur Road,1628,3,2,0,Furnished,"Clubhouse, Covered Parking, High-Speed Elevators, Swimming Pool, Tennis Court",13860000.0,8513.51,New (0-3 yrs),5.27
Electronic City,2680,4,4,2,Unfurnished,"Children's Play Area, Clubhouse, Covered Parking, High-Speed Elevators, Jogging Track, Landscaped Garden, Power Backup, Swimming Pool, Tennis Court",14360000.0,5358.21,New (0-3 yrs),7.95
Electronic City,1241,2,2,0,Unfurnished,"Gym, High-Speed Elevators, Power Backup, Swimming Pool, Tennis Court",5720000.0,4609.19,New (0-3 yrs),5.09
HSR Layout,1395,3,3,2,Semi-Furnished,"Children's Play Area, Clubhouse, Intercom",13550000.0,9713.26,New (0-3 yrs),2.14
Yelahanka,1090,2,2,4,Semi-Furnished,"Children's Play Area, Covered Parking, Intercom",6610000.0,6064.22,Modern (4-10 yrs),1.79
Koramangala,2213,4,4,3,Furnished,"Gym, High-Speed Elevators, Jogging Track, Landscaped Garden",29580000.0,13366.47,New (0-3 yrs),3.12
Bellandur,1681,3,3,6,Semi-Furnished,"24/7 Security, Children's Play Area, Clubhouse, Gym, High-Speed Elevators, Power Backup, Swimming Pool",13880000.0,8256.99,Modern (4-10 yrs),6.25
Bellandur,1802,3,2,1,Semi-Furnished,"24/7 Security, Covered Parking, Gym, Intercom, Jogging Track, Tennis Court",13650000.0,7574.92,New (0-3 yrs),4.55
Electronic City,1454,3,2,2,Semi-Furnished,"Clubhouse, Gym, Landscaped Garden",7230000.0,4972.49,New (0-3 yrs),2.77
Bellandur,1670,3,3,28,Furnished,"Clubhouse, Gym, Intercom, Power Backup, Swimming Pool",12860000.0,7700.6,Old (20+ yrs),4.46
Jayanagar,1575,3,3,3,Furnished,"Children's Play Area, Covered Parking, Jogging Track, Landscaped Garden, Power Backup",23810000.0,15117.46,New (0-3 yrs),3.39
Jayanagar,1156,2,2,11,Semi-Furnished,"Clubhouse, Landscaped Garden, Swimming Pool, Tennis Court",12600000.0,10899.65,Established (11-20 yrs),4.46
Koramangala,1912,3,2,1,Semi-Furnished,"24/7 Security, Children's Play Area, Swimming Pool, Tennis Court",21180000.0,11077.41,New (0-3 yrs),3.93
Marathahalli,1217,2,2,19,Unfurnished,"24/7 Security, Children's Play Area, Clubhouse, Covered Parking, Jogging Track, Tennis Court",6690000.0,5497.12,Established (11-20 yrs),4.91
Koramangala,1717,3,2,20,Semi-Furnished,"Children's Play Area, Covered Parking, High-Speed Elevators, Swimming Pool",19380000.0,11287.13,Established (11-20 yrs),3.57
Rajajinagar,841,2,2,9,Semi-Furnished,"Gym, Landscaped Garden",7060000.0,8394.77,Modern (4-10 yrs),1.7
Koramangala,555,1,1,0,Semi-Furnished,"24/7 Security, High-Speed Elevators, Jogging Track, Power Backup, Swimming Pool, Tennis Court",6330000.0,11405.41,New (0-3 yrs),5.45
Yelahanka,2257,4,3,4,Semi-Furnished,"Landscaped Garden, Tennis Court",11850000.0,5250.33,Modern (4-10 yrs),2.05
Sarjapur Road,2778,4,4,9,Unfurnished,"Children's Play Area, Jogging Track, Landscaped Garden, Tennis Court",19990000.0,7195.82,Modern (4-10 yrs),3.21
HSR Layout,1436,3,3,10,Semi-Furnished,"Gym, Swimming Pool, Tennis Court",11810000.0,8224.23,Modern (4-10 yrs),3.48
Malleshwaram,2059,3,3,3,Semi-Furnished,"24/7 Security, Children's Play Area, Clubhouse, Gym, High-Speed Elevators, Intercom, Swimming Pool, Tennis Court",23260000.0,11296.75,New (0-3 yrs),7.23
Indiranagar,582,1,1,1,Furnished,"24/7 Security, Landscaped Garden, Swimming Pool",5690000.0,9776.63,New (0-3 yrs),2.86
Indiranagar,2016,3,3,4,Semi-Furnished,"Children's Play Area, High-Speed Elevators, Intercom, Jogging Track",21580000.0,10704.37,Modern (4-10 yrs),2.5
Banashankari,620,1,1,11,Furnished,"24/7 Security, Intercom, Power Backup, Tennis Court",3730000.0,6016.13,Established (11-20 yrs),3.12
Electronic City,1258,2,2,0,Unfurnished,"24/7 Security, Children's Play Area, Covered Parking, Jogging Track, Swimming Pool",5680000.0,4515.1,New (0-3 yrs),3.93
Indiranagar,1099,2,2,18,Semi-Furnished,"Covered Parking, Intercom, Landscaped Garden, Swimming Pool",10390000.0,9454.05,Established (11-20 yrs),3.3
Whitefield,1053,2,2,4,Semi-Furnished,"24/7 Security, Covered Parking, High-Speed Elevators, Jogging Track, Power Backup, Tennis Court",6360000.0,6039.89,Modern (4-10 yrs),4.82
Whitefield,1664,3,3,0,Semi-Furnished,"24/7 Security, Clubhouse, High-Speed Elevators, Intercom, Landscaped Garden, Tennis Court",10010000.0,6015.62,New (0-3 yrs),5.18
Jayanagar,1443,3,2,12,Furnished,"High-Speed Elevators, Power Backup, Tennis Court",15100000.0,10464.31,Established (11-20 yrs),2.86
Jayanagar,645,1,1,0,Semi-Furnished,"24/7 Security, Children's Play Area, Clubhouse, Covered Parking, Gym, Jogging Track, Power Backup, Swimming Pool, Tennis Court",6470000.0,10031.01,New (0-3 yrs),7.86
Koramangala,2100,4,4,0,Semi-Furnished,"Children's Play Area, Gym, High-Speed Elevators, Intercom",27120000.0,12914.29,New (0-3 yrs),2.86
Whitefield,1315,2,2,17,Semi-Furnished,"Children's Play Area, Clubhouse, Intercom, Jogging Track, Landscaped Garden",5850000.0,4448.67,Established (11-20 yrs),3.48
Marathahalli,3563,5,5,1,Furnished,"Children's Play Area, High-Speed Elevators, Landscaped Garden",32030000.0,8989.62,New (0-3 yrs),2.32
Sarjapur Road,3536,5,5,2,Furnished,"High-Speed Elevators, Landscaped Garden, Swimming Pool",32950000.0,9318.44,New (0-3 yrs),3.04
Malleshwaram,1399,2,2,3,Semi-Furnished,"Gym, High-Speed Elevators, Intercom, Power Backup, Swimming Pool",14360000.0,10264.47,New (0-3 yrs),4.29
Thanisandra,1300,3,2,3,Semi-Furnished,"Children's Play Area, Covered Parking, Landscaped Garden",7610000.0,5853.85,New (0-3 yrs),2.14
Whitefield,1597,3,3,2,Semi-Furnished,"Children's Play Area, Clubhouse, Covered Parking, Power Backup, Tennis Court",11560000.0,7238.57,New (0-3 yrs),4.38
Sarjapur Road,1684,3,3,9,Semi-Furnished,"Clubhouse, Covered Parking, High-Speed Elevators, Jogging Track",12080000.0,7173.4,Modern (4-10 yrs),3.21
Electronic City,1708,3,2,16,Semi-Furnished,"Clubhouse, High-Speed Elevators, Swimming Pool, Tennis Court",8990000.0,5263.47,Established (11-20 yrs),4.55
Thanisandra,599,1,1,19,Semi-Furnished,"24/7 Security, Covered Parking, Jogging Track, Swimming Pool",3080000.0,5141.9,Established (11-20 yrs),3.3
Malleshwaram,2038,3,3,17,Semi-Furnished,"Power Backup, Tennis Court",22070000.0,10829.24,Established (11-20 yrs),1.96
Bellandur,4374,5,4,4,Unfurnished,"Clubhouse, Power Backup, Swimming Pool",32880000.0,7517.15,Modern (4-10 yrs),3.12
Koramangala,1507,3,3,2,Furnished,"Children's Play Area, Covered Parking, Tennis Court",18790000.0,12468.48,New (0-3 yrs),2.59
Whitefield,1692,3,3,3,Unfurnished,"Children's Play Area, Jogging Track, Power Backup, Tennis Court",9460000.0,5591.02,New (0-3 yrs),3.12
HSR Layout,1412,3,2,6,Furnished,"Covered Parking, Intercom, Landscaped Garden",13070000.0,9256.37,Modern (4-10 yrs),1.96
Marathahalli,2814,4,4,3,Semi-Furnished,"24/7 Security, High-Speed Elevators, Intercom",18880000.0,6709.31,New (0-3 yrs),2.05
Indiranagar,2570,4,3,6,Furnished,"Gym, Jogging Track, Swimming Pool",30550000.0,11887.16,Modern (4-10 yrs),2.77
Electronic City,1776,3,3,4,Furnished,"Covered Parking, Intercom, Landscaped Garden, Power Backup",9130000.0,5140.77,Modern (4-10 yrs),2.68
Thanisandra,1481,3,2,2,Semi-Furnished,"High-Speed Elevators, Intercom, Landscaped Garden, Tennis Court",8180000.0,5523.3,New (0-3 yrs),3.39
Malleshwaram,1042,2,2,27,Furnished,"Children's Play Area, High-Speed Elevators, Intercom, Swimming Pool",9560000.0,9174.66,Old (20+ yrs),3.3
Marathahalli,889,2,1,2,Unfurnished,"Clubhouse, Intercom, Jogging Track, Landscaped Garden, Tennis Court",5960000.0,6704.16,New (0-3 yrs),4.11
Thanisandra,1114,2,2,12,Furnished,"Clubhouse, Covered Parking, Gym, Power Backup, Swimming Pool",5490000.0,4928.19,Established (11-20 yrs),4.73
Marathahalli,2100,4,4,4,Furnished,"Clubhouse, Tennis Court",13990000.0,6661.9,Modern (4-10 yrs),2.32
Sarjapur Road,1065,2,2,0,Unfurnished,"Clubhouse, High-Speed Elevators, Intercom",6610000.0,6206.57,New (0-3 yrs),2.41
HSR Layout,940,2,1,8,Furnished,"Children's Play Area, Clubhouse, Jogging Track, Power Backup, Swimming Pool",6930000.0,7372.34,Modern (4-10 yrs),4.29
Electronic City,909,2,2,7,Semi-Furnished,"Children's Play Area, Covered Parking, Gym, Jogging Track, Swimming Pool, Tennis Court",4310000.0,4741.47,Modern (4-10 yrs),5.36
Bellandur,1685,3,3,8,Unfurnished,"Covered Parking, Swimming Pool",14380000.0,8534.12,Modern (4-10 yrs),2.05
Rajajinagar,851,2,2,4,Semi-Furnished,"24/7 Security, Covered Parking, Intercom, Tennis Court",8620000.0,10129.26,Modern (4-10 yrs),3.12
Bellandur,1226,2,2,7,Unfurnished,"Children's Play Area, Clubhouse, Gym, Jogging Track, Tennis Court",8770000.0,7153.34,Modern (4-10 yrs),4.38
Marathahalli,1481,3,3,1,Furnished,"24/7 Security, Children's Play Area, Landscaped Garden, Swimming Pool, Tennis Court",12160000.0,8210.67,New (0-3 yrs),4.73
Electronic City,1162,2,2,9,Unfurnished,"Children's Play Area, Landscaped Garden, Power Backup",5010000.0,4311.53,Modern (4-10 yrs),2.14
Yelahanka,928,2,2,15,Semi-Furnished,"24/7 Security, Gym, High-Speed Elevators, Landscaped Garden",5300000.0,5711.21,Established (11-20 yrs),3.3
HSR Layout,1090,2,2,10,Semi-Furnished,"Gym, Jogging Track",9160000.0,8403.67,Modern (4-10 yrs),1.43
Bellandur,2494,4,3,5,Semi-Furnished,"Clubhouse, Gym, High-Speed Elevators, Tennis Court",18190000.0,7293.5,Modern (4-10 yrs),4.11
Koramangala,1713,3,2,2,Semi-Furnished,"24/7 Security, Children's Play Area, High-Speed Elevators, Jogging Track, Power Backup, Tennis Court",22810000.0,13315.82,New (0-3 yrs),4.73
HSR Layout,3853,5,5,19,Furnished,"Children's Play Area, Jogging Track, Landscaped Garden, Swimming Pool",34000000.0,8824.29,Established (11-20 yrs),3.3
HSR Layout,1130,2,2,1,Semi-Furnished,"Intercom, Power Backup",10390000.0,9194.69,New (0-3 yrs),1.16
Whitefield,1087,2,2,0,Furnished,"24/7 Security, Clubhouse, Gym, Intercom",7590000.0,6982.52,New (0-3 yrs),3.12
Hebbal,1673,3,3,9,Furnished,"Clubhouse, Covered Parking, Gym, Jogging Track, Swimming Pool",15390000.0,9199.04,Modern (4-10 yrs),4.55
Koramangala,1503,3,3,18,Furnished,"Clubhouse, Covered Parking, High-Speed Elevators, Power Backup, Tennis Court",18470000.0,12288.76,Established (11-20 yrs),4.64
Yelahanka,2628,4,4,0,Semi-Furnished,"Covered Parking, High-Speed Elevators, Intercom, Landscaped Garden, Swimming Pool",18140000.0,6902.59,New (0-3 yrs),4.2
Electronic City,1005,2,1,0,Semi-Furnished,"Gym, High-Speed Elevators, Landscaped Garden, Swimming Pool",5420000.0,5393.03,New (0-3 yrs),3.93
Electronic City,2010,3,3,28,Furnished,"Children's Play Area, Landscaped Garden, Power Backup",9210000.0,4582.09,Old (20+ yrs),2.14
Electronic City,1764,3,2,6,Furnished,"24/7 Security, Landscaped Garden, Power Backup, Tennis Court",9540000.0,5408.16,Modern (4-10 yrs),3.48
Jayanagar,1206,2,2,1,Furnished,"High-Speed Elevators, Landscaped Garden, Tennis Court",14040000.0,11641.79,New (0-3 yrs),2.95
Koramangala,1405,3,2,3,Semi-Furnished,"Clubhouse, Gym, High-Speed Elevators, Landscaped Garden, Power Backup",17900000.0,12740.21,New (0-3 yrs),4.38
Thanisandra,1006,2,2,7,Semi-Furnished,"24/7 Security, Children's Play Area, Clubhouse, High-Speed Elevators, Intercom, Landscaped Garden, Tennis Court",6310000.0,6272.37,Modern (4-10 yrs),5.8
HSR Layout,1082,2,1,1,Semi-Furnished,"Jogging Track, Tennis Court",8710000.0,8049.91,New (0-3 yrs),1.79
Banashankari,906,2,2,8,Semi-Furnished,"Children's Play Area, High-Speed Elevators, Intercom, Jogging Track, Landscaped Garden, Swimming Pool, Tennis Court",6600000.0,7284.77,Modern (4-10 yrs),5.89
Rajajinagar,939,2,2,2,Semi-Furnished,"24/7 Security, Children's Play Area, Covered Parking, Gym, High-Speed Elevators, Intercom, Power Backup",10620000.0,11309.9,New (0-3 yrs),5.0
Indiranagar,676,1,1,5,Semi-Furnished,"Covered Parking, Gym, Swimming Pool",7620000.0,11272.19,Modern (4-10 yrs),2.95
Marathahalli,2471,4,4,12,Furnished,"24/7 Security, Landscaped Garden, Power Backup",17210000.0,6964.79,Established (11-20 yrs),2.23
Koramangala,1080,2,2,11,Furnished,"24/7 Security, Children's Play Area, Gym, Intercom, Jogging Track, Power Backup, Tennis Court",12040000.0,11148.15,Established (11-20 yrs),5.18
Whitefield,2696,4,3,8,Semi-Furnished,"Gym, High-Speed Elevators, Power Backup, Swimming Pool, Tennis Court",15090000.0,5597.18,Modern (4-10 yrs),5.09
Banashankari,1140,2,2,2,Semi-Furnished,"Children's Play Area, Covered Parking, High-Speed Elevators, Power Backup",8880000.0,7789.47,New (0-3 yrs),2.95
Whitefield,2936,4,4,0,Semi-Furnished,"24/7 Security, Children's Play Area, Clubhouse, Landscaped Garden, Tennis Court",20970000.0,7142.37,New (0-3 yrs),4.46
Whitefield,1501,3,3,9,Unfurnished,"Children's Play Area, Covered Parking, Gym, Intercom, Power Backup, Swimming Pool, Tennis Court",10020000.0,6675.55,Modern (4-10 yrs),5.98
Hebbal,1097,2,2,6,Semi-Furnished,"24/7 Security, Children's Play Area, Covered Parking, Gym, Intercom, Landscaped Garden",9750000.0,8887.88,Modern (4-10 yrs),4.2
Marathahalli,977,2,2,0,Furnished,"Jogging Track, Power Backup",6070000.0,6212.9,New (0-3 yrs),1.25
Hebbal,1392,2,1,0,Furnished,"24/7 Security, Clubhouse, Intercom, Swimming Pool",13090000.0,9403.74,New (0-3 yrs),3.57
Sarjapur Road,1010,2,2,8,Semi-Furnished,"Clubhouse, Gym, High-Speed Elevators, Landscaped Garden, Power Backup",6630000.0,6564.36,Modern (4-10 yrs),4.38
HSR Layout,1520,3,2,8,Unfurnished,"Children's Play Area, Clubhouse, Landscaped Garden, Swimming Pool",11390000.0,7493.42,Modern (4-10 yrs),3.84
Thanisandra,1206,2,1,4,Unfurnished,"24/7 Security, Children's Play Area, Covered Parking, Gym, High-Speed Elevators, Intercom",7160000.0,5936.98,Modern (4-10 yrs),4.29
Rajajinagar,1570,3,2,1,Unfurnished,"24/7 Security, Jogging Track, Power Backup, Tennis Court",15510000.0,9878.98,New (0-3 yrs),3.21
Rajajinagar,940,2,1,0,Unfurnished,"24/7 Security, High-Speed Elevators, Jogging Track, Power Backup, Tennis Court",9100000.0,9680.85,New (0-3 yrs),4.11
Sarjapur Road,958,2,2,17,Unfurnished,"Covered Parking, Gym, Landscaped Garden, Power Backup, Swimming Pool",5510000.0,5751.57,Established (11-20 yrs),4.46
Indiranagar,1600,3,3,7,Semi-Furnished,"Clubhouse, Jogging Track, Landscaped Garden",20900000.0,13062.5,Modern (4-10 yrs),2.41
Whitefield,1669,3,2,6,Semi-Furnished,"24/7 Security, Clubhouse, Gym, High-Speed Elevators, Intercom, Jogging Track, Landscaped Garden, Swimming Pool",10180000.0,6099.46,Modern (4-10 yrs),6.7
Sarjapur Road,1791,3,3,10,Semi-Furnished,"Children's Play Area, Clubhouse, Covered Parking, Gym, High-Speed Elevators, Intercom",12270000.0,6850.92,Modern (4-10 yrs),4.64
HSR Layout,1064,2,2,0,Furnished,"Children's Play Area, Clubhouse, Gym, Jogging Track, Swimming Pool",10260000.0,9642.86,New (0-3 yrs),4.46
Whitefield,1979,3,2,9,Semi-Furnished,"Clubhouse, Gym, Landscaped Garden, Swimming Pool",10380000.0,5245.07,Modern (4-10 yrs),4.11
Electronic City,3091,4,4,4,Semi-Furnished,"Children's Play Area, Swimming Pool, Tennis Court",16840000.0,5448.08,Modern (4-10 yrs),3.21
HSR Layout,1423,3,3,4,Semi-Furnished,"Clubhouse, Jogging Track, Landscaped Garden, Swimming Pool",11520000.0,8095.57,Modern (4-10 yrs),3.75
Electronic City,688,1,1,0,Semi-Furnished,"Clubhouse, High-Speed Elevators, Intercom, Jogging Track",3360000.0,4883.72,New (0-3 yrs),2.95
HSR Layout,2470,4,4,10,Furnished,"Clubhouse, Jogging Track, Landscaped Garden",25420000.0,10291.5,Modern (4-10 yrs),2.41
Electronic City,1480,3,2,6,Furnished,"Children's Play Area, Covered Parking, Gym, Tennis Court",7910000.0,5344.59,Modern (4-10 yrs),3.48
Thanisandra,1754,3,2,1,Furnished,"Clubhouse, High-Speed Elevators, Intercom, Tennis Court",11440000.0,6522.23,New (0-3 yrs),3.66
Whitefield,450,1,1,7,Semi-Furnished,"24/7 Security, High-Speed Elevators, Intercom, Landscaped Garden, Power Backup",2100000.0,4666.67,Modern (4-10 yrs),3.57
Banashankari,1040,2,1,11,Furnished,"Children's Play Area, Gym, Jogging Track, Landscaped Garden, Swimming Pool, Tennis Court",7680000.0,7384.62,Established (11-20 yrs),5.45
HSR Layout,971,2,2,15,Unfurnished,"Children's Play Area, Gym, Jogging Track, Landscaped Garden, Power Backup, Swimming Pool",6790000.0,6992.79,Established (11-20 yrs),4.91
Bellandur,1272,2,2,7,Semi-Furnished,"Intercom, Swimming Pool, Tennis Court",8560000.0,6729.56,Modern (4-10 yrs),3.04
Rajajinagar,1228,2,2,22,Semi-Furnished,"24/7 Security, High-Speed Elevators, Landscaped Garden",10380000.0,8452.77,Old (20+ yrs),2.41
HSR Layout,1816,3,3,12,Unfurnished,"Clubhouse, Gym, Intercom, Jogging Track, Landscaped Garden, Tennis Court",14760000.0,8127.75,Established (11-20 yrs),5.0
Marathahalli,2463,4,4,3,Semi-Furnished,"Covered Parking, Intercom, Landscaped Garden",20220000.0,8209.5,New (0-3 yrs),1.96
Jayanagar,1300,3,3,8,Semi-Furnished,"24/7 Security, Covered Parking, High-Speed Elevators",17060000.0,13123.08,Modern (4-10 yrs),2.32
Marathahalli,1529,3,2,0,Unfurnished,"Covered Parking, Intercom, Landscaped Garden, Power Backup, Swimming Pool",9580000.0,6265.53,New (0-3 yrs),4.02
Yelahanka,871,2,2,20,Furnished,"Children's Play Area, High-Speed Elevators, Jogging Track, Landscaped Garden, Tennis Court",5290000.0,6073.48,Established (11-20 yrs),4.11
Indiranagar,945,2,2,1,Semi-Furnished,"Covered Parking, High-Speed Elevators, Jogging Track",13900000.0,14708.99,New (0-3 yrs),2.14
Koramangala,1000,2,2,5,Furnished,"Gym, High-Speed Elevators, Jogging Track",10750000.0,10750.0,Modern (4-10 yrs),2.32
Whitefield,1500,3,2,5,Semi-Furnished,"Gym, Swimming Pool, Clubhouse, 24/7 Security, Power Backup, Covered Parking",8500000.0,5666.67,Modern (4-10 yrs),5.45
Whitefield,1859,3,2,8,Semi-Furnished,"24/7 Security, Clubhouse, Gym, Intercom, Jogging Track, Landscaped Garden, Power Backup, Tennis Court",9850000.0,5298.55,Modern (4-10 yrs),6.43
Hebbal,1722,3,3,4,Unfurnished,"Gym, Jogging Track, Swimming Pool",14170000.0,8228.8,Modern (4-10 yrs),2.77
Indiranagar,1908,3,3,18,Furnished,"Jogging Track, Landscaped Garden, Power Backup",22660000.0,11876.31,Established (11-20 yrs),2.05
Electronic City,2547,4,4,9,Semi-Furnished,"24/7 Security, Children's Play Area, Clubhouse, Covered Parking, Gym, High-Speed Elevators, Intercom, Jogging Track, Landscaped Garden",15170000.0,5956.03,Modern (4-10 yrs),6.7
Rajajinagar,2100,4,3,16,Unfurnished,"24/7 Security, Children's Play Area, Clubhouse, High-Speed Elevators, Intercom, Landscaped Garden, Swimming Pool, Tennis Court",19830000.0,9442.86,Established (11-20 yrs),7.14
Hebbal,2255,4,4,6,Furnished,"Covered Parking, Gym, Power Backup, Swimming Pool",23990000.0,10638.58,Modern (4-10 yrs),3.66
HSR Layout,1300,3,2,1,Unfurnished,"Landscaped Garden, Power Backup, Swimming Pool, Tennis Court",11100000.0,8538.46,New (0-3 yrs),4.11
Whitefield,2100,4,4,8,Furnished,"24/7 Security, Gym, High-Speed Elevators, Landscaped Garden, Swimming Pool",13920000.0,6628.57,Modern (4-10 yrs),4.64
Koramangala,835,2,2,14,Unfurnished,"24/7 Security, Covered Parking, Intercom, Landscaped Garden, Swimming Pool",9390000.0,11245.51,Established (11-20 yrs),4.02
Electronic City,2174,3,3,8,Semi-Furnished,"24/7 Security, High-Speed Elevators, Jogging Track, Tennis Court",10840000.0,4986.2,Modern (4-10 yrs),3.39
Hebbal,1347,3,3,2,Semi-Furnished,"Clubhouse, Covered Parking, Gym, Swimming Pool, Tennis Court",12130000.0,9005.2,New (0-3 yrs),5.27
Malleshwaram,1202,2,2,0,Furnished,"Clubhouse, High-Speed Elevators, Swimming Pool, Tennis Court",14000000.0,11647.25,New (0-3 yrs),4.55
Koramangala,1321,2,2,0,Unfurnished,"Clubhouse, Jogging Track",13820000.0,10461.77,New (0-3 yrs),1.61
Sarjapur Road,641,1,1,0,Semi-Furnished,"24/7 Security, Jogging Track, Tennis Court",4580000.0,7145.09,New (0-3 yrs),2.5
Hebbal,651,1,1,1,Unfurnished,"24/7 Security, Children's Play Area, Covered Parking, Gym, Power Backup",4920000.0,7557.6,New (0-3 yrs),3.66
Yelahanka,1947,3,3,7,Semi-Furnished,"Children's Play Area, Intercom",10370000.0,5326.14,Modern (4-10 yrs),1.07
Electronic City,1163,2,2,1,Unfurnished,"High-Speed Elevators, Power Backup, Swimming Pool, Tennis Court",5520000.0,4746.35,New (0-3 yrs),4.2
Sarjapur Road,1060,2,2,10,Semi-Furnished,"High-Speed Elevators, Intercom, Swimming Pool, Tennis Court",6980000.0,6584.91,Modern (4-10 yrs),3.93
Koramangala,3879,5,5,1,Semi-Furnished,"Clubhouse, Intercom",54860000.0,14142.82,New (0-3 yrs),1.52
Whitefield,1688,3,3,6,Unfurnished,"24/7 Security, High-Speed Elevators, Intercom, Jogging Track",8970000.0,5313.98,Modern (4-10 yrs),2.59
Sarjapur Road,1758,3,3,13,Semi-Furnished,"High-Speed Elevators, Landscaped Garden, Power Backup, Tennis Court",12800000.0,7281.0,Established (11-20 yrs),3.66
Electronic City,1335,3,3,9,Semi-Furnished,"Jogging Track, Power Backup",6710000.0,5026.22,Modern (4-10 yrs),1.25
Whitefield,1779,3,3,23,Unfurnished,"Gym, Landscaped Garden, Swimming Pool",8780000.0,4935.36,Old (20+ yrs),3.04
HSR Layout,1489,3,3,6,Semi-Furnished,"Covered Parking, High-Speed Elevators, Jogging Track, Landscaped Garden, Tennis Court",13550000.0,9100.07,Modern (4-10 yrs),4.2
Indiranagar,2100,4,4,1,Semi-Furnished,"Intercom, Jogging Track, Landscaped Garden, Swimming Pool, Tennis Court",28430000.0,13538.1,New (0-3 yrs),4.38
HSR Layout,864,2,2,6,Semi-Furnished,"Covered Parking, Jogging Track",7190000.0,8321.76,Modern (4-10 yrs),1.25
Jayanagar,717,1,1,13,Semi-Furnished,"Children's Play Area, Covered Parking, Gym, Swimming Pool",8120000.0,11324.97,Established (11-20 yrs),3.57
Marathahalli,1009,2,2,4,Semi-Furnished,"High-Speed Elevators, Intercom, Swimming Pool, Tennis Court",7050000.0,6987.12,Modern (4-10 yrs),3.93
Whitefield,1219,2,2,1,Semi-Furnished,"Covered Parking, Tennis Court",7840000.0,6431.5,New (0-3 yrs),1.96
Koramangala,3798,5,5,7,Semi-Furnished,"Jogging Track, Tennis Court",45570000.0,11998.42,Modern (4-10 yrs),1.79
Whitefield,3931,5,5,19,Furnished,"24/7 Security, Children's Play Area, Landscaped Garden, Tennis Court",23810000.0,6056.98,Established (11-20 yrs),3.39
HSR Layout,1283,2,2,0,Semi-Furnished,"Children's Play Area, Clubhouse, Gym, Intercom, Landscaped Garden, Power Backup, Tennis Court",11090000.0,8643.8,New (0-3 yrs),5.8
Rajajinagar,1087,2,2,17,Semi-Furnished,"Children's Play Area, Covered Parking, Gym, Swimming Pool",10550000.0,9705.61,Established (11-20 yrs),3.57
Thanisandra,1816,3,3,4,Semi-Furnished,"24/7 Security, Children's Play Area, Gym, Intercom",10980000.0,6046.26,Modern (4-10 yrs),2.68
Whitefield,1544,3,2,6,Unfurnished,"Children's Play Area, High-Speed Elevators, Intercom, Swimming Pool",8850000.0,5731.87,Modern (4-10 yrs),3.3
Malleshwaram,1688,3,3,3,Semi-Furnished,"Covered Parking, Jogging Track, Swimming Pool",18550000.0,10989.34,New (0-3 yrs),2.59
Sarjapur Road,1300,3,3,2,Unfurnished,"24/7 Security, Children's Play Area, Gym, Intercom",8800000.0,6769.23,New (0-3 yrs),2.68
Banashankari,955,2,2,5,Semi-Furnished,"24/7 Security, Intercom, Swimming Pool, Tennis Court",6640000.0,6952.88,Modern (4-10 yrs),3.75
Electronic City,819,2,2,5,Semi-Furnished,"24/7 Security, Children's Play Area, Gym, Landscaped Garden, Power Backup",3400000.0,4151.4,Modern (4-10 yrs),3.75
Banashankari,1043,2,2,1,Unfurnished,"24/7 Security, High-Speed Elevators, Jogging Track, Swimming Pool",7060000.0,6768.94,New (0-3 yrs),3.48
Hebbal,468,1,1,4,Unfurnished,"Clubhouse, Swimming Pool, Tennis Court",3370000.0,7200.85,Modern (4-10 yrs),3.66
Yelahanka,854,2,2,1,Furnished,"Children's Play Area, High-Speed Elevators, Intercom, Jogging Track, Landscaped Garden, Power Backup, Swimming Pool",5700000.0,6674.47,New (0-3 yrs),5.36
Marathahalli,1863,3,2,2,Furnished,"24/7 Security, Intercom",13800000.0,7407.41,New (0-3 yrs),1.16
Sarjapur Road,527,1,1,22,Unfurnished,"Jogging Track, Power Backup, Tennis Court",2770000.0,5256.17,Old (20+ yrs),2.5
Bellandur,1964,3,3,0,Furnished,"24/7 Security, Clubhouse, Covered Parking, Jogging Track",17620000.0,8971.49,New (0-3 yrs),3.04
Whitefield,978,2,2,0,Semi-Furnished,"Covered Parking, High-Speed Elevators, Jogging Track, Swimming Pool",5730000.0,5858.9,New (0-3 yrs),3.48
Whitefield,1184,2,2,6,Furnished,"24/7 Security, Children's Play Area, Intercom, Jogging Track, Power Backup",7340000.0,6199.32,Modern (4-10 yrs),3.04
