Location,Area,BHK,Bathrooms,Property Age,Furnishing Status,Amenities,Price
HSR Layout,982,2,2.0,0.0,Furnished,"Children's Play Area, Clubhouse, Jogging Track, Swimming Pool",8880000
HSR Layout,2758,4,3.0,23.0,Semi-Furnished,"24/7 Security, Covered Parking, Gym",20840000
Electronic City,1798,3,3.0,3.0,,"24/7 Security, Clubhouse, Gym, Jogging Track, Landscaped Garden, Swimming Pool",10970000
Whitefield,3470,5,5.0,1.0,Furnished,"Children's Play Area, Clubhouse, Covered Parking, Landscaped Garden, Tennis Court",24080000
Yelahanka,1626,3,3.0,8.0,Semi-Furnished,"24/7 Security, Children's Play Area, Clubhouse, High-Speed Elevators, Jogging Track, Swimming Pool",9290000
Indiranagar,2705,4,4.0,0.0,Semi-Furnished,"High-Speed Elevators, Jogging Track, Power Backup",35620000
Hebbal,1653,3,2.0,10.0,Semi-Furnished,"Children's Play Area, Intercom, Power Backup, Swimming Pool",13490000
Electronic City,948,2,2.0,0.0,Semi-Furnished,"Covered Parking, Gym, Intercom, Landscaped Garden, Power Backup, Swimming Pool",4680000
Marathahalli,1529,3,3.0,5.0,Semi-Furnished,"Children's Play Area, Covered Parking, Gym, High-Speed Elevators, Intercom, Power Backup",9680000
Banashankari,1469,3,3.0,8.0,Semi-Furnished,"Children's Play Area, Clubhouse, High-Speed Elevators, Swimming Pool, Tennis Court",12110000
Marathahalli,1498,3,2.0,5.0,Furnished,"24/7 Security, High-Speed Elevators, Power Backup, Swimming Pool",11510000
Koramangala,1241,2,2.0,15.0,Semi-Furnished,"Power Backup, Tennis Court",12970000
Yelahanka,1111,2,2.0,1.0,Furnished,"Gym, High-Speed Elevators, Intercom, Jogging Track, Landscaped Garden",6290000
Electronic City,652,1,1.0,8.0,Semi-Furnished,"24/7 Security, Landscaped Garden, Power Backup",2920000
Whitefield,1152,2,2.0,0.0,Semi-Furnished,"Children's Play Area, Covered Parking, High-Speed Elevators, Jogging Track",6370000
Marathahalli,1494,3,2.0,0.0,Furnished,"24/7 Security, High-Speed Elevators, Landscaped Garden, Swimming Pool, Tennis Court",13550000
Koramangala,462,1,1.0,10.0,Furnished,"Clubhouse, Covered Parking, Jogging Track, Landscaped Garden, Power Backup, Tennis Court",5360000
Malleshwaram,1044,2,1.0,6.0,Semi-Furnished,"Clubhouse, Gym, Intercom, Jogging Track, Landscaped Garden, Power Backup, Swimming Pool",10720000
Bellandur,1129,2,2.0,1.0,Semi-Furnished,"24/7 Security, Clubhouse, Covered Parking, Gym, Intercom, Landscaped Garden",9040000
Yelahanka,1227,2,2.0,15.0,Semi-Furnished,"24/7 Security, Clubhouse, Swimming Pool, Tennis Court",5830000
Sarjapur Road,2306,4,4.0,17.0,Unfurnished,"Covered Parking, Intercom",13200000
Indiranagar,913,2,1.0,4.0,Furnished,"Covered Parking, Landscaped Garden",9310000
Hebbal,1267,2,1.0,21.0,Semi-Furnished,"Children's Play Area, Jogging Track, Landscaped Garden, Swimming Pool, Tennis Court",9880000
Bellandur,4296,5,4.0,7.0,Semi-Furnished,"24/7 Security, Jogging Track, Landscaped Garden",37720000
Malleshwaram,2706,4,4.0,1.0,Unfurnished,"Covered Parking, Gym, High-Speed Elevators, Landscaped Garden, Power Backup",31490000
Koramangala,1815,3,2.0,6.0,,"24/7 Security, Children's Play Area, Clubhouse, Intercom",19540000
Marathahalli,4095,5,5.0,8.0,Semi-Furnished,"Clubhouse, Intercom, Power Backup, Swimming Pool",30070000
Malleshwaram,1722,3,,8.0,Unfurnished,"Clubhouse, Intercom, Jogging Track, Landscaped Garden",18580000
Koramangala,2137,4,3.0,3.0,Semi-Furnished,"Children's Play Area, Clubhouse, Power Backup, Swimming Pool, Tennis Court",29590000
HSR Layout,1542,3,3.0,4.0,Unfurnished,"Children's Play Area, Clubhouse, Covered Parking, Intercom, Landscaped Garden",13730000
Electronic City,800,2,2.0,9.0,,"Children's Play Area, Clubhouse, Covered Parking, Gym, Jogging Track, Power Backup",4240000
Whitefield,1624,3,3.0,24.0,Semi-Furnished,"24/7 Security, Clubhouse, Swimming Pool",7990000
Banashankari,2389,4,4.0,2.0,Unfurnished,"Children's Play Area, Covered Parking, High-Speed Elevators",15730000
Thanisandra,2105,3,3.0,2.0,Furnished,"Covered Parking, Gym, Intercom, Power Backup, Tennis Court",13170000
Bellandur,1733,3,3.0,1.0,Furnished,"Children's Play Area, Clubhouse, High-Speed Elevators, Intercom, Power Backup, Swimming Pool, Tennis Court",16870000
Malleshwaram,1202,2,2.0,5.0,Semi-Furnished,"24/7 Security, Clubhouse, Landscaped Garden, Power Backup, Swimming Pool",11900000
Whitefield,1667,3,3.0,15.0,Semi-Furnished,"Covered Parking, Gym, Jogging Track, Tennis Court",9600000
Whitefield,1470,3,3.0,22.0,Unfurnished,"24/7 Security, Clubhouse, Gym, High-Speed Elevators, Landscaped Garden",6770000
Yelahanka,1949,3,3.0,0.0,Semi-Furnished,"24/7 Security, Clubhouse, Gym, High-Speed Elevators, Intercom, Jogging Track, Landscaped Garden",12890000
Jayanagar,1091,2,2.0,2.0,Furnished,"Children's Play Area, High-Speed Elevators, Intercom, Jogging Track, Landscaped Garden",12970000
HSR Layout,1492,3,2.0,16.0,Unfurnished,"High-Speed Elevators, Intercom, Jogging Track, Power Backup, Swimming Pool, Tennis Court",11170000
Koramangala,2085,3,2.0,4.0,Semi-Furnished,"24/7 Security, Intercom, Jogging Track, Swimming Pool",28120000
Koramangala,1084,2,2.0,6.0,Furnished,"Children's Play Area, Clubhouse, High-Speed Elevators, Intercom, Landscaped Garden",14330000
Electronic City,1196,2,1.0,,Unfurnished,"Children's Play Area, Clubhouse, Gym, High-Speed Elevators, Intercom, Jogging Track, Tennis Court",5480000
Yelahanka,713,1,1.0,6.0,Semi-Furnished,"24/7 Security, Clubhouse, Gym, High-Speed Elevators, Jogging Track, Tennis Court",4480000
Koramangala,1716,3,3.0,1.0,Semi-Furnished,"24/7 Security, Children's Play Area, Clubhouse, Gym, High-Speed Elevators, Intercom, Jogging Track, Swimming Pool, Tennis Court",22760000
Electronic City,1169,2,2.0,2.0,Semi-Furnished,"Covered Parking, Gym, Intercom, Landscaped Garden, Power Backup, Swimming Pool",6190000
Thanisandra,1165,2,1.0,17.0,Semi-Furnished,"Children's Play Area, Swimming Pool",6190000
Malleshwaram,1243,2,2.0,0.0,Unfurnished,"24/7 Security, Children's Play Area, Clubhouse, Gym, High-Speed Elevators, Jogging Track, Landscaped Garden, Power Backup",12340000
Marathahalli,951,2,2.0,6.0,Furnished,"24/7 Security, Children's Play Area, Clubhouse, Gym, High-Speed Elevators, Jogging Track, Power Backup, Tennis Court",6730000
Malleshwaram,1503,3,2.0,3.0,Furnished,"Intercom, Jogging Track, Landscaped Garden, Power Backup, Tennis Court",19040000
Marathahalli,1458,3,2.0,5.0,Unfurnished,"24/7 Security, Children's Play Area, Gym, Swimming Pool, Tennis Court",9200000
Sarjapur Road,1300,3,2.0,5.0,Semi-Furnished,"24/7 Security, Children's Play Area, Clubhouse, Landscaped Garden",10020000
Koramangala,1719,3,2.0,0.0,Unfurnished,"24/7 Security, Gym, Intercom, Power Backup",22170000
Jayanagar,1100,2,2.0,,Semi-Furnished,"Intercom, Landscaped Garden, Power Backup, Swimming Pool",11990000
HSR Layout,1261,2,2.0,7.0,Furnished,"Intercom, Jogging Track, Landscaped Garden",11100000
Thanisandra,864,2,2.0,4.0,Furnished,"24/7 Security, High-Speed Elevators, Intercom, Power Backup, Tennis Court",5100000
HSR Layout,966,2,2.0,,Unfurnished,"Gym, Intercom, Power Backup, Swimming Pool",7900000
Malleshwaram,1738,3,3.0,2.0,Furnished,"Children's Play Area, Gym, Intercom, Tennis Court",18930000
Whitefield,1300,3,2.0,1.0,Semi-Furnished,"Children's Play Area, High-Speed Elevators, Jogging Track",6910000
Whitefield,484,1,1.0,3.0,Semi-Furnished,"24/7 Security, Gym, Power Backup, Swimming Pool",2430000
Jayanagar,1172,2,2.0,1.0,Unfurnished,"Covered Parking, Gym, Landscaped Garden",12070000
Thanisandra,1609,3,2.0,4.0,Semi-Furnished,"Intercom, Jogging Track, Power Backup",9930000
Electronic City,884,2,2.0,26.0,Unfurnished,"24/7 Security, Children's Play Area, Gym, High-Speed Elevators, Intercom, Jogging Track, Power Backup",3280000
Thanisandra,2303,4,4.0,2.0,Furnished,"24/7 Security, Children's Play Area, Clubhouse, Landscaped Garden, Tennis Court",14750000
Jayanagar,1615,3,,1.0,Semi-Furnished,"24/7 Security, Clubhouse, Covered Parking, Intercom",18080000
Jayanagar,1778,3,3.0,2.0,Unfurnished,"24/7 Security, Children's Play Area, Landscaped Garden, Power Backup, Swimming Pool, Tennis Court",20870000
Indiranagar,1749,3,2.0,5.0,Furnished,"Intercom, Power Backup",21690000
Thanisandra,1361,3,3.0,13.0,Semi-Furnished,"24/7 Security, High-Speed Elevators, Jogging Track, Power Backup, Swimming Pool",7240000
Yelahanka,1019,2,1.0,0.0,Semi-Furnished,"24/7 Security, Children's Play Area, Covered Parking, Gym, High-Speed Elevators, Jogging Track",4830000
Sarjapur Road,1181,2,2.0,12.0,Semi-Furnished,"24/7 Security, Covered Parking, Intercom, Swimming Pool",7180000
Sarjapur Road,1546,3,3.0,1.0,Semi-Furnished,"Covered Parking, Intercom, Landscaped Garden, Power Backup, Swimming Pool",10680000
Sarjapur Road,833,2,1.0,2.0,Semi-Furnished,"Children's Play Area, High-Speed Elevators, Jogging Track",4630000
Yelahanka,728,1,1.0,12.0,Semi-Furnished,"Covered Parking, Jogging Track, Landscaped Garden, Swimming Pool, Tennis Court",3590000
Malleshwaram,1754,3,2.0,18.0,Semi-Furnished,"Children's Play Area, Clubhouse, Landscaped Garden, Swimming Pool",17130000
Bellandur,595,1,1.0,1.0,Furnished,"24/7 Security, Clubhouse, High-Speed Elevators, Intercom, Jogging Track, Landscaped Garden, Power Backup",4650000
Marathahalli,1592,3,3.0,3.0,Semi-Furnished,"24/7 Security, Landscaped Garden",9240000
Sarjapur Road,1029,2,1.0,3.0,Unfurnished,"24/7 Security, Children's Play Area, Clubhouse, High-Speed Elevators, Jogging Track, Landscaped Garden, Power Backup",6860000
Whitefield,694,1,1.0,10.0,Unfurnished,"Children's Play Area, High-Speed Elevators, Jogging Track, Landscaped Garden, Power Backup",2980000
Jayanagar,1016,2,2.0,10.0,Semi-Furnished,"Children's Play Area, Jogging Track, Swimming Pool",10220000
Marathahalli,585,1,1.0,6.0,Semi-Furnished,"24/7 Security, Gym, High-Speed Elevators, Intercom, Landscaped Garden, Power Backup",3770000
Electronic City,1140,2,2.0,7.0,Semi-Furnished,"Children's Play Area, Covered Parking, Jogging Track, Power Backup",4240000
Sarjapur Road,1151,2,2.0,1.0,Furnished,"Children's Play Area, Covered Parking, Power Backup",9060000
Indiranagar,746,1,1.0,4.0,Furnished,"Children's Play Area, Clubhouse, Gym, High-Speed Elevators, Tennis Court",9560000
Rajajinagar,902,2,1.0,0.0,Semi-Furnished,"24/7 Security, Intercom, Landscaped Garden, Swimming Pool",10050000
Bellandur,1368,2,2.0,10.0,Semi-Furnished,"Children's Play Area, Clubhouse, High-Speed Elevators, Swimming Pool",10610000
Indiranagar,517,1,1.0,14.0,Furnished,"High-Speed Elevators, Jogging Track, Tennis Court",5160000
Malleshwaram,1689,3,3.0,1.0,Semi-Furnished,"Covered Parking, Gym, High-Speed Elevators, Intercom, Jogging Track, Landscaped Garden, Power Backup, Swimming Pool, Tennis Court",21690000
Marathahalli,991,2,2.0,6.0,Semi-Furnished,"Clubhouse, Gym, High-Speed Elevators, Jogging Track, Power Backup, Swimming Pool",5870000
Marathahalli,1579,3,3.0,1.0,Semi-Furnished,"Children's Play Area, Gym, Jogging Track, Power Backup",10420000
Sarjapur Road,1164,2,2.0,1.0,Furnished,"24/7 Security, Covered Parking, Gym, Power Backup, Swimming Pool",9680000
HSR Layout,1764,3,3.0,1.0,Furnished,"Clubhouse, High-Speed Elevators, Intercom, Jogging Track",16360000
HSR Layout,1711,3,2.0,6.0,Unfurnished,"24/7 Security, Children's Play Area, Landscaped Garden",13490000
Marathahalli,1102,2,2.0,6.0,Unfurnished,"Children's Play Area, Clubhouse, High-Speed Elevators, Intercom, Landscaped Garden, Power Backup",6870000
Rajajinagar,588,1,1.0,7.0,Semi-Furnished,"24/7 Security, Covered Parking, Gym, Intercom, Jogging Track, Power Backup, Swimming Pool",5480000
HSR Layout,1641,3,3.0,3.0,Semi-Furnished,"24/7 Security, Intercom, Swimming Pool, Tennis Court",15740000
Indiranagar,1312,2,2.0,5.0,Semi-Furnished,"Clubhouse, Covered Parking, Gym, Landscaped Garden, Power Backup",17610000
Whitefield,4824,5,5.0,7.0,Semi-Furnished,"Covered Parking, High-Speed Elevators, Intercom, Tennis Court",28790000
Bellandur,1749,3,2.0,7.0,Semi-Furnished,"Clubhouse, Intercom, Jogging Track, Landscaped Garden, Power Backup, Tennis Court",13110000
Electronic City,643,1,1.0,3.0,Furnished,"Children's Play Area, Intercom, Jogging Track",3120000
Whitefield,1107,2,2.0,3.0,Unfurnished,"Covered Parking, Gym, Tennis Court",5960000
Yelahanka,1035,2,2.0,4.0,Semi-Furnished,"Intercom, Jogging Track, Swimming Pool",5590000
Koramangala,2055,3,2.0,10.0,Furnished,"24/7 Security, High-Speed Elevators, Intercom, Swimming Pool, Tennis Court",24490000
Koramangala,1060,2,2.0,22.0,Semi-Furnished,"Power Backup, Swimming Pool",9540000
Rajajinagar,1106,2,2.0,4.0,Furnished,"Children's Play Area, Clubhouse, Gym, Intercom, Landscaped Garden, Power Backup, Swimming Pool, Tennis Court",11960000
Koramangala,2519,4,4.0,6.0,Unfurnished,"Covered Parking, Gym, High-Speed Elevators, Intercom, Jogging Track, Swimming Pool",35700000
Rajajinagar,1075,2,1.0,5.0,Furnished,"24/7 Security, Gym, High-Speed Elevators, Landscaped Garden, Power Backup, Swimming Pool",11360000
Whitefield,1062,2,2.0,2.0,Semi-Furnished,"24/7 Security, Clubhouse, Swimming Pool, Tennis Court",6000000
Banashankari,1805,3,,6.0,Semi-Furnished,"Children's Play Area, Gym, Swimming Pool",14260000
Whitefield,2059,3,3.0,7.0,Unfurnished,"Gym, Power Backup, Tennis Court",12870000
HSR Layout,2714,4,4.0,4.0,Semi-Furnished,"Clubhouse, High-Speed Elevators, Swimming Pool",21780000
Yelahanka,1022,2,2.0,4.0,Unfurnished,"24/7 Security, Clubhouse, Covered Parking, Intercom, Jogging Track, Tennis Court",6140000
Jayanagar,1731,3,3.0,10.0,Furnished,"24/7 Security, Clubhouse, Gym, Intercom, Power Backup",21630000
Koramangala,2335,4,3.0,2.0,Unfurnished,"Intercom, Landscaped Garden",26210000
Koramangala,1589,3,3.0,15.0,Furnished,"Children's Play Area, Intercom, Swimming Pool",19650000
Indiranagar,1106,2,2.0,4.0,Semi-Furnished,"Clubhouse, Gym, High-Speed Elevators, Intercom, Jogging Track, Power Backup, Tennis Court",14040000
Electronic City,2267,4,3.0,2.0,Unfurnished,"Clubhouse, Covered Parking, Gym, Tennis Court",10700000
HSR Layout,2517,4,4.0,9.0,Unfurnished,"24/7 Security, Covered Parking, Landscaped Garden, Power Backup",24380000
Marathahalli,2361,4,4.0,2.0,Unfurnished,"Covered Parking, Intercom, Jogging Track, Swimming Pool",16260000
Whitefield,701,1,1.0,5.0,Semi-Furnished,"Clubhouse, High-Speed Elevators, Landscaped Garden, Power Backup",3820000
HSR Layout,852,2,1.0,6.0,Semi-Furnished,"Clubhouse, Gym, Jogging Track, Swimming Pool, Tennis Court",7250000
Indiranagar,3807,5,4.0,2.0,Semi-Furnished,"Gym, Intercom, Landscaped Garden, Swimming Pool",55960000
Yelahanka,1373,3,2.0,0.0,Unfurnished,"24/7 Security, Intercom",7390000
Marathahalli,1027,2,1.0,4.0,Furnished,"Clubhouse, Covered Parking, Tennis Court",6220000
Whitefield,1908,3,3.0,15.0,Furnished,"24/7 Security, High-Speed Elevators, Intercom, Jogging Track, Power Backup, Swimming Pool",10580000
Thanisandra,3241,4,4.0,3.0,Semi-Furnished,"24/7 Security, Gym, Swimming Pool",20690000
Koramangala,1389,2,2.0,8.0,Furnished,"24/7 Security, Children's Play Area, Covered Parking, Gym, Jogging Track, Power Backup, Swimming Pool",16090000
Sarjapur Road,2729,4,3.0,0.0,Semi-Furnished,"24/7 Security, Covered Parking, Gym, High-Speed Elevators, Intercom, Landscaped Garden, Tennis Court",23700000
Whitefield,1459,3,2.0,9.0,Unfurnished,"24/7 Security, Gym, High-Speed Elevators, Swimming Pool",7160000
Jayanagar,1092,2,2.0,0.0,Unfurnished,"24/7 Security, Children's Play Area, Swimming Pool",13230000
Whitefield,1810,3,3.0,14.0,Semi-Furnished,"Children's Play Area, High-Speed Elevators, Intercom, Jogging Track, Swimming Pool",9140000
HSR Layout,675,1,1.0,0.0,Semi-Furnished,"24/7 Security, Children's Play Area, Clubhouse, High-Speed Elevators, Intercom, Jogging Track, Landscaped Garden, Tennis Court",5940000
Rajajinagar,1213,2,2.0,0.0,Unfurnished,"Children's Play Area, Clubhouse, Covered Parking, Gym, Landscaped Garden",12680000
Whitefield,1918,3,3.0,15.0,Unfurnished,"Intercom, Jogging Track, Landscaped Garden, Swimming Pool",10480000
Jayanagar,1147,2,2.0,27.0,Unfurnished,"Gym, High-Speed Elevators, Jogging Track, Landscaped Garden, Tennis Court",10000000
Electronic City,1302,2,2.0,4.0,Unfurnished,"Covered Parking, High-Speed Elevators, Jogging Track, Power Backup, Tennis Court",6630000
Indiranagar,1075,2,2.0,0.0,Semi-Furnished,"Clubhouse, Intercom",13160000
Whitefield,1307,2,2.0,7.0,Semi-Furnished,"24/7 Security, Covered Parking, Gym, Intercom, Landscaped Garden",6860000
Bellandur,1300,3,2.0,2.0,Furnished,"Covered Parking, Swimming Pool",10380000
Electronic City,2050,3,3.0,1.0,Semi-Furnished,"Clubhouse, Gym, High-Speed Elevators, Power Backup, Swimming Pool",10150000
Whitefield,1718,3,2.0,8.0,Semi-Furnished,"Children's Play Area, Clubhouse, Covered Parking",9750000
Bellandur,1672,3,2.0,7.0,Semi-Furnished,"Clubhouse, Power Backup",11770000
Electronic City,1348,2,2.0,14.0,Semi-Furnished,"24/7 Security, Covered Parking, Gym, Jogging Track, Landscaped Garden, Power Backup",5600000
Yelahanka,1230,2,2.0,3.0,Semi-Furnished,"Intercom, Jogging Track, Power Backup, Swimming Pool",7910000
Sarjapur Road,881,2,2.0,3.0,Unfurnished,"24/7 Security, Children's Play Area, Covered Parking, High-Speed Elevators, Swimming Pool, Tennis Court",5440000
Indiranagar,3718,5,5.0,5.0,Semi-Furnished,"Clubhouse, Gym, Landscaped Garden, Swimming Pool",51400000
Whitefield,450,1,1.0,0.0,Semi-Furnished,"Clubhouse, Covered Parking",2620000
Whitefield,1470,3,3.0,22.0,Unfurnished,"24/7 Security, Clubhouse, Gym, High-Speed Elevators, Landscaped Garden",6770000
Hebbal,1341,2,2.0,0.0,Furnished,"Clubhouse, Covered Parking, Gym, Intercom",13030000
Marathahalli,1083,2,2.0,0.0,Unfurnished,"24/7 Security, Intercom, Jogging Track, Power Backup",7710000
Electronic City,1288,2,1.0,1.0,Furnished,"Clubhouse, Intercom, Jogging Track, Swimming Pool",6790000
HSR Layout,886,2,1.0,8.0,Unfurnished,"Children's Play Area, Covered Parking, Gym, High-Speed Elevators, Jogging Track, Landscaped Garden, Tennis Court",6940000
Indiranagar,1554,3,3.0,15.0,Furnished,"Children's Play Area, Clubhouse, Covered Parking, High-Speed Elevators, Landscaped Garden, Power Backup",20210000
Bellandur,1095,2,2.0,0.0,Semi-Furnished,"24/7 Security, Children's Play Area, Clubhouse, Gym, Intercom, Jogging Track, Swimming Pool",10200000
Thanisandra,961,2,1.0,3.0,Semi-Furnished,"24/7 Security, Children's Play Area, Jogging Track",5000000
Hebbal,977,2,2.0,2.0,,"24/7 Security, Landscaped Garden, Tennis Court",7730000
Yelahanka,905,2,2.0,0.0,Semi-Furnished,"Clubhouse, Covered Parking, Landscaped Garden, Swimming Pool, Tennis Court",5690000
Bellandur,1220,2,2.0,3.0,Unfurnished,"Children's Play Area, Gym, Landscaped Garden, Swimming Pool, Tennis Court",9200000
Electronic City,2031,3,2.0,0.0,Furnished,"Landscaped Garden, Power Backup, Swimming Pool",10840000
Sarjapur Road,1668,3,3.0,2.0,Semi-Furnished,"24/7 Security, Clubhouse, Covered Parking, High-Speed Elevators, Intercom, Swimming Pool",11390000
Koramangala,1128,2,2.0,11.0,Semi-Furnished,"24/7 Security, Children's Play Area, Clubhouse, Covered Parking, High-Speed Elevators, Landscaped Garden, Power Backup",13360000
Bellandur,2461,4,3.0,3.0,,"Children's Play Area, Clubhouse, Covered Parking, Gym, Jogging Track, Tennis Court",24900000
Electronic City,851,2,1.0,18.0,Unfurnished,"Clubhouse, Intercom",3550000
Whitefield,1047,2,2.0,4.0,Unfurnished,"Clubhouse, Jogging Track, Swimming Pool",5930000
Whitefield,1289,2,2.0,5.0,Furnished,"Clubhouse, Gym, Jogging Track, Landscaped Garden, Tennis Court",7170000
Whitefield,2313,3,2.0,0.0,Furnished,"24/7 Security, Children's Play Area, Clubhouse, Covered Parking, High-Speed Elevators, Intercom, Landscaped Garden, Swimming Pool",15550000
Yelahanka,2337,4,3.0,4.0,Unfurnished,"Clubhouse, Covered Parking, Swimming Pool",12870000
Jayanagar,999,2,2.0,5.0,Furnished,"24/7 Security, Children's Play Area, Gym, High-Speed Elevators, Power Backup, Swimming Pool, Tennis Court",11180000
Jayanagar,1583,3,2.0,0.0,Unfurnished,"Gym, High-Speed Elevators, Landscaped Garden, Tennis Court",22810000
Rajajinagar,1554,3,,7.0,Semi-Furnished,"24/7 Security, Children's Play Area, Clubhouse, Covered Parking, Power Backup, Swimming Pool",14730000
Thanisandra,3867,5,5.0,4.0,Semi-Furnished,"24/7 Security, Clubhouse, Covered Parking, Jogging Track, Landscaped Garden, Tennis Court",26270000
Whitefield,1872,3,3.0,12.0,Furnished,"Intercom, Power Backup",11220000
Thanisandra,1526,3,2.0,3.0,Semi-Furnished,"Children's Play Area, Clubhouse, Gym, High-Speed Elevators, Tennis Court",10040000
Sarjapur Road,1218,2,2.0,13.0,Furnished,"Clubhouse, Covered Parking, Swimming Pool, Tennis Court",7240000
Sarjapur Road,1438,3,2.0,3.0,Semi-Furnished,"24/7 Security, High-Speed Elevators, Jogging Track",10600000
Sarjapur Road,1201,2,1.0,17.0,Semi-Furnished,"24/7 Security, Covered Parking, Gym, Swimming Pool, Tennis Court",7130000
Bellandur,1105,2,2.0,13.0,,"24/7 Security, High-Speed Elevators, Intercom, Tennis Court",8830000
Bellandur,1200,2,2.0,13.0,Semi-Furnished,"Children's Play Area, Covered Parking, High-Speed Elevators, Intercom, Power Backup, Tennis Court",8040000
Whitefield,694,1,1.0,10.0,Unfurnished,"Children's Play Area, High-Speed Elevators, Jogging Track, Landscaped Garden, Power Backup",2980000
Sarjapur Road,558,1,1.0,6.0,Semi-Furnished,"Covered Parking, Intercom, Swimming Pool",3420000
Indiranagar,1670,3,2.0,13.0,Semi-Furnished,"24/7 Security, Children's Play Area, Covered Parking, Landscaped Garden",19880000
Jayanagar,815,2,2.0,0.0,Semi-Furnished,"24/7 Security, Gym, Jogging Track",9150000
Bellandur,1443,3,3.0,1.0,Furnished,"24/7 Security, Power Backup, Tennis Court",11690000
Thanisandra,1306,3,2.0,0.0,Semi-Furnished,"Clubhouse, Gym, High-Speed Elevators, Jogging Track, Landscaped Garden, Power Backup, Swimming Pool",9450000
Hebbal,1101,2,2.0,0.0,Semi-Furnished,"24/7 Security, Children's Play Area, Gym, Jogging Track, Swimming Pool",9510000
Sarjapur Road,1273,2,2.0,15.0,Furnished,"Children's Play Area, Covered Parking, Jogging Track",8470000
Hebbal,3901,5,4.0,15.0,Unfurnished,"Children's Play Area, Gym, Intercom, Tennis Court",34580000
Sarjapur Road,2025,3,2.0,8.0,Semi-Furnished,"24/7 Security, Children's Play Area, Gym, Landscaped Garden, Power Backup, Swimming Pool, Tennis Court",14390000
Marathahalli,1300,3,2.0,0.0,Furnished,"High-Speed Elevators, Jogging Track, Landscaped Garden, Swimming Pool",7280000
Bellandur,1101,2,2.0,1.0,Semi-Furnished,"24/7 Security, Covered Parking, Tennis Court",9240000
Hebbal,2100,4,3.0,11.0,Semi-Furnished,"24/7 Security, Intercom, Jogging Track, Tennis Court",16970000
Rajajinagar,1581,3,2.0,0.0,Semi-Furnished,"Clubhouse, Covered Parking, High-Speed Elevators, Intercom, Landscaped Garden",18840000
Marathahalli,1026,2,2.0,13.0,Furnished,"Children's Play Area, Jogging Track",5750000
HSR Layout,2143,4,3.0,23.0,Furnished,"24/7 Security, Children's Play Area, Covered Parking, Gym, Landscaped Garden, Power Backup, Tennis Court",21190000
Rajajinagar,3966,5,5.0,2.0,Semi-Furnished,"High-Speed Elevators, Landscaped Garden",45890000
Malleshwaram,1194,2,2.0,2.0,Semi-Furnished,"Clubhouse, Covered Parking, Intercom, Jogging Track, Landscaped Garden, Swimming Pool",12320000
HSR Layout,648,1,1.0,6.0,Furnished,"24/7 Security, Children's Play Area, Covered Parking, Jogging Track, Power Backup, Tennis Court",6190000
Hebbal,935,2,2.0,2.0,Unfurnished,"Covered Parking, High-Speed Elevators, Intercom, Jogging Track",7330000
Thanisandra,2499,4,4.0,5.0,Semi-Furnished,"Children's Play Area, Intercom, Tennis Court",15670000
Koramangala,1475,3,2.0,17.0,Furnished,"Covered Parking, Gym, Intercom, Landscaped Garden",16600000
Malleshwaram,942,2,2.0,5.0,Semi-Furnished,"High-Speed Elevators, Jogging Track, Landscaped Garden, Tennis Court",10550000
Koramangala,1943,3,3.0,9.0,Unfurnished,"24/7 Security, Clubhouse, High-Speed Elevators, Jogging Track, Swimming Pool",22870000
HSR Layout,1453,3,3.0,25.0,Semi-Furnished,"24/7 Security, Jogging Track, Landscaped Garden, Tennis Court",12730000
Bellandur,1674,3,2.0,1.0,Semi-Furnished,"Clubhouse, High-Speed Elevators, Jogging Track, Swimming Pool",13390000
Rajajinagar,1210,2,2.0,7.0,Semi-Furnished,"Clubhouse, Jogging Track, Swimming Pool",11430000
Malleshwaram,572,1,1.0,13.0,Semi-Furnished,"24/7 Security, Clubhouse, Landscaped Garden, Swimming Pool",4700000
Malleshwaram,1736,3,3.0,1.0,,"Clubhouse, High-Speed Elevators, Landscaped Garden, Power Backup, Swimming Pool",19510000
Koramangala,1448,3,2.0,18.0,Unfurnished,"Children's Play Area, Gym, Jogging Track, Landscaped Garden, Tennis Court",12650000
Hebbal,2347,4,3.0,19.0,Semi-Furnished,"Jogging Track, Swimming Pool",19310000
Yelahanka,544,1,1.0,0.0,Semi-Furnished,"Children's Play Area, High-Speed Elevators, Intercom, Swimming Pool, Tennis Court",3010000
Bellandur,621,1,1.0,4.0,Furnished,"24/7 Security, Gym, Landscaped Garden, Power Backup, Tennis Court",4940000
Koramangala,983,2,1.0,3.0,Semi-Furnished,"Children's Play Area, Clubhouse, High-Speed Elevators, Intercom, Swimming Pool",11080000
Banashankari,1089,2,1.0,15.0,Semi-Furnished,"24/7 Security, Children's Play Area, Covered Parking, Intercom",6580000
HSR Layout,1759,3,3.0,11.0,Semi-Furnished,"Children's Play Area, Clubhouse, Intercom, Landscaped Garden, Tennis Court",13980000
Thanisandra,1170,2,2.0,8.0,Unfurnished,"Power Backup, Swimming Pool",6410000
Marathahalli,4471,5,4.0,9.0,Semi-Furnished,"24/7 Security, Clubhouse, Covered Parking, Gym, High-Speed Elevators, Intercom, Landscaped Garden, Power Backup",30460000
Marathahalli,1030,2,2.0,16.0,Semi-Furnished,"24/7 Security, Gym, Intercom, Landscaped Garden, Swimming Pool",5910000
Electronic City,618,1,1.0,2.0,Unfurnished,"Children's Play Area, Clubhouse",2930000
Whitefield,2706,4,3.0,4.0,Semi-Furnished,"Children's Play Area, Clubhouse, Covered Parking, Swimming Pool",15710000
HSR Layout,564,1,1.0,2.0,Semi-Furnished,"Gym, Intercom, Landscaped Garden, Swimming Pool, Tennis Court",4690000
Sarjapur Road,695,1,1.0,9.0,Furnished,"Jogging Track, Landscaped Garden, Power Backup, Swimming Pool",3920000
Koramangala,1695,3,2.0,14.0,Unfurnished,"24/7 Security, Children's Play Area, Clubhouse, Gym, High-Speed Elevators, Power Backup",18890000
Electronic City,1446,3,3.0,11.0,,"Covered Parking, Gym, Jogging Track",6400000
Banashankari,3985,5,4.0,5.0,Semi-Furnished,"24/7 Security, Children's Play Area, Jogging Track, Landscaped Garden, Swimming Pool",32430000
Koramangala,580,1,1.0,1.0,,"24/7 Security, Clubhouse",7590000
Banashankari,1759,3,3.0,5.0,Furnished,"Children's Play Area, High-Speed Elevators, Intercom, Power Backup, Tennis Court",14690000
Jayanagar,598,1,1.0,4.0,Semi-Furnished,"Covered Parking, Power Backup",6180000
Indiranagar,735,1,1.0,7.0,Unfurnished,"24/7 Security, Clubhouse, Covered Parking, High-Speed Elevators, Jogging Track, Power Backup",7630000
HSR Layout,1301,3,2.0,1.0,Semi-Furnished,"24/7 Security, Clubhouse, Intercom, Jogging Track, Power Backup, Swimming Pool",12060000
Marathahalli,1904,3,3.0,0.0,Furnished,"24/7 Security, Covered Parking, Gym, Intercom, Landscaped Garden",13480000
Sarjapur Road,1141,2,2.0,3.0,Semi-Furnished,"24/7 Security, Gym, Jogging Track, Power Backup, Swimming Pool, Tennis Court",6490000
Bellandur,628,1,1.0,1.0,Furnished,"Children's Play Area, Intercom, Landscaped Garden, Power Backup",5590000
Marathahalli,1231,2,2.0,8.0,Semi-Furnished,"Landscaped Garden, Tennis Court",7230000
Electronic City,1271,2,2.0,4.0,Unfurnished,"Intercom, Jogging Track, Power Backup, Swimming Pool",6250000
Koramangala,3852,5,5.0,8.0,Semi-Furnished,"Clubhouse, Intercom, Jogging Track, Landscaped Garden",58810000
Electronic City,959,2,2.0,21.0,Furnished,"Children's Play Area, Covered Parking, Jogging Track, Landscaped Garden",3330000
Electronic City,3353,4,4.0,6.0,Semi-Furnished,"Children's Play Area, Covered Parking, Gym, High-Speed Elevators, Jogging Track",15920000
Yelahanka,1359,3,3.0,13.0,Furnished,"Covered Parking, Landscaped Garden",9230000
HSR Layout,947,2,2.0,8.0,Unfurnished,"Children's Play Area, Covered Parking, Jogging Track, Power Backup, Tennis Court",7610000
Indiranagar,587,1,1.0,0.0,Furnished,"Clubhouse, Covered Parking, Gym, Swimming Pool",6580000
Jayanagar,926,2,2.0,0.0,Semi-Furnished,"Children's Play Area, Intercom, Landscaped Garden, Power Backup",11200000
Whitefield,1173,2,2.0,1.0,Semi-Furnished,"Children's Play Area, Intercom, Landscaped Garden, Power Backup, Tennis Court",8060000
Whitefield,982,2,2.0,1.0,Semi-Furnished,"24/7 Security, Clubhouse, High-Speed Elevators, Intercom, Power Backup, Swimming Pool",4850000
HSR Layout,906,2,2.0,10.0,Unfurnished,"24/7 Security, Children's Play Area, Gym",7020000
Marathahalli,1708,3,2.0,0.0,Unfurnished,"Children's Play Area, Clubhouse, High-Speed Elevators, Landscaped Garden, Power Backup",10680000
Sarjapur Road,1059,2,2.0,2.0,Furnished,"24/7 Security, Gym, High-Speed Elevators, Jogging Track, Swimming Pool",7730000
Jayanagar,1300,3,3.0,0.0,Semi-Furnished,"Clubhouse, Intercom, Swimming Pool",14360000
Whitefield,861,2,1.0,1.0,Semi-Furnished,"Covered Parking, High-Speed Elevators, Landscaped Garden, Swimming Pool",4650000
Whitefield,1527,3,2.0,2.0,Semi-Furnished,"24/7 Security, Clubhouse, High-Speed Elevators, Intercom, Landscaped Garden, Tennis Court",10120000
Bellandur,863,2,2.0,1.0,Semi-Furnished,"24/7 Security, Clubhouse, Gym, High-Speed Elevators, Intercom, Tennis Court",7660000
Bellandur,597,1,1.0,8.0,Furnished,"Covered Parking, Gym, High-Speed Elevators, Jogging Track, Landscaped Garden, Swimming Pool",4140000
Bellandur,2856,4,3.0,4.0,Furnished,"Children's Play Area, Gym, Power Backup",25030000
Thanisandra,1099,2,1.0,3.0,Semi-Furnished,"Clubhouse, Intercom, Swimming Pool, Tennis Court",5830000
Indiranagar,1069,2,2.0,1.0,Semi-Furnished,"Clubhouse, Covered Parking, Swimming Pool, Tennis Court",14650000
Koramangala,1683,3,2.0,27.0,Semi-Furnished,"24/7 Security, Clubhouse, Gym, Landscaped Garden",15700000
Jayanagar,1669,3,2.0,0.0,Unfurnished,"Clubhouse, Covered Parking, Tennis Court",18660000
Electronic City,1701,3,2.0,18.0,Semi-Furnished,"Clubhouse, Covered Parking, Landscaped Garden, Power Backup",7920000
Marathahalli,1793,3,2.0,7.0,Furnished,"24/7 Security, Covered Parking, Gym, Jogging Track, Landscaped Garden, Power Backup, Swimming Pool",12000000
Hebbal,917,2,2.0,1.0,Unfurnished,"Clubhouse, Swimming Pool",7570000
Koramangala,875,2,2.0,9.0,Furnished,"Covered Parking, High-Speed Elevators, Swimming Pool, Tennis Court",10210000
Electronic City,654,1,1.0,3.0,Semi-Furnished,"Children's Play Area, Clubhouse, Gym, Jogging Track",2960000
Whitefield,1640,3,2.0,2.0,Furnished,"24/7 Security, Clubhouse, Tennis Court",9330000
Bellandur,2127,3,2.0,0.0,Furnished,"Clubhouse, High-Speed Elevators, Landscaped Garden",17030000
Marathahalli,1400,3,2.0,2.0,Semi-Furnished,"24/7 Security, Gym, Jogging Track",10360000
Whitefield,1871,3,2.0,23.0,Semi-Furnished,"24/7 Security, Landscaped Garden, Swimming Pool",8570000
Whitefield,850,2,2.0,4.0,Furnished,"Children's Play Area, Clubhouse, Gym, High-Speed Elevators, Intercom, Swimming Pool, Tennis Court",5490000
Jayanagar,2047,3,3.0,0.0,Semi-Furnished,"24/7 Security, High-Speed Elevators, Swimming Pool, Tennis Court",24780000
Whitefield,1986,3,,5.0,Semi-Furnished,"Children's Play Area, Jogging Track, Power Backup",11710000
Sarjapur Road,650,1,1.0,2.0,Unfurnished,"Children's Play Area, Jogging Track, Landscaped Garden, Swimming Pool, Tennis Court",4210000
Banashankari,908,2,2.0,26.0,Semi-Furnished,"24/7 Security, Children's Play Area, Covered Parking, Intercom, Jogging Track, Landscaped Garden, Swimming Pool",5860000
Hebbal,1983,3,3.0,3.0,Unfurnished,"Gym, High-Speed Elevators, Intercom",15860000
Jayanagar,1466,3,3.0,21.0,Semi-Furnished,"Covered Parking, Gym, Jogging Track",15670000
Koramangala,1876,3,2.0,12.0,Semi-Furnished,"Gym, Landscaped Garden, Power Backup",23160000
Whitefield,1529,3,2.0,2.0,Semi-Furnished,"Clubhouse, Covered Parking, High-Speed Elevators, Intercom, Landscaped Garden",8790000
Bellandur,3100,5,5.0,1.0,Semi-Furnished,"Clubhouse, Jogging Track, Landscaped Garden, Power Backup",32490000
Electronic City,1617,3,2.0,17.0,Semi-Furnished,"Landscaped Garden, Power Backup",6820000
Electronic City,2384,4,4.0,11.0,Semi-Furnished,"Clubhouse, Intercom, Tennis Court",11360000
Indiranagar,3189,5,4.0,8.0,Furnished,"24/7 Security, Children's Play Area, Clubhouse, Gym, High-Speed Elevators, Power Backup, Swimming Pool",49510000
Malleshwaram,1117,2,2.0,0.0,Unfurnished,"24/7 Security, Clubhouse, High-Speed Elevators, Jogging Track",12700000
Koramangala,529,1,1.0,3.0,Unfurnished,"24/7 Security, Jogging Track, Power Backup, Swimming Pool, Tennis Court",5730000
Whitefield,1641,3,3.0,2.0,Semi-Furnished,"Intercom, Swimming Pool",9070000
Koramangala,1051,2,2.0,1.0,Semi-Furnished,"24/7 Security, High-Speed Elevators, Intercom, Jogging Track, Power Backup, Swimming Pool",14330000
Banashankari,1098,2,2.0,4.0,Semi-Furnished,"Clubhouse, Jogging Track, Landscaped Garden",7510000
Whitefield,694,1,1.0,0.0,Semi-Furnished,"24/7 Security, Clubhouse, Covered Parking, Gym, High-Speed Elevators, Power Backup, Tennis Court",4350000
Jayanagar,1601,3,2.0,1.0,Semi-Furnished,"Clubhouse, Covered Parking, Gym, Jogging Track",17610000
Marathahalli,1006,2,2.0,0.0,Furnished,"24/7 Security, Covered Parking, Gym, Intercom, Landscaped Garden, Swimming Pool",6750000
Bellandur,955,2,2.0,7.0,Unfurnished,"24/7 Security, Children's Play Area, Gym, Intercom, Landscaped Garden, Swimming Pool",6850000
Marathahalli,639,1,1.0,16.0,Semi-Furnished,"Children's Play Area, Covered Parking, Jogging Track, Landscaped Garden",3530000
Whitefield,922,2,2.0,18.0,Semi-Furnished,"Children's Play Area, High-Speed Elevators, Landscaped Garden, Power Backup, Tennis Court",4740000
Whitefield,811,2,1.0,5.0,Semi-Furnished,"Covered Parking, Jogging Track",3730000
Thanisandra,2543,4,4.0,3.0,Furnished,"24/7 Security, Clubhouse, Covered Parking, Gym, Intercom, Swimming Pool, Tennis Court",20220000
Jayanagar,1313,2,2.0,1.0,Semi-Furnished,"24/7 Security, Children's Play Area, Clubhouse, Intercom, Jogging Track, Tennis Court",15860000
Marathahalli,1070,2,2.0,10.0,Unfurnished,"Clubhouse, Gym, High-Speed Elevators, Intercom, Swimming Pool",6960000
Whitefield,1148,2,2.0,,Unfurnished,"24/7 Security, Children's Play Area, Clubhouse, Covered Parking, Gym, Jogging Track, Power Backup, Swimming Pool",6320000
Rajajinagar,1433,3,3.0,2.0,Furnished,"Covered Parking, Gym, Intercom, Swimming Pool, Tennis Court",14950000
HSR Layout,1204,2,1.0,11.0,Unfurnished,"Clubhouse, Covered Parking, Gym, Swimming Pool",10530000
HSR Layout,1782,3,3.0,0.0,Semi-Furnished,"Power Backup, Tennis Court",19060000
Banashankari,927,2,2.0,17.0,Semi-Furnished,"Clubhouse, Gym, High-Speed Elevators, Jogging Track, Power Backup, Swimming Pool",6250000
Indiranagar,1926,3,3.0,7.0,Furnished,"24/7 Security, Children's Play Area, Gym, Landscaped Garden, Power Backup, Swimming Pool",29940000
Malleshwaram,1679,3,3.0,0.0,Semi-Furnished,"Children's Play Area, Tennis Court",18080000
Indiranagar,1380,3,3.0,7.0,Semi-Furnished,"Children's Play Area, Clubhouse, Intercom, Jogging Track",18060000
Jayanagar,1749,3,2.0,7.0,Semi-Furnished,"Covered Parking, Gym, Jogging Track, Landscaped Garden, Swimming Pool",23490000
Sarjapur Road,1300,3,3.0,6.0,Semi-Furnished,"Clubhouse, Gym, High-Speed Elevators, Landscaped Garden, Swimming Pool, Tennis Court",9610000
Bellandur,1472,3,3.0,3.0,Semi-Furnished,"Covered Parking, Landscaped Garden",11890000
Indiranagar,1128,2,2.0,17.0,Semi-Furnished,"24/7 Security, Children's Play Area, Clubhouse, Covered Parking, Gym, Landscaped Garden, Power Backup, Tennis Court",11910000
Whitefield,2100,4,3.0,17.0,Semi-Furnished,"Children's Play Area, Covered Parking, High-Speed Elevators, Intercom",12400000
Sarjapur Road,2470,4,3.0,10.0,Semi-Furnished,"Landscaped Garden, Swimming Pool",18230000
Rajajinagar,1054,2,2.0,2.0,,"24/7 Security, Intercom, Jogging Track, Power Backup",9870000
Indiranagar,965,2,2.0,14.0,Semi-Furnished,"24/7 Security, Children's Play Area, Clubhouse, Power Backup",9580000
Bellandur,2326,4,4.0,14.0,Unfurnished,"Clubhouse, Covered Parking, High-Speed Elevators, Landscaped Garden, Tennis Court",19760000
Whitefield,949,2,1.0,10.0,Furnished,"Clubhouse, Jogging Track, Landscaped Garden, Tennis Court",4860000
Banashankari,844,2,2.0,6.0,Semi-Furnished,"Gym, Landscaped Garden, Power Backup, Swimming Pool",5600000
Sarjapur Road,3308,4,3.0,2.0,Semi-Furnished,"Children's Play Area, Clubhouse, Tennis Court",26380000
Thanisandra,1157,2,1.0,1.0,Semi-Furnished,"24/7 Security, Children's Play Area, Gym, Intercom, Jogging Track, Landscaped Garden, Swimming Pool, Tennis Court",8150000
Rajajinagar,1069,2,2.0,0.0,Semi-Furnished,"24/7 Security, Children's Play Area, Intercom, Jogging Track",10620000
Whitefield,3489,4,4.0,5.0,Furnished,"Intercom, Swimming Pool",22850000
Whitefield,1300,3,3.0,0.0,Semi-Furnished,"24/7 Security, Intercom, Swimming Pool",7010000
HSR Layout,1300,3,3.0,5.0,Semi-Furnished,"24/7 Security, Clubhouse, Intercom, Landscaped Garden",10170000
Thanisandra,708,1,1.0,2.0,Unfurnished,"Covered Parking, Intercom",3660000
HSR Layout,1184,2,1.0,1.0,Unfurnished,"Clubhouse, Covered Parking, Power Backup, Swimming Pool, Tennis Court",9250000
Bellandur,1133,2,2.0,14.0,Semi-Furnished,"Covered Parking, Gym, Landscaped Garden, Power Backup, Swimming Pool",8120000
Hebbal,1417,3,2.0,11.0,Furnished,"Children's Play Area, Covered Parking, Gym, Intercom, Jogging Track",11210000
Thanisandra,1633,3,2.0,3.0,Semi-Furnished,"Jogging Track, Swimming Pool, Tennis Court",11760000
Bellandur,2121,4,4.0,2.0,Furnished,"24/7 Security, Children's Play Area, Covered Parking, High-Speed Elevators, Intercom, Jogging Track, Tennis Court",18530000
HSR Layout,1163,2,2.0,3.0,Furnished,"24/7 Security, Clubhouse, Intercom, Jogging Track, Tennis Court",10080000
Indiranagar,1830,3,3.0,1.0,Unfurnished,"Children's Play Area, Covered Parking, High-Speed Elevators, Jogging Track, Tennis Court",26070000
HSR Layout,1723,3,3.0,9.0,Semi-Furnished,"Children's Play Area, Clubhouse, Covered Parking, Gym, Jogging Track",15750000
Bellandur,2423,4,3.0,4.0,Semi-Furnished,"24/7 Security, Clubhouse, Covered Parking, Gym, High-Speed Elevators, Intercom, Power Backup",20270000
Bellandur,1553,3,3.0,7.0,Furnished,"24/7 Security, Clubhouse, High-Speed Elevators",10180000
Thanisandra,1537,3,3.0,2.0,Semi-Furnished,"Clubhouse, Landscaped Garden, Swimming Pool",9240000
Bellandur,4114,5,5.0,5.0,Semi-Furnished,"Gym, Intercom, Jogging Track, Landscaped Garden, Power Backup, Swimming Pool, Tennis Court",36830000
Koramangala,830,2,2.0,19.0,Furnished,"Children's Play Area, Clubhouse, Intercom, Landscaped Garden, Power Backup",10880000
Koramangala,1401,3,3.0,0.0,Unfurnished,"24/7 Security, Landscaped Garden, Swimming Pool",17480000
HSR Layout,2727,4,3.0,0.0,Furnished,"Covered Parking, Gym, Intercom, Jogging Track, Landscaped Garden, Power Backup, Swimming Pool",23750000
Hebbal,1547,3,3.0,18.0,Furnished,"Children's Play Area, Clubhouse, Covered Parking, Gym, Intercom, Jogging Track, Landscaped Garden, Swimming Pool",13930000
Bellandur,1172,2,2.0,4.0,Semi-Furnished,"High-Speed Elevators, Intercom",8550000
Jayanagar,1901,3,2.0,15.0,Unfurnished,"24/7 Security, Covered Parking, High-Speed Elevators, Intercom, Power Backup",19170000
Marathahalli,1329,2,2.0,8.0,Semi-Furnished,"24/7 Security, Children's Play Area, Clubhouse, Covered Parking, Gym, Intercom, Landscaped Garden, Tennis Court",9650000
Hebbal,807,2,1.0,0.0,Semi-Furnished,"Children's Play Area, Clubhouse, High-Speed Elevators, Landscaped Garden, Power Backup, Swimming Pool",6540000
Electronic City,4003,5,4.0,3.0,Semi-Furnished,"Children's Play Area, Clubhouse, Covered Parking, High-Speed Elevators, Landscaped Garden, Swimming Pool, Tennis Court",21100000
Yelahanka,1487,3,3.0,6.0,Semi-Furnished,"Covered Parking, Gym, Jogging Track, Tennis Court",7450000
Banashankari,1651,3,3.0,4.0,Furnished,"Clubhouse, Intercom, Power Backup, Tennis Court",10990000
Electronic City,2618,4,3.0,1.0,Unfurnished,"Covered Parking, High-Speed Elevators, Jogging Track",14140000
Whitefield,1989,3,3.0,4.0,Furnished,"Intercom, Landscaped Garden, Power Backup, Swimming Pool, Tennis Court",11360000
Bellandur,1723,3,3.0,14.0,Semi-Furnished,"Covered Parking, Intercom, Jogging Track",10490000
Whitefield,1368,2,2.0,9.0,Semi-Furnished,"Clubhouse, Covered Parking, High-Speed Elevators, Landscaped Garden, Power Backup",8850000
Indiranagar,1525,3,3.0,2.0,Semi-Furnished,"Gym, High-Speed Elevators, Swimming Pool, Tennis Court",21840000
Thanisandra,1601,3,3.0,9.0,Semi-Furnished,"Clubhouse, Covered Parking, High-Speed Elevators, Jogging Track, Landscaped Garden, Power Backup",8920000
Rajajinagar,1026,2,2.0,10.0,Furnished,"24/7 Security, Clubhouse, Covered Parking, Gym, Jogging Track, Power Backup, Tennis Court",10800000
Whitefield,1670,3,2.0,3.0,Semi-Furnished,"Children's Play Area, Power Backup, Tennis Court",9370000
Bellandur,1545,3,2.0,2.0,Unfurnished,"24/7 Security, Children's Play Area, Gym, High-Speed Elevators, Power Backup, Swimming Pool",11640000
Koramangala,1246,2,2.0,9.0,Semi-Furnished,"Clubhouse, High-Speed Elevators, Jogging Track, Landscaped Garden",13050000
Bellandur,1262,2,2.0,12.0,Unfurnished,"Clubhouse, Covered Parking, High-Speed Elevators, Power Backup, Tennis Court",9710000
Rajajinagar,1212,2,2.0,2.0,Unfurnished,"Clubhouse, Covered Parking, Intercom",12450000
Bellandur,1699,3,3.0,3.0,Unfurnished,"High-Speed Elevators, Jogging Track, Landscaped Garden, Power Backup",13340000
Malleshwaram,903,2,2.0,4.0,Furnished,"Children's Play Area, Clubhouse, Covered Parking, Gym, Intercom",9500000
Banashankari,1543,3,3.0,4.0,Furnished,"Children's Play Area, Swimming Pool",12420000
Thanisandra,1121,2,2.0,1.0,Semi-Furnished,"Children's Play Area, Covered Parking, Jogging Track, Swimming Pool, Tennis Court",7610000
Hebbal,1792,3,3.0,11.0,Unfurnished,"24/7 Security, Clubhouse, Covered Parking, Gym, High-Speed Elevators, Tennis Court",15300000
Koramangala,1300,2,2.0,1.0,,"Covered Parking, High-Speed Elevators, Intercom, Jogging Track, Tennis Court",17120000
Whitefield,1340,2,2.0,14.0,Furnished,"Children's Play Area, Covered Parking, Gym, High-Speed Elevators, Jogging Track, Power Backup, Swimming Pool",8600000
Sarjapur Road,599,1,1.0,18.0,Semi-Furnished,"24/7 Security, Clubhouse, High-Speed Elevators, Intercom, Power Backup",3420000
Koramangala,621,1,1.0,2.0,Semi-Furnished,"24/7 Security, Children's Play Area, Clubhouse, Intercom, Swimming Pool",7700000
HSR Layout,2779,4,,8.0,Semi-Furnished,"Covered Parking, Jogging Track, Landscaped Garden, Power Backup",27250000
Jayanagar,2167,4,4.0,20.0,Semi-Furnished,"Children's Play Area, Clubhouse, Gym, High-Speed Elevators, Power Backup",23250000
HSR Layout,1742,3,3.0,6.0,Semi-Furnished,"Clubhouse, High-Speed Elevators, Intercom, Landscaped Garden, Swimming Pool",14390000
Bellandur,705,1,1.0,16.0,Furnished,"Clubhouse, Intercom, Landscaped Garden, Tennis Court",4650000
HSR Layout,804,2,,10.0,Semi-Furnished,"24/7 Security, Gym, Power Backup",6320000
Indiranagar,2031,3,2.0,0.0,Semi-Furnished,"24/7 Security, Children's Play Area, Covered Parking, Gym, Intercom, Jogging Track, Power Backup, Swimming Pool",22310000
Thanisandra,1490,3,3.0,4.0,Semi-Furnished,"24/7 Security, Jogging Track, Landscaped Garden, Swimming Pool",10600000
Hebbal,1603,3,2.0,28.0,Furnished,"Children's Play Area, Covered Parking, High-Speed Elevators, Intercom, Landscaped Garden",12450000
Hebbal,2421,4,4.0,10.0,Semi-Furnished,"Children's Play Area, Clubhouse, Covered Parking, Gym, Tennis Court",22080000
Jayanagar,1033,2,2.0,14.0,Semi-Furnished,"Covered Parking, Swimming Pool, Tennis Court",10860000
Whitefield,1950,3,3.0,5.0,Unfurnished,"24/7 Security, Children's Play Area, Gym, High-Speed Elevators, Intercom, Jogging Track, Tennis Court",10520000
Hebbal,2579,4,4.0,2.0,Semi-Furnished,"Covered Parking, Gym",20340000
Malleshwaram,1074,2,2.0,5.0,Semi-Furnished,"Children's Play Area, Gym, Landscaped Garden",10590000
HSR Layout,1128,2,2.0,6.0,Semi-Furnished,"High-Speed Elevators, Jogging Track, Power Backup, Tennis Court",10040000
Jayanagar,938,2,2.0,5.0,Semi-Furnished,"Jogging Track, Swimming Pool",9240000
Rajajinagar,1430,3,3.0,0.0,Unfurnished,"Gym, Landscaped Garden, Power Backup, Tennis Court",13600000
Malleshwaram,1027,2,2.0,6.0,Unfurnished,"24/7 Security, Children's Play Area, Clubhouse, Gym, Landscaped Garden, Power Backup, Tennis Court",11070000
Indiranagar,1733,3,3.0,6.0,Semi-Furnished,"Children's Play Area, Clubhouse, Covered Parking, High-Speed Elevators, Power Backup, Swimming Pool",23610000
Whitefield,965,2,2.0,1.0,Semi-Furnished,"24/7 Security, Children's Play Area, Covered Parking, Gym, High-Speed Elevators, Landscaped Garden, Swimming Pool, Tennis Court",5280000
Hebbal,1528,3,3.0,15.0,Furnished,"24/7 Security, Clubhouse, Gym, High-Speed Elevators, Jogging Track, Power Backup",12490000
Whitefield,1300,3,3.0,6.0,Unfurnished,"Covered Parking, Gym, Jogging Track, Swimming Pool, Tennis Court",7190000
Whitefield,1958,3,2.0,28.0,Semi-Furnished,"Children's Play Area, Intercom, Jogging Track, Swimming Pool",11060000
Bellandur,478,1,1.0,0.0,Semi-Furnished,"24/7 Security, Clubhouse, Intercom, Jogging Track, Landscaped Garden",3890000
HSR Layout,846,1,1.0,4.0,Semi-Furnished,"Children's Play Area, Clubhouse, High-Speed Elevators, Jogging Track, Power Backup",7040000
Indiranagar,2770,4,4.0,14.0,Semi-Furnished,"Clubhouse, Gym, Jogging Track, Landscaped Garden, Power Backup, Tennis Court",34110000
Marathahalli,1386,2,2.0,0.0,Semi-Furnished,"High-Speed Elevators, Jogging Track, Landscaped Garden, Swimming Pool, Tennis Court",8820000
Indiranagar,1227,2,2.0,2.0,Semi-Furnished,"24/7 Security, Clubhouse, High-Speed Elevators, Jogging Track",16590000
Whitefield,1878,3,2.0,1.0,Furnished,"24/7 Security, Children's Play Area, Clubhouse, Gym, Intercom, Jogging Track, Tennis Court",13330000
Banashankari,2065,3,2.0,5.0,Unfurnished,"Gym, Intercom, Power Backup, Swimming Pool",13040000
Marathahalli,1036,2,1.0,1.0,Unfurnished,"24/7 Security, Covered Parking, High-Speed Elevators, Jogging Track, Tennis Court",6790000
Jayanagar,1694,3,,0.0,Unfurnished,"Children's Play Area, Covered Parking, Jogging Track, Power Backup",20630000
Indiranagar,1078,2,2.0,4.0,Semi-Furnished,"Children's Play Area, Gym, Jogging Track, Power Backup, Swimming Pool, Tennis Court",11460000
Indiranagar,594,1,1.0,2.0,Furnished,"High-Speed Elevators, Intercom, Tennis Court",8170000
Rajajinagar,614,1,1.0,1.0,Furnished,"Children's Play Area, Covered Parking",5880000
Sarjapur Road,1177,2,2.0,,Semi-Furnished,"High-Speed Elevators, Landscaped Garden, Swimming Pool, Tennis Court",6500000
Sarjapur Road,1080,2,1.0,2.0,Semi-Furnished,"Children's Play Area, Gym",7370000
HSR Layout,1228,2,1.0,10.0,Semi-Furnished,"Covered Parking, Jogging Track, Landscaped Garden, Power Backup",10870000
Sarjapur Road,2628,4,4.0,5.0,Semi-Furnished,"24/7 Security, Children's Play Area, Clubhouse, Gym, Intercom, Jogging Track, Power Backup, Swimming Pool, Tennis Court",20850000
Banashankari,575,1,1.0,5.0,Semi-Furnished,"24/7 Security, Clubhouse, Covered Parking, Gym, High-Speed Elevators, Power Backup, Swimming Pool",3930000
Sarjapur Road,959,2,2.0,5.0,Unfurnished,"Jogging Track, Power Backup, Swimming Pool",6750000
Electronic City,1011,2,2.0,3.0,Semi-Furnished,"24/7 Security, Gym, High-Speed Elevators, Swimming Pool",4900000
Yelahanka,1290,2,2.0,6.0,Unfurnished,"24/7 Security, Clubhouse, Covered Parking, Gym, Jogging Track, Landscaped Garden, Power Backup",6810000
Whitefield,1930,3,2.0,0.0,Semi-Furnished,"Children's Play Area, Clubhouse, Covered Parking, Intercom, Landscaped Garden, Power Backup, Tennis Court",12910000
Marathahalli,1071,2,2.0,6.0,Semi-Furnished,"Gym, Intercom, Jogging Track",6950000
Thanisandra,1457,3,3.0,11.0,Furnished,"Clubhouse, Gym, Power Backup",8600000
Whitefield,3223,5,5.0,5.0,Furnished,"24/7 Security, Children's Play Area, Clubhouse, Covered Parking, Gym, Jogging Track, Tennis Court",20850000
Koramangala,1300,2,1.0,0.0,Furnished,"24/7 Security, Intercom, Landscaped Garden, Power Backup, Swimming Pool",15080000
Electronic City,1229,2,1.0,4.0,Unfurnished,"24/7 Security, Covered Parking, Gym, Power Backup, Swimming Pool",5860000
Electronic City,1805,3,3.0,5.0,Unfurnished,"24/7 Security, Children's Play Area, High-Speed Elevators, Intercom",8250000
Whitefield,1465,3,3.0,2.0,Semi-Furnished,"Children's Play Area, Jogging Track, Power Backup, Swimming Pool",9510000
Electronic City,2363,4,4.0,3.0,Semi-Furnished,"24/7 Security, Intercom, Landscaped Garden, Power Backup",11320000
Malleshwaram,1031,2,2.0,1.0,Unfurnished,"Children's Play Area, Clubhouse, Gym, Intercom, Jogging Track",10620000
Whitefield,2079,3,3.0,1.0,Semi-Furnished,"24/7 Security, Gym, High-Speed Elevators, Jogging Track, Landscaped Garden",13960000
HSR Layout,990,2,2.0,6.0,Semi-Furnished,"Clubhouse, Jogging Track, Power Backup, Swimming Pool, Tennis Court",8150000
Malleshwaram,1167,2,2.0,28.0,Furnished,"24/7 Security, Covered Parking, Jogging Track, Landscaped Garden, Power Backup, Tennis Court",10410000
Indiranagar,1071,2,2.0,18.0,Semi-Furnished,"Clubhouse, High-Speed Elevators, Jogging Track, Tennis Court",10910000
Bellandur,2618,4,4.0,28.0,Semi-Furnished,"Jogging Track, Landscaped Garden, Swimming Pool, Tennis Court",18220000
Electronic City,1577,3,3.0,15.0,Unfurnished,"24/7 Security, Clubhouse, Gym, High-Speed Elevators, Intercom, Jogging Track, Landscaped Garden, Power Backup",6700000
Sarjapur Road,2346,4,3.0,7.0,Semi-Furnished,"24/7 Security, Clubhouse, Covered Parking, Gym, High-Speed Elevators, Intercom, Tennis Court",19230000
Bellandur,1766,3,2.0,3.0,Unfurnished,"24/7 Security, Clubhouse, Intercom, Jogging Track, Landscaped Garden, Power Backup",12340000
Marathahalli,1882,3,3.0,5.0,Furnished,"Children's Play Area, Clubhouse, Covered Parking, Intercom, Jogging Track, Landscaped Garden, Swimming Pool",12520000
Whitefield,1102,2,2.0,0.0,Semi-Furnished,"24/7 Security, Clubhouse, Gym, High-Speed Elevators, Landscaped Garden, Swimming Pool",6880000
Yelahanka,1615,3,2.0,0.0,Unfurnished,"Children's Play Area, High-Speed Elevators, Jogging Track, Swimming Pool",9980000
Whitefield,1001,2,2.0,8.0,Semi-Furnished,"High-Speed Elevators, Jogging Track",4760000
Malleshwaram,3596,4,4.0,0.0,Semi-Furnished,"24/7 Security, Clubhouse, High-Speed Elevators, Landscaped Garden, Power Backup, Swimming Pool",43850000
Bellandur,1244,2,2.0,6.0,Unfurnished,"Children's Play Area, Clubhouse, Gym, Intercom, Swimming Pool, Tennis Court",8670000
Whitefield,2840,4,4.0,0.0,Semi-Furnished,"24/7 Security, Swimming Pool",17760000
Rajajinagar,3783,5,5.0,3.0,Semi-Furnished,"Covered Parking, Intercom, Swimming Pool, Tennis Court",39590000
Bellandur,450,1,1.0,11.0,Furnished,"Clubhouse, High-Speed Elevators, Jogging Track, Swimming Pool",3280000
Hebbal,859,2,2.0,2.0,Unfurnished,"Gym, High-Speed Elevators",6440000
Koramangala,2100,4,4.0,3.0,Semi-Furnished,"Clubhouse, Jogging Track, Swimming Pool",26600000
HSR Layout,1613,3,3.0,4.0,Unfurnished,"Children's Play Area, Covered Parking, High-Speed Elevators, Jogging Track, Tennis Court",14990000
Jayanagar,613,1,1.0,0.0,Semi-Furnished,"Covered Parking, Power Backup, Swimming Pool",6630000
Whitefield,1088,2,2.0,4.0,Semi-Furnished,"High-Speed Elevators, Intercom, Jogging Track, Landscaped Garden, Power Backup, Swimming Pool",5850000
Hebbal,877,2,2.0,5.0,Furnished,"High-Speed Elevators, Jogging Track",7120000
Rajajinagar,4414,5,4.0,0.0,Furnished,"24/7 Security, Clubhouse, Covered Parking, Intercom, Tennis Court",53930000
Marathahalli,1170,2,2.0,9.0,Furnished,"Children's Play Area, Gym, Intercom, Jogging Track",7660000
Bellandur,1749,3,3.0,5.0,Semi-Furnished,"Children's Play Area, Covered Parking, Gym, High-Speed Elevators, Intercom, Jogging Track, Power Backup",14090000
Marathahalli,1585,3,3.0,3.0,Furnished,"Covered Parking, Jogging Track, Power Backup, Swimming Pool",11860000
Hebbal,995,2,2.0,3.0,Furnished,"Clubhouse, Gym, High-Speed Elevators, Power Backup",9590000
Electronic City,1316,3,3.0,2.0,Unfurnished,"24/7 Security, Power Backup",6190000
Hebbal,3171,4,4.0,9.0,Semi-Furnished,"24/7 Security, Children's Play Area, High-Speed Elevators, Jogging Track, Tennis Court",30420000
Indiranagar,467,1,1.0,4.0,Semi-Furnished,"24/7 Security, Swimming Pool",5070000
HSR Layout,1064,2,2.0,6.0,Semi-Furnished,"Clubhouse, Covered Parking, Gym, High-Speed Elevators, Landscaped Garden, Power Backup, Swimming Pool, Tennis Court",9850000
Indiranagar,1072,2,2.0,5.0,Furnished,"24/7 Security, Clubhouse, Gym, Intercom, Jogging Track, Landscaped Garden, Power Backup, Tennis Court",13260000
Electronic City,857,2,2.0,12.0,Furnished,"Children's Play Area, Covered Parking, Landscaped Garden",3260000
HSR Layout,1301,3,2.0,2.0,Semi-Furnished,"Children's Play Area, Clubhouse, Gym, Landscaped Garden, Swimming Pool",12290000
Whitefield,1214,2,2.0,2.0,Semi-Furnished,"24/7 Security, Children's Play Area, Gym, High-Speed Elevators, Landscaped Garden, Swimming Pool, Tennis Court",5940000
Indiranagar,1632,3,2.0,13.0,Furnished,"Clubhouse, Covered Parking",19920000
Koramangala,671,1,1.0,8.0,Semi-Furnished,"Clubhouse, Covered Parking, High-Speed Elevators, Intercom, Power Backup, Tennis Court",6080000
HSR Layout,1069,2,1.0,1.0,Furnished,"24/7 Security, Children's Play Area, Intercom, Landscaped Garden, Power Backup",11410000
Yelahanka,2924,4,4.0,2.0,Semi-Furnished,"24/7 Security, Children's Play Area, Jogging Track, Landscaped Garden",18950000
Whitefield,1375,3,2.0,0.0,Semi-Furnished,"Clubhouse, High-Speed Elevators, Intercom, Landscaped Garden, Swimming Pool",7940000
Whitefield,1204,2,2.0,1.0,Semi-Furnished,"24/7 Security, Clubhouse, Gym, High-Speed Elevators, Power Backup",7490000
Banashankari,1490,3,3.0,0.0,Furnished,"24/7 Security, Covered Parking, Landscaped Garden",11580000
Whitefield,3296,4,4.0,28.0,Semi-Furnished,"24/7 Security, Children's Play Area, Covered Parking, Intercom, Swimming Pool",16450000
Indiranagar,1568,3,2.0,,Semi-Furnished,"24/7 Security, Children's Play Area, Covered Parking, Intercom, Landscaped Garden, Power Backup",20050000
Hebbal,1217,2,2.0,4.0,Furnished,"Clubhouse, Covered Parking, Intercom, Swimming Pool",9890000
Electronic City,1258,2,2.0,6.0,Unfurnished,"24/7 Security, Covered Parking, High-Speed Elevators, Intercom",5680000
Whitefield,3918,5,5.0,8.0,Furnished,"Clubhouse, Gym, High-Speed Elevators, Intercom, Landscaped Garden, Power Backup, Swimming Pool, Tennis Court",25680000
Thanisandra,3573,5,4.0,3.0,Furnished,"24/7 Security, Clubhouse, Gym, High-Speed Elevators, Jogging Track, Power Backup, Tennis Court",23730000
HSR Layout,1766,3,3.0,0.0,Unfurnished,"Children's Play Area, Clubhouse, Intercom, Power Backup, Tennis Court",16330000
Whitefield,450,1,1.0,3.0,Semi-Furnished,"Covered Parking, Jogging Track, Landscaped Garden",2130000
Malleshwaram,1163,2,2.0,16.0,Furnished,"Clubhouse, Gym, Landscaped Garden, Tennis Court",9440000
HSR Layout,931,2,2.0,0.0,Semi-Furnished,"24/7 Security, Children's Play Area, Jogging Track",8500000
Whitefield,936,2,2.0,3.0,Unfurnished,"Children's Play Area, Gym, Intercom, Power Backup",5690000
Electronic City,2119,4,3.0,7.0,Semi-Furnished,"Children's Play Area, Gym, High-Speed Elevators, Power Backup, Swimming Pool, Tennis Court",11480000
HSR Layout,1391,3,3.0,1.0,Semi-Furnished,"Clubhouse, High-Speed Elevators, Landscaped Garden, Power Backup",15560000
Hebbal,1508,3,2.0,6.0,Furnished,"High-Speed Elevators, Intercom, Jogging Track, Power Backup",12060000
Electronic City,1806,3,2.0,2.0,Unfurnished,"Covered Parking, Intercom",8530000
Malleshwaram,2062,3,2.0,7.0,Semi-Furnished,"24/7 Security, Children's Play Area, Covered Parking, High-Speed Elevators, Intercom, Jogging Track",22840000
Sarjapur Road,1686,3,2.0,2.0,Furnished,"Children's Play Area, Clubhouse, Covered Parking, High-Speed Elevators",11440000
Sarjapur Road,2100,4,4.0,10.0,Furnished,"Clubhouse, Landscaped Garden, Swimming Pool",14300000
Marathahalli,2207,4,3.0,4.0,Semi-Furnished,"High-Speed Elevators, Intercom, Landscaped Garden, Tennis Court",16600000
Electronic City,1411,3,2.0,1.0,Semi-Furnished,"24/7 Security, Covered Parking, Gym, Jogging Track",7530000
Whitefield,1830,3,3.0,7.0,Semi-Furnished,"24/7 Security, Intercom, Power Backup, Tennis Court",10220000
Jayanagar,1484,3,3.0,5.0,Semi-Furnished,"24/7 Security, Children's Play Area, Clubhouse, Jogging Track, Swimming Pool",15950000
Electronic City,1272,2,2.0,12.0,Semi-Furnished,"Covered Parking, Intercom",6310000
Thanisandra,1284,2,2.0,4.0,Unfurnished,"24/7 Security, Gym, High-Speed Elevators, Power Backup",7210000
Electronic City,1787,3,3.0,2.0,Unfurnished,"High-Speed Elevators, Intercom",8040000
Indiranagar,1431,3,3.0,3.0,Unfurnished,"Gym, Tennis Court",16640000
Indiranagar,1611,3,3.0,12.0,Semi-Furnished,"Children's Play Area, Covered Parking, High-Speed Elevators, Intercom, Jogging Track, Landscaped Garden, Swimming Pool",18550000
Sarjapur Road,933,2,2.0,18.0,Unfurnished,"24/7 Security, High-Speed Elevators, Intercom, Jogging Track, Landscaped Garden",5040000
Koramangala,4709,5,4.0,2.0,Semi-Furnished,"24/7 Security, Children's Play Area, Gym, High-Speed Elevators, Landscaped Garden",72190000
Koramangala,1140,2,2.0,4.0,Furnished,"Children's Play Area, Clubhouse, Covered Parking, Gym, High-Speed Elevators, Intercom",16180000
Rajajinagar,1848,3,3.0,0.0,Furnished,"Clubhouse, Covered Parking, Gym, Power Backup",21980000
Rajajinagar,1902,3,2.0,11.0,Furnished,"Covered Parking, Intercom, Swimming Pool",17220000
Electronic City,934,2,2.0,0.0,Semi-Furnished,"24/7 Security, High-Speed Elevators, Jogging Track, Landscaped Garden, Tennis Court",5350000
Marathahalli,2867,4,4.0,23.0,Semi-Furnished,"24/7 Security, Clubhouse, Covered Parking, Gym, Intercom, Power Backup, Swimming Pool, Tennis Court",17860000
Koramangala,597,1,1.0,1.0,Semi-Furnished,"Children's Play Area, Covered Parking, Intercom, Jogging Track, Power Backup",6730000
Malleshwaram,993,2,2.0,19.0,Furnished,"24/7 Security, Children's Play Area, Landscaped Garden, Power Backup",10590000
Jayanagar,1206,2,2.0,18.0,Semi-Furnished,"Children's Play Area, Covered Parking, Jogging Track, Landscaped Garden, Swimming Pool",13400000
Sarjapur Road,1150,2,2.0,0.0,Semi-Furnished,"24/7 Security, Gym, High-Speed Elevators, Landscaped Garden",7910000
Koramangala,660,1,1.0,2.0,Semi-Furnished,"24/7 Security, Intercom, Jogging Track, Power Backup, Swimming Pool",7530000
HSR Layout,2768,4,3.0,1.0,Semi-Furnished,"Landscaped Garden, Swimming Pool",24340000
Thanisandra,1154,2,2.0,4.0,Semi-Furnished,"24/7 Security, Landscaped Garden, Power Backup",6340000
Hebbal,1018,2,2.0,4.0,Semi-Furnished,"24/7 Security, Children's Play Area, Covered Parking, Gym, Landscaped Garden, Tennis Court",8750000
Marathahalli,1155,2,2.0,,Unfurnished,"Clubhouse, Jogging Track, Landscaped Garden",6470000
Rajajinagar,1154,2,1.0,1.0,Furnished,"Children's Play Area, Clubhouse, Gym, Swimming Pool, Tennis Court",12900000
Indiranagar,2819,4,4.0,4.0,Furnished,"Clubhouse, Jogging Track, Power Backup",41770000
Whitefield,1783,3,2.0,,Semi-Furnished,"Children's Play Area, Gym, High-Speed Elevators, Jogging Track, Swimming Pool",11990000
Sarjapur Road,925,2,2.0,1.0,Semi-Furnished,"Gym, Swimming Pool",6740000
Yelahanka,1949,3,3.0,0.0,Semi-Furnished,"24/7 Security, Clubhouse, Gym, High-Speed Elevators, Intercom, Jogging Track, Landscaped Garden",12890000
Hebbal,2959,4,4.0,0.0,Semi-Furnished,"24/7 Security, Covered Parking, Gym, Intercom",29220000
Koramangala,800,2,1.0,7.0,Unfurnished,"Clubhouse, Covered Parking, High-Speed Elevators, Landscaped Garden",8130000
Indiranagar,2709,4,3.0,7.0,Unfurnished,"High-Speed Elevators, Intercom, Jogging Track, Power Backup, Swimming Pool, Tennis Court",34280000
Koramangala,1059,2,1.0,9.0,Semi-Furnished,"Children's Play Area, Clubhouse, Tennis Court",11910000
Electronic City,1023,2,2.0,28.0,Furnished,"Clubhouse, High-Speed Elevators, Intercom, Landscaped Garden",4350000
Koramangala,1011,2,2.0,7.0,Unfurnished,"Covered Parking, High-Speed Elevators, Jogging Track, Swimming Pool",11910000
Malleshwaram,1094,2,2.0,0.0,Semi-Furnished,"24/7 Security, Clubhouse, Jogging Track",11250000
Marathahalli,1115,2,2.0,6.0,Semi-Furnished,"Clubhouse, Covered Parking, Gym, High-Speed Elevators, Intercom",7410000
Electronic City,1037,2,2.0,7.0,,"24/7 Security, Covered Parking, Gym, Power Backup",4530000
Rajajinagar,1722,3,3.0,12.0,Furnished,"Gym, Intercom, Landscaped Garden, Power Backup",19320000
HSR Layout,920,2,2.0,6.0,Semi-Furnished,"24/7 Security, Covered Parking, High-Speed Elevators, Intercom, Jogging Track, Landscaped Garden, Power Backup, Swimming Pool",8840000
Whitefield,1569,3,3.0,8.0,Semi-Furnished,"Clubhouse, Gym, High-Speed Elevators, Jogging Track, Tennis Court",9250000
Electronic City,2987,4,4.0,6.0,Furnished,"Covered Parking, High-Speed Elevators, Jogging Track, Swimming Pool, Tennis Court",16480000
Yelahanka,2814,4,4.0,0.0,Semi-Furnished,"Children's Play Area, Clubhouse, High-Speed Elevators, Intercom, Landscaped Garden",18630000
HSR Layout,1842,3,2.0,14.0,Unfurnished,"24/7 Security, Children's Play Area, Landscaped Garden, Power Backup",16840000
Sarjapur Road,1598,3,2.0,0.0,Semi-Furnished,"24/7 Security, Children's Play Area, Clubhouse, Covered Parking, Gym, Power Backup",10920000
Sarjapur Road,1266,2,2.0,2.0,Semi-Furnished,"Children's Play Area, Swimming Pool, Tennis Court",7430000
Electronic City,1134,2,2.0,3.0,Furnished,"Power Backup, Tennis Court",5520000
Indiranagar,548,1,1.0,0.0,Semi-Furnished,"Gym, Swimming Pool, Tennis Court",6030000
Indiranagar,645,1,1.0,3.0,Furnished,"24/7 Security, High-Speed Elevators, Jogging Track, Tennis Court",7590000
Sarjapur Road,1638,3,3.0,2.0,Semi-Furnished,"24/7 Security, Children's Play Area, Covered Parking, Intercom, Jogging Track, Swimming Pool, Tennis Court",12170000
Marathahalli,953,2,2.0,3.0,,"Clubhouse, Covered Parking, Intercom, Landscaped Garden",6190000
Marathahalli,1257,2,2.0,0.0,Unfurnished,"24/7 Security, Covered Parking, Gym, Jogging Track",7630000
Thanisandra,2875,4,4.0,4.0,Semi-Furnished,"Children's Play Area, Gym, Jogging Track, Landscaped Garden, Tennis Court",18140000
Electronic City,994,2,2.0,1.0,Unfurnished,"Covered Parking, High-Speed Elevators, Intercom, Power Backup",5380000
Malleshwaram,895,2,2.0,13.0,Semi-Furnished,"Clubhouse, Covered Parking, Intercom, Tennis Court",7840000
HSR Layout,1545,3,3.0,,Semi-Furnished,"24/7 Security, High-Speed Elevators, Swimming Pool",14750000
Marathahalli,1128,2,2.0,0.0,Unfurnished,"Covered Parking, Landscaped Garden",7650000
Malleshwaram,1748,3,2.0,7.0,Semi-Furnished,"Children's Play Area, Clubhouse, Landscaped Garden, Swimming Pool, Tennis Court",19370000
Electronic City,1574,3,3.0,18.0,Semi-Furnished,"Jogging Track, Landscaped Garden, Tennis Court",6460000
Hebbal,699,1,1.0,0.0,Furnished,"24/7 Security, Children's Play Area, Covered Parking, Gym, High-Speed Elevators, Swimming Pool",6230000
Marathahalli,1153,2,2.0,0.0,Unfurnished,"24/7 Security, Swimming Pool",7420000
Whitefield,572,1,1.0,0.0,Unfurnished,"24/7 Security, Clubhouse, Covered Parking, Landscaped Garden, Power Backup, Swimming Pool",3250000
Sarjapur Road,1684,3,3.0,4.0,Furnished,"24/7 Security, Children's Play Area, Intercom, Jogging Track, Power Backup, Swimming Pool, Tennis Court",12770000
Koramangala,1402,3,3.0,5.0,Semi-Furnished,"High-Speed Elevators, Intercom",16710000
Banashankari,1517,3,2.0,3.0,Semi-Furnished,"24/7 Security, High-Speed Elevators, Jogging Track, Landscaped Garden, Swimming Pool",11680000
Jayanagar,980,2,2.0,7.0,Unfurnished,"Children's Play Area, Covered Parking, Intercom, Jogging Track, Landscaped Garden",11640000
Sarjapur Road,1308,2,2.0,1.0,Semi-Furnished,"24/7 Security, Gym, High-Speed Elevators",8710000
Whitefield,1366,3,3.0,0.0,Unfurnished,"24/7 Security, Gym, Jogging Track, Landscaped Garden",8170000
Koramangala,1898,3,3.0,5.0,Semi-Furnished,"24/7 Security, Landscaped Garden, Swimming Pool",25910000
HSR Layout,933,2,2.0,1.0,Furnished,"Children's Play Area, Clubhouse, Covered Parking, Gym, High-Speed Elevators, Intercom, Landscaped Garden, Swimming Pool",9810000
Banashankari,2393,4,4.0,4.0,Furnished,"24/7 Security, Clubhouse, Covered Parking, Gym, High-Speed Elevators, Intercom, Jogging Track, Power Backup, Swimming Pool",18220000
Indiranagar,1626,3,2.0,0.0,Unfurnished,"Children's Play Area, Clubhouse, Covered Parking, High-Speed Elevators, Intercom",17140000
Koramangala,1942,3,3.0,25.0,Semi-Furnished,"Children's Play Area, Clubhouse, High-Speed Elevators, Jogging Track, Power Backup, Swimming Pool, Tennis Court",20780000
Indiranagar,3331,4,4.0,1.0,Semi-Furnished,"24/7 Security, Children's Play Area, Clubhouse, Covered Parking, High-Speed Elevators",45970000
HSR Layout,835,2,2.0,0.0,Semi-Furnished,"24/7 Security, Covered Parking, Landscaped Garden, Power Backup",7580000
Electronic City,1117,2,2.0,1.0,Semi-Furnished,"24/7 Security, Covered Parking, Gym, Swimming Pool, Tennis Court",5460000
Thanisandra,1012,2,2.0,1.0,Semi-Furnished,"24/7 Security, Covered Parking, Intercom, Landscaped Garden",6290000
Electronic City,1864,3,2.0,0.0,Semi-Furnished,"24/7 Security, High-Speed Elevators, Jogging Track",10460000
Jayanagar,929,2,2.0,3.0,Semi-Furnished,"24/7 Security, Gym, Jogging Track",10030000
Banashankari,800,2,2.0,0.0,Furnished,"Jogging Track, Landscaped Garden, Swimming Pool",6030000
Whitefield,1139,2,2.0,5.0,Semi-Furnished,"Clubhouse, Covered Parking, High-Speed Elevators, Intercom, Landscaped Garden, Power Backup, Swimming Pool",7520000
HSR Layout,2831,4,4.0,14.0,Semi-Furnished,"24/7 Security, Children's Play Area, Jogging Track, Tennis Court",23280000
Electronic City,1021,2,2.0,1.0,Semi-Furnished,"24/7 Security, Power Backup",4480000
Rajajinagar,1450,3,3.0,1.0,Semi-Furnished,"24/7 Security, Covered Parking, Gym, Landscaped Garden, Tennis Court",15340000
Marathahalli,1135,2,2.0,5.0,Semi-Furnished,"Intercom, Swimming Pool, Tennis Court",7090000
Banashankari,1692,3,3.0,0.0,Furnished,"Children's Play Area, Covered Parking",12880000
Electronic City,1158,2,2.0,1.0,Semi-Furnished,"Gym, Intercom, Power Backup",5060000
Marathahalli,1693,3,2.0,0.0,Semi-Furnished,"Children's Play Area, Covered Parking, Swimming Pool, Tennis Court",11660000
Whitefield,1982,3,2.0,6.0,Semi-Furnished,"Clubhouse, Gym, Jogging Track, Swimming Pool",11290000
Marathahalli,963,2,2.0,1.0,Semi-Furnished,"Children's Play Area, Power Backup, Tennis Court",6220000
Hebbal,2005,3,2.0,1.0,Semi-Furnished,"Clubhouse, Intercom",17470000
Bellandur,1430,3,3.0,11.0,Furnished,"Covered Parking, Jogging Track, Power Backup",10590000
Hebbal,2606,4,3.0,3.0,Unfurnished,"Clubhouse, Covered Parking, Power Backup",23960000
Marathahalli,1604,3,2.0,10.0,Furnished,"24/7 Security, Children's Play Area, Jogging Track, Swimming Pool",11340000
Whitefield,1355,2,2.0,12.0,Semi-Furnished,"Gym, High-Speed Elevators, Jogging Track, Landscaped Garden, Tennis Court",6170000
HSR Layout,1680,3,2.0,2.0,Furnished,"24/7 Security, Children's Play Area, High-Speed Elevators, Intercom, Swimming Pool, Tennis Court",14960000
Koramangala,1134,2,2.0,0.0,Semi-Furnished,"Covered Parking, Intercom, Tennis Court",14020000
HSR Layout,1867,3,2.0,5.0,Semi-Furnished,"High-Speed Elevators, Landscaped Garden, Power Backup, Tennis Court",17600000
HSR Layout,1641,3,3.0,0.0,Unfurnished,"Gym, Landscaped Garden, Power Backup, Tennis Court",14040000
Indiranagar,1293,2,2.0,25.0,Furnished,"Gym, Jogging Track, Tennis Court",13070000
Sarjapur Road,1350,3,3.0,7.0,Semi-Furnished,"Children's Play Area, Clubhouse, Gym",8790000
Jayanagar,846,2,2.0,0.0,Semi-Furnished,"Children's Play Area, Clubhouse, Covered Parking, High-Speed Elevators, Intercom, Jogging Track, Swimming Pool, Tennis Court",8880000
Sarjapur Road,1096,2,2.0,,Unfurnished,"Clubhouse, Covered Parking, Tennis Court",7010000
Sarjapur Road,1748,3,3.0,0.0,Semi-Furnished,"Covered Parking, Jogging Track, Tennis Court",12930000
Electronic City,2065,3,2.0,10.0,Semi-Furnished,"24/7 Security, Children's Play Area, Clubhouse, Jogging Track, Tennis Court",9150000
Koramangala,983,2,1.0,3.0,Semi-Furnished,"Children's Play Area, Clubhouse, High-Speed Elevators, Intercom, Swimming Pool",11080000
Thanisandra,1113,2,2.0,6.0,Semi-Furnished,"Gym, Jogging Track, Tennis Court",6610000
Indiranagar,850,2,2.0,1.0,Furnished,"Children's Play Area, Clubhouse, Gym, High-Speed Elevators, Intercom, Landscaped Garden, Power Backup, Tennis Court",10230000
HSR Layout,1034,2,2.0,13.0,Unfurnished,"Gym, High-Speed Elevators, Landscaped Garden, Tennis Court",7780000
Hebbal,1317,3,2.0,2.0,Semi-Furnished,"Children's Play Area, Covered Parking, Intercom, Jogging Track",12330000
Electronic City,2826,4,3.0,1.0,Furnished,"24/7 Security, Gym, Intercom, Jogging Track, Power Backup, Swimming Pool",19180000
Whitefield,949,2,1.0,1.0,Semi-Furnished,"24/7 Security, Clubhouse, Gym, Swimming Pool",4940000
Bellandur,1533,3,3.0,10.0,Furnished,"Children's Play Area, Clubhouse, Gym, Jogging Track, Swimming Pool",13620000
Whitefield,2336,4,4.0,1.0,Unfurnished,"24/7 Security, Children's Play Area, Jogging Track, Landscaped Garden",15110000
Marathahalli,1240,2,2.0,4.0,Unfurnished,"24/7 Security, Children's Play Area, Clubhouse, Covered Parking, Gym, Landscaped Garden",8010000
Bellandur,1085,2,2.0,9.0,Semi-Furnished,"Clubhouse, Covered Parking, Swimming Pool",7040000
HSR Layout,3159,4,3.0,20.0,Semi-Furnished,"Children's Play Area, Covered Parking, Gym, High-Speed Elevators, Intercom, Power Backup, Swimming Pool",29390000
Electronic City,1646,3,3.0,,Semi-Furnished,"Gym, Power Backup",8810000
Indiranagar,3823,5,5.0,3.0,,"Children's Play Area, High-Speed Elevators, Power Backup, Swimming Pool",60600000
Whitefield,1473,3,2.0,3.0,Semi-Furnished,"24/7 Security, Clubhouse, High-Speed Elevators, Landscaped Garden, Tennis Court",9270000
Bellandur,2153,4,4.0,7.0,Semi-Furnished,"24/7 Security, Covered Parking, Landscaped Garden, Power Backup",16250000
HSR Layout,1138,2,2.0,6.0,Furnished,"Power Backup, Swimming Pool",8960000
Rajajinagar,592,1,1.0,4.0,Unfurnished,"Children's Play Area, Clubhouse, Gym, Intercom, Landscaped Garden, Swimming Pool",4890000
Whitefield,1103,2,2.0,0.0,Unfurnished,"24/7 Security, Children's Play Area, High-Speed Elevators, Intercom, Jogging Track, Power Backup",6270000
Thanisandra,1591,3,2.0,,Unfurnished,"High-Speed Elevators, Landscaped Garden, Swimming Pool",8300000
Jayanagar,1269,2,2.0,8.0,Unfurnished,"Children's Play Area, Gym, Intercom",12490000
Jayanagar,1077,2,2.0,2.0,Semi-Furnished,"Intercom, Jogging Track, Landscaped Garden, Tennis Court",12170000
Koramangala,1253,2,2.0,3.0,Unfurnished,"Clubhouse, Covered Parking, High-Speed Elevators, Intercom, Landscaped Garden, Power Backup, Swimming Pool, Tennis Court",13870000
HSR Layout,1805,3,3.0,0.0,Semi-Furnished,"High-Speed Elevators, Landscaped Garden, Power Backup, Swimming Pool",16270000
Sarjapur Road,935,2,2.0,20.0,Semi-Furnished,"High-Speed Elevators, Jogging Track",5610000
Hebbal,939,2,2.0,1.0,Semi-Furnished,"Clubhouse, Covered Parking, Gym, Jogging Track, Landscaped Garden, Power Backup",8050000
Electronic City,1098,2,2.0,0.0,Semi-Furnished,"Clubhouse, Covered Parking, Jogging Track, Swimming Pool, Tennis Court",5210000
Jayanagar,1585,3,3.0,2.0,Semi-Furnished,"24/7 Security, High-Speed Elevators, Jogging Track, Landscaped Garden, Power Backup, Swimming Pool",16030000
Hebbal,611,1,1.0,5.0,Furnished,"24/7 Security, Gym, Intercom, Jogging Track, Power Backup, Swimming Pool",4650000
Electronic City,1697,3,2.0,2.0,Furnished,"Children's Play Area, Clubhouse, Intercom, Power Backup",9780000
Bellandur,3308,5,5.0,3.0,Unfurnished,"Children's Play Area, Covered Parking, Jogging Track, Swimming Pool",30310000
Marathahalli,1827,3,3.0,13.0,Semi-Furnished,"24/7 Security, Children's Play Area, Clubhouse",11030000
Bellandur,1557,3,2.0,2.0,Unfurnished,"Jogging Track, Landscaped Garden, Swimming Pool, Tennis Court",11020000
Marathahalli,647,1,1.0,4.0,Unfurnished,"24/7 Security, Gym, Intercom, Jogging Track, Swimming Pool",3120000
HSR Layout,1011,2,1.0,14.0,Furnished,"Children's Play Area, Gym, Landscaped Garden, Power Backup, Swimming Pool, Tennis Court",7770000
Hebbal,1116,2,2.0,6.0,Unfurnished,"Covered Parking, Jogging Track, Landscaped Garden, Power Backup",8750000
Marathahalli,1160,2,2.0,5.0,Semi-Furnished,"Covered Parking, Gym, Swimming Pool",8560000
Koramangala,1111,2,1.0,0.0,Furnished,"24/7 Security, Clubhouse, Covered Parking, Gym, High-Speed Elevators, Jogging Track, Landscaped Garden, Swimming Pool",13120000
Whitefield,1189,2,1.0,5.0,Semi-Furnished,"24/7 Security, Gym, High-Speed Elevators, Jogging Track",6920000
Sarjapur Road,1505,3,3.0,0.0,Semi-Furnished,"Gym, Intercom, Jogging Track, Swimming Pool",10860000
Koramangala,728,1,1.0,0.0,Semi-Furnished,"Gym, Jogging Track",7870000
Hebbal,1024,2,2.0,7.0,Semi-Furnished,"Clubhouse, Covered Parking, High-Speed Elevators, Intercom, Jogging Track, Landscaped Garden",8820000
Electronic City,1665,3,3.0,3.0,Semi-Furnished,"Covered Parking, Gym, Power Backup",9260000
Electronic City,1446,3,2.0,1.0,Unfurnished,"Jogging Track, Landscaped Garden, Swimming Pool",8390000
Koramangala,972,2,2.0,8.0,Semi-Furnished,"Children's Play Area, Intercom, Landscaped Garden",12010000
Jayanagar,584,1,1.0,0.0,Semi-Furnished,"Intercom, Landscaped Garden, Tennis Court",6070000
Thanisandra,1678,3,2.0,,Furnished,"Gym, Landscaped Garden, Swimming Pool",9420000
Electronic City,450,1,1.0,9.0,Semi-Furnished,"Intercom, Jogging Track, Swimming Pool",1720000
Whitefield,1950,3,3.0,11.0,Semi-Furnished,"24/7 Security, Intercom, Jogging Track, Landscaped Garden, Power Backup, Tennis Court",10650000
Rajajinagar,4264,5,5.0,10.0,Furnished,"Covered Parking, High-Speed Elevators, Tennis Court",45300000
Electronic City,1080,2,1.0,1.0,Semi-Furnished,"24/7 Security, Children's Play Area, Clubhouse, Gym, High-Speed Elevators, Swimming Pool, Tennis Court",6740000
Banashankari,1286,2,2.0,9.0,Unfurnished,"24/7 Security, Gym, High-Speed Elevators, Intercom, Power Backup",7880000
Jayanagar,4075,5,4.0,3.0,Semi-Furnished,"24/7 Security, Children's Play Area, Covered Parking, High-Speed Elevators, Intercom, Swimming Pool",62150000
Bellandur,2447,4,3.0,3.0,Furnished,"Clubhouse, Tennis Court",20490000
Indiranagar,1668,3,3.0,0.0,Unfurnished,"Covered Parking, Intercom, Landscaped Garden, Power Backup",19900000
Electronic City,673,1,1.0,1.0,Semi-Furnished,"Gym, High-Speed Elevators",2810000
Jayanagar,1252,2,2.0,1.0,Semi-Furnished,"24/7 Security, Clubhouse, Gym, Landscaped Garden",13300000
HSR Layout,1123,2,2.0,4.0,Semi-Furnished,"24/7 Security, High-Speed Elevators, Landscaped Garden",9340000
Koramangala,1467,3,3.0,7.0,Semi-Furnished,"Clubhouse, Gym, Intercom, Landscaped Garden, Swimming Pool",19800000
HSR Layout,1668,3,3.0,1.0,Furnished,"24/7 Security, Children's Play Area, Covered Parking, Intercom",17330000
Whitefield,759,1,1.0,5.0,Unfurnished,"24/7 Security, Clubhouse",3670000
Indiranagar,1595,3,2.0,2.0,Furnished,"Children's Play Area, Gym, Jogging Track, Landscaped Garden, Tennis Court",24560000
HSR Layout,1893,3,2.0,2.0,Furnished,"24/7 Security, Covered Parking, High-Speed Elevators",18070000
HSR Layout,1227,2,2.0,17.0,Furnished,"Clubhouse, Covered Parking, Landscaped Garden, Tennis Court",11110000
Koramangala,924,2,2.0,2.0,Furnished,"24/7 Security, Children's Play Area, High-Speed Elevators, Intercom, Tennis Court",12360000
Whitefield,1325,3,2.0,2.0,Semi-Furnished,"Children's Play Area, Clubhouse, Landscaped Garden, Tennis Court",8240000
Sarjapur Road,970,2,2.0,4.0,Semi-Furnished,"24/7 Security, Children's Play Area, Clubhouse, Covered Parking, Gym, Intercom, Landscaped Garden, Power Backup, Tennis Court",6940000
Marathahalli,1075,2,2.0,1.0,Unfurnished,"Children's Play Area, Clubhouse, Covered Parking, Landscaped Garden, Swimming Pool",6000000
Sarjapur Road,1006,2,2.0,7.0,Semi-Furnished,"Children's Play Area, Clubhouse, Gym, Jogging Track, Landscaped Garden, Power Backup, Tennis Court",6280000
Yelahanka,1601,3,2.0,9.0,Semi-Furnished,"Children's Play Area, Clubhouse, Gym, High-Speed Elevators",9370000
Koramangala,822,2,2.0,17.0,Semi-Furnished,"Covered Parking, Intercom",7970000
Electronic City,1767,3,2.0,7.0,Furnished,"Gym, High-Speed Elevators, Landscaped Garden, Power Backup, Swimming Pool",8470000
Koramangala,877,2,1.0,13.0,Unfurnished,"24/7 Security, Covered Parking, High-Speed Elevators, Jogging Track",8770000
Hebbal,1769,3,3.0,3.0,Furnished,"Children's Play Area, Covered Parking, Landscaped Garden, Power Backup, Swimming Pool, Tennis Court",17780000
Sarjapur Road,1161,2,2.0,1.0,Unfurnished,"24/7 Security, Clubhouse, Jogging Track, Landscaped Garden, Swimming Pool",6820000
Whitefield,1002,2,2.0,0.0,Unfurnished,"Children's Play Area, Landscaped Garden",5410000
Electronic City,1085,2,2.0,4.0,Semi-Furnished,"24/7 Security, Clubhouse, Covered Parking, Intercom, Landscaped Garden, Power Backup, Tennis Court",7310000
HSR Layout,638,1,1.0,8.0,Semi-Furnished,"24/7 Security, Landscaped Garden",5590000
Marathahalli,1064,2,2.0,14.0,Semi-Furnished,"Children's Play Area, Clubhouse, Covered Parking, High-Speed Elevators, Jogging Track, Power Backup",6390000
Malleshwaram,3458,4,4.0,1.0,Unfurnished,"Children's Play Area, Covered Parking, Gym, Jogging Track, Power Backup",45750000
HSR Layout,685,1,1.0,8.0,Furnished,"Children's Play Area, Covered Parking, Landscaped Garden, Power Backup, Swimming Pool, Tennis Court",6250000
Whitefield,1122,2,2.0,0.0,Furnished,"Gym, Intercom, Landscaped Garden",6780000
Electronic City,2100,4,3.0,0.0,Semi-Furnished,"24/7 Security, Clubhouse",12350000
Sarjapur Road,1451,3,3.0,5.0,Semi-Furnished,"Clubhouse, Intercom",10940000
Bellandur,1106,2,1.0,5.0,Unfurnished,"Gym, Jogging Track",6930000
Hebbal,1228,2,2.0,2.0,Semi-Furnished,"Children's Play Area, Clubhouse, Jogging Track, Landscaped Garden",8770000
Marathahalli,2442,4,3.0,1.0,Unfurnished,"Covered Parking, High-Speed Elevators, Intercom",16330000
Electronic City,555,1,1.0,3.0,Semi-Furnished,"24/7 Security, Children's Play Area, Covered Parking",2500000
Marathahalli,1827,3,2.0,2.0,Semi-Furnished,"Intercom, Power Backup",11530000
Koramangala,1349,2,1.0,9.0,Semi-Furnished,"Clubhouse, Gym, High-Speed Elevators, Jogging Track, Swimming Pool, Tennis Court",15830000
Koramangala,1825,3,3.0,8.0,Unfurnished,"24/7 Security, Children's Play Area, Swimming Pool, Tennis Court",20120000
HSR Layout,973,2,2.0,6.0,Semi-Furnished,"Covered Parking, Intercom, Jogging Track, Swimming Pool, Tennis Court",8250000
Whitefield,1138,2,2.0,11.0,Semi-Furnished,"Children's Play Area, Clubhouse, Covered Parking, Power Backup, Tennis Court",5740000
Hebbal,954,2,1.0,15.0,Semi-Furnished,"24/7 Security, Clubhouse, Covered Parking, Gym, Power Backup, Tennis Court",7500000
Electronic City,1629,3,3.0,5.0,Furnished,"24/7 Security, Clubhouse, Intercom",9050000
HSR Layout,1799,3,2.0,4.0,Unfurnished,"24/7 Security, Children's Play Area, Covered Parking, Gym, High-Speed Elevators",15120000
Jayanagar,1921,3,3.0,6.0,Furnished,"Gym, High-Speed Elevators, Intercom, Landscaped Garden, Power Backup, Swimming Pool, Tennis Court",20870000
Hebbal,2922,4,4.0,2.0,Semi-Furnished,"Children's Play Area, Clubhouse, Jogging Track, Landscaped Garden",26780000
Yelahanka,1019,2,2.0,9.0,Semi-Furnished,"Clubhouse, Covered Parking, High-Speed Elevators, Jogging Track, Landscaped Garden, Power Backup, Swimming Pool, Tennis Court",6470000
Indiranagar,1300,3,2.0,28.0,Unfurnished,"Children's Play Area, Clubhouse, Power Backup",13630000
Malleshwaram,1941,3,3.0,0.0,Furnished,"Clubhouse, Landscaped Garden",24770000
Banashankari,1527,3,3.0,12.0,Semi-Furnished,"24/7 Security, Power Backup, Swimming Pool",8460000
Electronic City,1914,3,3.0,6.0,Unfurnished,"24/7 Security, Children's Play Area, Clubhouse, Power Backup",8860000
Hebbal,2183,4,3.0,4.0,Semi-Furnished,"24/7 Security, Clubhouse, Covered Parking, Jogging Track",17500000
Jayanagar,958,2,2.0,2.0,Unfurnished,"24/7 Security, Clubhouse, Covered Parking, Gym, High-Speed Elevators, Intercom, Jogging Track, Tennis Court",10630000
Koramangala,679,1,1.0,7.0,Semi-Furnished,"24/7 Security, Clubhouse, Covered Parking, Gym",6520000
Hebbal,2597,4,3.0,3.0,Furnished,"High-Speed Elevators, Jogging Track, Power Backup, Swimming Pool",26100000
Whitefield,1084,2,2.0,23.0,Semi-Furnished,"24/7 Security, Children's Play Area, Power Backup",4580000
Yelahanka,953,2,2.0,0.0,Furnished,"Covered Parking, Gym, Landscaped Garden, Power Backup, Swimming Pool",6230000
Marathahalli,651,1,1.0,28.0,Semi-Furnished,"Gym, Landscaped Garden, Power Backup, Tennis Court",3100000
Jayanagar,1618,3,3.0,28.0,Unfurnished,"Clubhouse, Gym, Intercom, Tennis Court",14860000
Indiranagar,1648,3,3.0,13.0,Furnished,"24/7 Security, Children's Play Area, Tennis Court",21630000
Hebbal,1706,3,3.0,7.0,Furnished,"Children's Play Area, Clubhouse, Covered Parking, Gym, Jogging Track, Landscaped Garden, Tennis Court",15850000
HSR Layout,1551,3,3.0,10.0,Unfurnished,"Power Backup, Tennis Court",11980000
Electronic City,1724,3,3.0,4.0,Unfurnished,"24/7 Security, Clubhouse, Covered Parking, Gym, Intercom, Landscaped Garden, Power Backup, Swimming Pool",10360000
HSR Layout,1737,3,2.0,5.0,Unfurnished,"Children's Play Area, Clubhouse, Covered Parking, Gym, Intercom, Landscaped Garden, Power Backup, Swimming Pool, Tennis Court",16110000
Malleshwaram,1595,3,3.0,20.0,Semi-Furnished,"Clubhouse, Gym, High-Speed Elevators, Intercom, Landscaped Garden, Power Backup, Tennis Court",14500000
Banashankari,2768,4,4.0,3.0,Furnished,"24/7 Security, Covered Parking, High-Speed Elevators, Intercom, Jogging Track, Power Backup, Tennis Court",24540000
Thanisandra,801,2,2.0,0.0,Furnished,"Children's Play Area, Clubhouse, Covered Parking, Landscaped Garden, Tennis Court",5130000
Marathahalli,1421,2,2.0,4.0,Furnished,"Children's Play Area, Landscaped Garden, Power Backup",10140000
Hebbal,2926,4,3.0,5.0,Unfurnished,"24/7 Security, Children's Play Area, Clubhouse, Gym, High-Speed Elevators, Intercom",30170000
Koramangala,931,2,2.0,,Furnished,"24/7 Security, Children's Play Area, Covered Parking, Gym, Intercom, Landscaped Garden, Power Backup",8240000
Electronic City,1416,2,2.0,14.0,Semi-Furnished,"24/7 Security, Clubhouse, High-Speed Elevators, Landscaped Garden, Swimming Pool",6810000
Bellandur,1191,2,2.0,1.0,Semi-Furnished,"24/7 Security, Intercom, Jogging Track, Power Backup, Swimming Pool",9040000
Koramangala,1873,3,2.0,8.0,Semi-Furnished,"Landscaped Garden, Power Backup",21870000
Jayanagar,2549,4,4.0,3.0,Semi-Furnished,"Children's Play Area, Jogging Track, Landscaped Garden, Tennis Court",27920000
Bellandur,1389,2,2.0,1.0,Furnished,"24/7 Security, Children's Play Area, Covered Parking, Gym, Intercom, Landscaped Garden, Power Backup, Tennis Court",11180000
Banashankari,1336,2,2.0,4.0,Semi-Furnished,"Covered Parking, Gym, Intercom, Landscaped Garden",9640000
Hebbal,1345,3,2.0,27.0,Semi-Furnished,"Gym, High-Speed Elevators, Tennis Court",8540000
Thanisandra,1906,3,2.0,1.0,Semi-Furnished,"Covered Parking, High-Speed Elevators, Jogging Track, Swimming Pool",13630000
Electronic City,1562,3,3.0,9.0,Semi-Furnished,"24/7 Security, Clubhouse, Covered Parking, High-Speed Elevators, Landscaped Garden, Power Backup, Swimming Pool",8420000
HSR Layout,1303,2,2.0,3.0,Furnished,"24/7 Security, Children's Play Area, Clubhouse, Gym, Intercom, Landscaped Garden, Swimming Pool, Tennis Court",12900000
Koramangala,2193,3,2.0,6.0,Semi-Furnished,"24/7 Security, Children's Play Area, High-Speed Elevators, Landscaped Garden, Tennis Court",28550000
Whitefield,1663,3,3.0,1.0,Unfurnished,"24/7 Security, Jogging Track",9280000
Bellandur,1576,3,2.0,6.0,Furnished,"Intercom, Tennis Court",15420000
Koramangala,3881,5,,2.0,Unfurnished,"Clubhouse, Jogging Track, Landscaped Garden, Tennis Court",47670000
Marathahalli,3752,5,4.0,11.0,Furnished,"High-Speed Elevators, Intercom, Jogging Track, Landscaped Garden, Power Backup",29640000
HSR Layout,563,1,1.0,1.0,Unfurnished,"24/7 Security, Children's Play Area, Clubhouse, Landscaped Garden, Swimming Pool, Tennis Court",4940000
Marathahalli,506,1,1.0,8.0,Unfurnished,"24/7 Security, Children's Play Area, Jogging Track, Landscaped Garden, Power Backup",3150000
Malleshwaram,3853,5,5.0,12.0,Unfurnished,"24/7 Security, Children's Play Area, Covered Parking, Gym, High-Speed Elevators, Intercom, Landscaped Garden, Power Backup, Tennis Court",47870000
Electronic City,1671,3,2.0,3.0,Semi-Furnished,"Children's Play Area, Landscaped Garden, Swimming Pool, Tennis Court",8260000
Yelahanka,1528,3,3.0,0.0,Unfurnished,"Clubhouse, Gym, Intercom, Jogging Track, Power Backup",9800000
Sarjapur Road,1741,3,3.0,0.0,Semi-Furnished,"Clubhouse, Covered Parking, Gym, Intercom, Swimming Pool",12720000
Koramangala,1147,2,2.0,14.0,Furnished,"Children's Play Area, Covered Parking, Gym, Jogging Track, Landscaped Garden, Tennis Court",13810000
HSR Layout,1213,2,,24.0,Semi-Furnished,"Children's Play Area, Covered Parking, Jogging Track, Landscaped Garden, Power Backup, Tennis Court",8570000
HSR Layout,1140,2,2.0,0.0,Semi-Furnished,"24/7 Security, Children's Play Area, High-Speed Elevators, Intercom, Jogging Track, Landscaped Garden, Swimming Pool",11580000
Marathahalli,2683,4,4.0,0.0,Semi-Furnished,"Covered Parking, Intercom, Swimming Pool",20140000
Yelahanka,644,1,1.0,2.0,Furnished,"24/7 Security, Gym, Jogging Track, Landscaped Garden, Swimming Pool",3740000
Marathahalli,976,2,1.0,14.0,Semi-Furnished,"Gym, Jogging Track, Landscaped Garden, Swimming Pool, Tennis Court",6350000
Electronic City,1111,2,2.0,1.0,,"Gym, High-Speed Elevators, Intercom",6050000
Malleshwaram,1143,2,2.0,4.0,Unfurnished,"Children's Play Area, Clubhouse, Gym, Jogging Track, Landscaped Garden, Power Backup, Tennis Court",11390000
Jayanagar,800,2,2.0,4.0,Unfurnished,"Children's Play Area, High-Speed Elevators",7490000
Malleshwaram,1549,3,3.0,2.0,Furnished,"Clubhouse, Covered Parking, Gym, High-Speed Elevators, Power Backup, Tennis Court",19900000
Banashankari,3620,5,5.0,4.0,Semi-Furnished,"24/7 Security, Clubhouse, Gym, Jogging Track, Landscaped Garden",32640000
Marathahalli,1710,3,2.0,3.0,Semi-Furnished,"Gym, High-Speed Elevators, Power Backup, Swimming Pool, Tennis Court",13060000
Indiranagar,2585,4,3.0,7.0,Unfurnished,"Children's Play Area, Clubhouse, Gym, Landscaped Garden",31040000
Rajajinagar,1065,2,2.0,17.0,Semi-Furnished,"Gym, Landscaped Garden, Swimming Pool, Tennis Court",8600000
Koramangala,935,2,2.0,4.0,Semi-Furnished,"24/7 Security, Intercom, Power Backup, Tennis Court",11460000
Rajajinagar,1824,3,3.0,1.0,Furnished,"Landscaped Garden, Swimming Pool, Tennis Court",18480000
Koramangala,1006,2,2.0,3.0,Unfurnished,"24/7 Security, Clubhouse, High-Speed Elevators, Landscaped Garden, Power Backup",10690000
Sarjapur Road,1761,3,3.0,5.0,Semi-Furnished,"Clubhouse, Power Backup",12520000
Hebbal,1306,2,2.0,2.0,Unfurnished,"Children's Play Area, Tennis Court",10530000
Hebbal,1420,3,3.0,3.0,Furnished,"Children's Play Area, Intercom, Jogging Track, Power Backup",13570000
Indiranagar,1069,2,2.0,1.0,Semi-Furnished,"Clubhouse, Covered Parking, Swimming Pool, Tennis Court",14650000
Koramangala,645,1,1.0,12.0,Furnished,"24/7 Security, Covered Parking, Gym, Landscaped Garden, Swimming Pool",6470000
HSR Layout,2328,4,3.0,0.0,Semi-Furnished,"24/7 Security, Children's Play Area, High-Speed Elevators",24040000
Indiranagar,2924,4,4.0,0.0,Semi-Furnished,"24/7 Security, Clubhouse, Covered Parking, Tennis Court",43850000
Yelahanka,1048,2,1.0,9.0,Furnished,"24/7 Security, Children's Play Area, Clubhouse, Gym, Jogging Track, Landscaped Garden, Power Backup, Tennis Court",6540000
HSR Layout,1355,2,2.0,15.0,Furnished,"Clubhouse, Covered Parking, Landscaped Garden",12800000
Jayanagar,622,1,1.0,2.0,Semi-Furnished,"Intercom, Jogging Track",6650000
Marathahalli,1231,2,2.0,8.0,Semi-Furnished,"Landscaped Garden, Tennis Court",7230000
Bellandur,1533,3,2.0,4.0,Unfurnished,"Children's Play Area, Clubhouse, High-Speed Elevators, Intercom, Jogging Track, Power Backup",12160000
HSR Layout,1705,3,3.0,2.0,Semi-Furnished,"Clubhouse, Jogging Track, Swimming Pool, Tennis Court",14800000
Marathahalli,1581,3,2.0,2.0,Unfurnished,"Covered Parking, Gym, Swimming Pool",9720000
Whitefield,2056,3,3.0,0.0,Unfurnished,"High-Speed Elevators, Intercom, Power Backup",12920000
Indiranagar,1106,2,2.0,11.0,Unfurnished,"Children's Play Area, Clubhouse, High-Speed Elevators, Jogging Track, Swimming Pool, Tennis Court",11990000
Whitefield,638,1,1.0,4.0,Unfurnished,"24/7 Security, Jogging Track, Landscaped Garden, Swimming Pool, Tennis Court",3430000
Indiranagar,1684,3,2.0,4.0,Semi-Furnished,"Covered Parking, Jogging Track, Power Backup, Tennis Court",22290000
Bellandur,1090,2,2.0,2.0,Unfurnished,"Children's Play Area, Intercom, Power Backup",7550000
Sarjapur Road,1580,3,2.0,3.0,Semi-Furnished,"High-Speed Elevators, Power Backup",11310000
Jayanagar,800,2,2.0,0.0,Unfurnished,"Clubhouse, High-Speed Elevators",8450000
Whitefield,1139,2,2.0,9.0,Semi-Furnished,"24/7 Security, Children's Play Area",5540000
HSR Layout,1822,3,3.0,17.0,Furnished,"Children's Play Area, Covered Parking, Jogging Track",16540000
Koramangala,1490,3,2.0,3.0,Unfurnished,"High-Speed Elevators, Landscaped Garden, Power Backup",14680000
Indiranagar,1072,2,2.0,11.0,Semi-Furnished,"Children's Play Area, High-Speed Elevators, Jogging Track, Landscaped Garden, Swimming Pool, Tennis Court",13480000
Electronic City,1058,2,1.0,19.0,Unfurnished,"Children's Play Area, Clubhouse, Landscaped Garden, Swimming Pool, Tennis Court",4320000
Whitefield,705,1,1.0,16.0,Semi-Furnished,"Clubhouse, Gym, Landscaped Garden",3400000
Koramangala,1485,3,2.0,25.0,Semi-Furnished,"24/7 Security, Covered Parking, High-Speed Elevators, Power Backup",14120000
Sarjapur Road,632,1,1.0,7.0,Unfurnished,"24/7 Security, Children's Play Area, Covered Parking, High-Speed Elevators, Intercom",3650000
Hebbal,1101,2,2.0,20.0,Semi-Furnished,"24/7 Security, Power Backup",7840000
Hebbal,717,1,1.0,28.0,Semi-Furnished,"24/7 Security, Children's Play Area, Jogging Track, Landscaped Garden, Tennis Court",5000000
Yelahanka,2021,3,3.0,9.0,Semi-Furnished,"24/7 Security, High-Speed Elevators, Intercom, Landscaped Garden",10660000
Indiranagar,3007,4,3.0,6.0,Semi-Furnished,"Children's Play Area, High-Speed Elevators, Intercom, Landscaped Garden",44780000
Yelahanka,1062,2,2.0,17.0,Unfurnished,"Covered Parking, Power Backup",5350000
Thanisandra,1613,3,3.0,3.0,,"24/7 Security, Gym, Tennis Court",11830000
Sarjapur Road,1242,2,2.0,3.0,Furnished,"24/7 Security, Covered Parking",8430000
Sarjapur Road,1742,3,3.0,10.0,Furnished,"24/7 Security, Children's Play Area, Gym, Landscaped Garden",11040000
Whitefield,1318,2,2.0,7.0,,"Covered Parking, Gym, Power Backup",6460000
Sarjapur Road,2648,4,4.0,,Unfurnished,"Covered Parking, Gym, Intercom, Landscaped Garden, Power Backup",20930000
Sarjapur Road,2670,4,4.0,14.0,Unfurnished,"24/7 Security, Covered Parking, Gym, High-Speed Elevators, Intercom, Jogging Track, Power Backup, Swimming Pool",17960000
Banashankari,2100,4,4.0,7.0,Furnished,"Children's Play Area, Gym, Landscaped Garden, Power Backup",19290000
Hebbal,1324,3,3.0,28.0,Semi-Furnished,"Children's Play Area, Clubhouse, Swimming Pool",9220000
Malleshwaram,572,1,1.0,13.0,Unfurnished,"Children's Play Area, Clubhouse, Covered Parking, High-Speed Elevators, Intercom, Jogging Track, Landscaped Garden, Swimming Pool, Tennis Court",4950000
Marathahalli,2469,4,4.0,,Furnished,"24/7 Security, Gym, Jogging Track, Power Backup, Swimming Pool, Tennis Court",20540000
Whitefield,841,2,2.0,28.0,,"Gym, Intercom, Jogging Track, Landscaped Garden, Swimming Pool",3580000
Hebbal,869,2,2.0,4.0,Furnished,"24/7 Security, Children's Play Area, Gym, Intercom, Power Backup, Swimming Pool, Tennis Court",9010000
Electronic City,1792,3,3.0,0.0,Semi-Furnished,"Clubhouse, Intercom, Landscaped Garden, Swimming Pool",8930000
HSR Layout,1738,3,3.0,4.0,Unfurnished,"Children's Play Area, Clubhouse, Jogging Track, Power Backup",14670000
Whitefield,1671,3,2.0,1.0,Unfurnished,"Covered Parking, Intercom, Landscaped Garden, Power Backup",10470000
Hebbal,1493,3,2.0,19.0,Furnished,"Children's Play Area, Clubhouse, Covered Parking, High-Speed Elevators, Landscaped Garden, Swimming Pool, Tennis Court",14210000
Marathahalli,1705,3,3.0,17.0,Unfurnished,"Children's Play Area, Clubhouse, Intercom, Power Backup, Tennis Court",9230000
Whitefield,1484,3,2.0,10.0,Furnished,"Clubhouse, Gym, Jogging Track, Power Backup, Tennis Court",10050000
Koramangala,2867,4,3.0,1.0,Unfurnished,"24/7 Security, Intercom, Power Backup, Tennis Court",39620000
Banashankari,995,2,2.0,0.0,Unfurnished,"Clubhouse, Covered Parking, Gym, High-Speed Elevators, Jogging Track",6200000
Thanisandra,1551,3,2.0,9.0,Furnished,"Gym, Intercom, Landscaped Garden, Power Backup, Swimming Pool, Tennis Court",9140000
Whitefield,817,2,2.0,11.0,Semi-Furnished,"Clubhouse, Covered Parking, High-Speed Elevators, Landscaped Garden, Tennis Court",4380000
Banashankari,1100,2,2.0,4.0,Unfurnished,"24/7 Security, Children's Play Area, Intercom, Swimming Pool, Tennis Court",7550000
Indiranagar,1006,2,1.0,6.0,Semi-Furnished,"Gym, High-Speed Elevators, Landscaped Garden, Swimming Pool, Tennis Court",13640000
Yelahanka,1319,2,1.0,1.0,Unfurnished,"Clubhouse, Swimming Pool",7410000
Bellandur,1573,3,3.0,2.0,Unfurnished,"Children's Play Area, Gym, Power Backup",11420000
Electronic City,1520,3,2.0,10.0,Furnished,"Children's Play Area, Gym, Intercom, Swimming Pool",8020000
Hebbal,1656,3,3.0,1.0,Unfurnished,"Covered Parking, Intercom, Power Backup",13390000
Rajajinagar,539,1,1.0,1.0,Furnished,"Intercom, Jogging Track, Tennis Court",4530000
Whitefield,796,1,1.0,14.0,Unfurnished,"24/7 Security, Clubhouse, Intercom, Landscaped Garden",3880000
Rajajinagar,1081,2,2.0,0.0,Furnished,"Covered Parking, High-Speed Elevators, Swimming Pool",10970000
Marathahalli,1333,3,,1.0,Semi-Furnished,"Children's Play Area, High-Speed Elevators, Landscaped Garden, Tennis Court",9150000
HSR Layout,1288,2,2.0,3.0,Unfurnished,"Gym, High-Speed Elevators, Jogging Track, Tennis Court",10350000
Banashankari,1695,3,2.0,8.0,Semi-Furnished,"24/7 Security, Covered Parking, High-Speed Elevators, Intercom, Jogging Track, Landscaped Garden, Swimming Pool",9810000
Whitefield,675,1,1.0,4.0,Unfurnished,"Gym, Landscaped Garden, Swimming Pool",3640000
HSR Layout,567,1,1.0,1.0,Semi-Furnished,"Clubhouse, High-Speed Elevators",4250000
Electronic City,1447,3,3.0,6.0,Semi-Furnished,"Gym, High-Speed Elevators, Intercom, Landscaped Garden, Power Backup, Tennis Court",7600000
Marathahalli,1875,3,2.0,2.0,Semi-Furnished,"Children's Play Area, Clubhouse, Gym, Tennis Court",13650000
Bellandur,943,2,2.0,6.0,Semi-Furnished,"Covered Parking, Landscaped Garden, Swimming Pool",6870000
Marathahalli,1640,3,3.0,5.0,Semi-Furnished,"24/7 Security, Gym, High-Speed Elevators, Intercom, Jogging Track, Landscaped Garden, Tennis Court",12030000
Marathahalli,2832,4,4.0,20.0,Furnished,"24/7 Security, Clubhouse, Gym, Landscaped Garden, Power Backup, Swimming Pool",19980000
Jayanagar,1334,2,2.0,2.0,Unfurnished,"Children's Play Area, Covered Parking, Gym, High-Speed Elevators, Power Backup, Swimming Pool",14370000
Marathahalli,924,2,1.0,9.0,Furnished,"24/7 Security, Gym, High-Speed Elevators, Intercom, Jogging Track, Swimming Pool",6150000
Marathahalli,1231,2,1.0,28.0,Furnished,"Intercom, Power Backup",6310000
Malleshwaram,1134,2,2.0,6.0,Furnished,"24/7 Security, Gym, Power Backup, Swimming Pool",12580000
Electronic City,1473,3,3.0,19.0,Furnished,"24/7 Security, Covered Parking, Power Backup",6350000
Indiranagar,1396,3,3.0,0.0,Unfurnished,"Children's Play Area, Covered Parking, High-Speed Elevators, Jogging Track, Landscaped Garden, Tennis Court",16670000
Koramangala,1793,3,3.0,2.0,Furnished,"Children's Play Area, Power Backup",23870000
Yelahanka,1230,2,2.0,1.0,Semi-Furnished,"24/7 Security, Children's Play Area, Covered Parking, Swimming Pool",8200000
Thanisandra,3308,4,4.0,0.0,Unfurnished,"24/7 Security, Clubhouse, Gym, High-Speed Elevators, Jogging Track, Landscaped Garden, Tennis Court",22220000
Whitefield,1475,3,3.0,9.0,Furnished,"Children's Play Area, Clubhouse, Covered Parking, Power Backup",8200000
Jayanagar,1251,2,2.0,4.0,Unfurnished,"24/7 Security, Clubhouse, Covered Parking",11670000
Whitefield,1115,2,2.0,28.0,Semi-Furnished,"24/7 Security, Gym, Intercom, Landscaped Garden, Swimming Pool",4750000
Malleshwaram,568,1,1.0,7.0,Semi-Furnished,"24/7 Security, Covered Parking",4950000
Thanisandra,2168,3,2.0,5.0,Furnished,"24/7 Security, Clubhouse, Covered Parking, Swimming Pool",13770000
Jayanagar,1722,3,3.0,2.0,Semi-Furnished,"Clubhouse, Covered Parking, Intercom, Landscaped Garden, Swimming Pool",19490000
Malleshwaram,2701,4,4.0,6.0,Semi-Furnished,"Children's Play Area, Gym, Intercom, Landscaped Garden, Power Backup, Swimming Pool",31560000
Electronic City,1371,3,2.0,4.0,Furnished,"24/7 Security, Children's Play Area, Gym, Jogging Track, Power Backup",7530000
Jayanagar,3080,4,4.0,1.0,Furnished,"Children's Play Area, Covered Parking, High-Speed Elevators, Jogging Track, Power Backup, Tennis Court",42060000
Sarjapur Road,633,1,1.0,3.0,Semi-Furnished,"24/7 Security, Children's Play Area, Covered Parking, High-Speed Elevators, Swimming Pool",4550000
Marathahalli,750,1,1.0,6.0,Semi-Furnished,"Covered Parking, High-Speed Elevators, Power Backup",4170000
Indiranagar,1289,2,2.0,0.0,Semi-Furnished,"Children's Play Area, Covered Parking, Gym, High-Speed Elevators, Landscaped Garden, Swimming Pool",18630000
Malleshwaram,4346,5,4.0,13.0,Unfurnished,"Clubhouse, Intercom, Jogging Track, Landscaped Garden, Power Backup",49110000
Thanisandra,1695,3,2.0,6.0,Unfurnished,"Covered Parking, Gym, Jogging Track, Landscaped Garden, Power Backup, Swimming Pool",8770000
Hebbal,4398,5,5.0,4.0,Unfurnished,"Clubhouse, Covered Parking, Gym, High-Speed Elevators, Intercom, Jogging Track, Tennis Court",40760000
Indiranagar,628,1,1.0,8.0,Semi-Furnished,"24/7 Security, Gym, High-Speed Elevators, Intercom, Jogging Track, Swimming Pool",7290000
Thanisandra,1176,2,2.0,21.0,Furnished,"24/7 Security, Children's Play Area, Covered Parking, Gym, High-Speed Elevators, Jogging Track, Landscaped Garden, Tennis Court",6420000
Banashankari,776,1,1.0,8.0,Semi-Furnished,"Covered Parking, Jogging Track, Swimming Pool",6260000
Indiranagar,1485,3,3.0,0.0,Semi-Furnished,"Clubhouse, Gym, High-Speed Elevators, Swimming Pool",19550000
Indiranagar,1517,3,3.0,9.0,Semi-Furnished,"Clubhouse, Gym, Power Backup",17710000
Jayanagar,1002,2,2.0,10.0,Semi-Furnished,"Clubhouse, Tennis Court",10510000
Malleshwaram,1256,2,2.0,6.0,Semi-Furnished,"Intercom, Power Backup",15200000
Koramangala,4263,5,4.0,12.0,Semi-Furnished,"Clubhouse, Covered Parking, High-Speed Elevators, Tennis Court",54770000
Electronic City,1612,3,2.0,4.0,Semi-Furnished,"Children's Play Area, Jogging Track, Power Backup",8270000
Hebbal,1141,2,2.0,2.0,Furnished,"24/7 Security, Covered Parking, Intercom, Jogging Track, Landscaped Garden, Swimming Pool",10240000
Indiranagar,1402,3,2.0,5.0,Semi-Furnished,"Children's Play Area, Covered Parking, Gym, Intercom",16240000
Bellandur,857,2,1.0,1.0,Semi-Furnished,"Children's Play Area, Clubhouse, Gym, High-Speed Elevators",6540000
Rajajinagar,1001,2,2.0,15.0,Unfurnished,"Clubhouse, Covered Parking, Intercom, Power Backup",9020000
Sarjapur Road,801,2,,24.0,Semi-Furnished,"Children's Play Area, Clubhouse, Covered Parking, Power Backup",4350000
Hebbal,1456,3,2.0,6.0,Semi-Furnished,"Clubhouse, Covered Parking, High-Speed Elevators, Jogging Track, Landscaped Garden, Power Backup",11850000
Whitefield,1133,2,2.0,20.0,Unfurnished,"24/7 Security, Gym, Power Backup, Tennis Court",5660000
HSR Layout,1494,3,2.0,1.0,Unfurnished,"24/7 Security, Covered Parking, Power Backup, Swimming Pool, Tennis Court",13410000
Malleshwaram,2717,4,4.0,15.0,Unfurnished,"24/7 Security, Children's Play Area, Gym, High-Speed Elevators, Intercom, Landscaped Garden, Tennis Court",31630000
Electronic City,889,2,,0.0,Unfurnished,"Covered Parking, Gym, Jogging Track, Swimming Pool, Tennis Court",4460000
Hebbal,2748,4,3.0,0.0,Furnished,"24/7 Security, High-Speed Elevators, Tennis Court",28370000
HSR Layout,1614,3,2.0,0.0,Semi-Furnished,"Children's Play Area, Gym, Jogging Track",14960000
HSR Layout,1300,3,3.0,2.0,Furnished,"Children's Play Area, Covered Parking, Gym, Jogging Track, Power Backup",12930000
Whitefield,1797,3,3.0,1.0,Semi-Furnished,"24/7 Security, Clubhouse, High-Speed Elevators, Intercom, Swimming Pool, Tennis Court",11660000
Whitefield,1211,2,,1.0,Furnished,"24/7 Security, Children's Play Area, Gym",6060000
HSR Layout,1619,3,2.0,3.0,Furnished,"Children's Play Area, Covered Parking, Intercom",15560000
Whitefield,1113,2,2.0,1.0,Unfurnished,"Clubhouse, Gym, High-Speed Elevators, Landscaped Garden, Swimming Pool, Tennis Court",7050000
Sarjapur Road,1779,3,2.0,6.0,Semi-Furnished,"Children's Play Area, Covered Parking, Gym, Intercom",13050000
Koramangala,1074,2,2.0,5.0,Furnished,"Gym, Power Backup, Swimming Pool, Tennis Court",12870000
HSR Layout,1157,2,2.0,1.0,Furnished,"24/7 Security, Covered Parking",9980000
Whitefield,603,1,1.0,,Unfurnished,"Clubhouse, Gym, Jogging Track, Landscaped Garden",3390000
Whitefield,1066,2,2.0,8.0,Furnished,"Clubhouse, Intercom, Landscaped Garden",5630000
Whitefield,1400,3,3.0,22.0,Furnished,"24/7 Security, High-Speed Elevators, Intercom, Jogging Track, Landscaped Garden",7860000
Electronic City,1300,3,2.0,9.0,Semi-Furnished,"24/7 Security, High-Speed Elevators, Power Backup, Tennis Court",6570000
Electronic City,2100,4,4.0,17.0,Semi-Furnished,"24/7 Security, Clubhouse, Covered Parking, Gym, High-Speed Elevators, Intercom, Power Backup, Tennis Court",11200000
Yelahanka,992,2,2.0,2.0,Unfurnished,"Children's Play Area, Covered Parking, Gym, High-Speed Elevators, Intercom, Jogging Track, Landscaped Garden",5420000
Sarjapur Road,1910,3,3.0,0.0,Semi-Furnished,"Children's Play Area, Swimming Pool",11630000
Indiranagar,1483,3,3.0,7.0,Semi-Furnished,"Children's Play Area, Covered Parking, High-Speed Elevators, Intercom, Swimming Pool",19730000
Indiranagar,1805,3,3.0,2.0,Furnished,"24/7 Security, Clubhouse, Covered Parking, Landscaped Garden, Power Backup",23140000
Whitefield,1300,3,3.0,11.0,Unfurnished,"24/7 Security, Children's Play Area, Clubhouse, High-Speed Elevators",6790000
Whitefield,1545,3,2.0,3.0,Furnished,"24/7 Security, Covered Parking, Intercom, Tennis Court",8520000
Marathahalli,930,2,2.0,3.0,Semi-Furnished,"24/7 Security, Children's Play Area, Clubhouse, Covered Parking, Gym, Power Backup, Swimming Pool, Tennis Court",6580000
Thanisandra,2841,4,4.0,10.0,Furnished,"24/7 Security, Children's Play Area, High-Speed Elevators, Tennis Court",17220000
Banashankari,2033,3,3.0,4.0,Unfurnished,"Clubhouse, Covered Parking, High-Speed Elevators",12220000
Banashankari,1388,2,2.0,0.0,Semi-Furnished,"24/7 Security, Children's Play Area, Landscaped Garden, Power Backup, Tennis Court",10090000
Bellandur,800,2,2.0,3.0,Unfurnished,"24/7 Security, Children's Play Area, Gym, Swimming Pool, Tennis Court",5680000
Electronic City,1580,3,3.0,1.0,Furnished,"Children's Play Area, Covered Parking, High-Speed Elevators, Intercom, Jogging Track, Landscaped Garden, Tennis Court",8270000
HSR Layout,1391,3,2.0,0.0,,"Clubhouse, Intercom, Swimming Pool",14860000
Rajajinagar,3036,4,4.0,7.0,Semi-Furnished,"Covered Parking, Intercom, Jogging Track, Tennis Court",31650000
Koramangala,1198,2,2.0,10.0,Semi-Furnished,"Covered Parking, Jogging Track, Landscaped Garden, Tennis Court",10550000
HSR Layout,963,2,2.0,11.0,Furnished,"Clubhouse, Covered Parking, Jogging Track, Landscaped Garden, Power Backup, Swimming Pool, Tennis Court",8840000
Marathahalli,1656,3,3.0,0.0,Semi-Furnished,"Children's Play Area, Clubhouse, Covered Parking, High-Speed Elevators, Swimming Pool, Tennis Court",13470000
Whitefield,930,2,1.0,4.0,Semi-Furnished,"Clubhouse, Landscaped Garden, Power Backup, Tennis Court",5010000
Electronic City,1117,2,2.0,10.0,Semi-Furnished,"Children's Play Area, Swimming Pool",4960000
Electronic City,1300,3,3.0,4.0,Semi-Furnished,"24/7 Security, Children's Play Area, Clubhouse, High-Speed Elevators, Intercom, Jogging Track, Power Backup, Swimming Pool, Tennis Court",7310000
Sarjapur Road,1510,3,3.0,6.0,Semi-Furnished,"24/7 Security, Clubhouse, Jogging Track, Swimming Pool",9830000
Electronic City,1710,3,2.0,0.0,Semi-Furnished,"24/7 Security, Landscaped Garden, Power Backup, Swimming Pool, Tennis Court",9590000
Koramangala,1830,3,2.0,9.0,Semi-Furnished,"24/7 Security, Clubhouse, High-Speed Elevators, Tennis Court",20550000
Marathahalli,1072,2,1.0,1.0,Semi-Furnished,"24/7 Security, Gym",6990000
Hebbal,800,2,2.0,1.0,,"Gym, Intercom, Jogging Track, Swimming Pool, Tennis Court",7600000
Koramangala,561,1,1.0,4.0,Furnished,"Clubhouse, Gym, High-Speed Elevators, Intercom, Jogging Track, Power Backup",7080000
Whitefield,2140,4,4.0,1.0,Semi-Furnished,"Gym, Power Backup",13170000
HSR Layout,571,1,1.0,2.0,Semi-Furnished,"24/7 Security, Children's Play Area, Covered Parking, High-Speed Elevators, Intercom, Jogging Track, Power Backup, Tennis Court",5220000
Electronic City,2630,4,4.0,5.0,Unfurnished,"24/7 Security, Covered Parking, Swimming Pool, Tennis Court",11360000
Bellandur,2043,3,2.0,1.0,Semi-Furnished,"Clubhouse, Gym, Jogging Track, Landscaped Garden",15380000
HSR Layout,1186,2,2.0,1.0,Semi-Furnished,"24/7 Security, Covered Parking, High-Speed Elevators, Intercom, Landscaped Garden",12950000
Jayanagar,4350,5,5.0,4.0,Semi-Furnished,"24/7 Security, Children's Play Area, Covered Parking, Gym, Intercom, Jogging Track, Tennis Court",52700000
Bellandur,480,1,1.0,0.0,Semi-Furnished,"Covered Parking, Intercom, Landscaped Garden",3630000
Jayanagar,2085,3,2.0,0.0,Semi-Furnished,"24/7 Security, Children's Play Area, Covered Parking, Intercom, Landscaped Garden, Power Backup, Swimming Pool, Tennis Court",22530000
Koramangala,1514,3,3.0,1.0,Furnished,"24/7 Security, Covered Parking, Gym",20190000
Whitefield,1715,3,2.0,3.0,Unfurnished,"24/7 Security, Children's Play Area, Covered Parking, Gym, Jogging Track, Landscaped Garden",11130000
Electronic City,2993,4,3.0,7.0,Unfurnished,"Covered Parking, Intercom, Landscaped Garden",13930000
Indiranagar,565,1,1.0,11.0,Unfurnished,"Covered Parking, Gym, Landscaped Garden, Swimming Pool, Tennis Court",5900000
Electronic City,3775,5,5.0,2.0,Semi-Furnished,"Landscaped Garden, Swimming Pool, Tennis Court",21250000
Malleshwaram,604,1,1.0,0.0,Semi-Furnished,"24/7 Security, Children's Play Area, Clubhouse, Covered Parking, Jogging Track",6620000
Rajajinagar,1946,3,3.0,0.0,Semi-Furnished,"Gym, High-Speed Elevators, Landscaped Garden",20250000
Marathahalli,1746,3,3.0,2.0,Semi-Furnished,"Gym, Intercom, Jogging Track, Power Backup, Swimming Pool",14100000
HSR Layout,1761,3,2.0,5.0,Furnished,"24/7 Security, Clubhouse, High-Speed Elevators, Power Backup, Swimming Pool",16120000
Whitefield,1283,2,2.0,10.0,Unfurnished,"Children's Play Area, Clubhouse, High-Speed Elevators, Landscaped Garden, Power Backup",6920000
Marathahalli,3002,4,3.0,0.0,Unfurnished,"Children's Play Area, Covered Parking, Gym, Power Backup",21680000
HSR Layout,1149,2,1.0,3.0,Semi-Furnished,"Children's Play Area, Clubhouse, Intercom, Power Backup, Tennis Court",9970000
Whitefield,2390,4,3.0,1.0,Semi-Furnished,"Covered Parking, Intercom, Swimming Pool",14300000
Yelahanka,2060,3,3.0,10.0,Furnished,"Children's Play Area, Clubhouse, Covered Parking, High-Speed Elevators, Intercom, Landscaped Garden, Tennis Court",15150000
Marathahalli,4426,5,4.0,11.0,Furnished,"24/7 Security, Clubhouse, Gym, Intercom, Jogging Track, Power Backup, Swimming Pool",37950000
Sarjapur Road,1424,3,2.0,17.0,Semi-Furnished,"Children's Play Area, Covered Parking, Gym, Jogging Track, Tennis Court",8450000
Hebbal,805,2,2.0,9.0,Unfurnished,"Children's Play Area, Covered Parking, Gym, High-Speed Elevators",6340000
Hebbal,1290,2,2.0,8.0,Unfurnished,"24/7 Security, Gym, Tennis Court",8590000
Bellandur,1540,3,2.0,2.0,Semi-Furnished,"Clubhouse, Gym, High-Speed Elevators, Intercom, Landscaped Garden, Power Backup",12180000
HSR Layout,965,2,2.0,3.0,Semi-Furnished,"24/7 Security, Clubhouse, High-Speed Elevators, Swimming Pool",8530000
Hebbal,450,1,1.0,4.0,Furnished,"Clubhouse, Intercom, Landscaped Garden, Power Backup, Tennis Court",4270000
Sarjapur Road,4047,5,5.0,1.0,Semi-Furnished,"24/7 Security, Covered Parking, Landscaped Garden, Power Backup, Swimming Pool, Tennis Court",34920000
Sarjapur Road,848,2,1.0,18.0,Semi-Furnished,"24/7 Security, Clubhouse, Covered Parking, Intercom, Landscaped Garden, Power Backup",4840000
Hebbal,914,2,2.0,0.0,Furnished,"Children's Play Area, Covered Parking, Gym, High-Speed Elevators, Intercom, Power Backup",9360000
Whitefield,2362,4,4.0,6.0,Semi-Furnished,"Covered Parking, High-Speed Elevators, Landscaped Garden, Swimming Pool",14770000
HSR Layout,862,2,1.0,8.0,,"Gym, Jogging Track, Landscaped Garden, Swimming Pool, Tennis Court",7760000
Bellandur,1466,3,3.0,3.0,Semi-Furnished,"Clubhouse, High-Speed Elevators, Intercom, Swimming Pool",12390000
Thanisandra,3334,4,4.0,0.0,Semi-Furnished,"Children's Play Area, Jogging Track, Swimming Pool, Tennis Court",24030000
Bellandur,1208,2,2.0,1.0,Semi-Furnished,"24/7 Security, Gym, Power Backup",10590000
Bellandur,1909,3,3.0,5.0,Unfurnished,"24/7 Security, Children's Play Area, Covered Parking, Swimming Pool",14810000
Electronic City,1300,3,3.0,1.0,Furnished,"Intercom, Landscaped Garden, Tennis Court",7390000
Rajajinagar,4891,5,5.0,8.0,Semi-Furnished,"Clubhouse, Landscaped Garden, Power Backup",53610000
Whitefield,2686,4,4.0,2.0,Semi-Furnished,"Intercom, Swimming Pool",16590000
Yelahanka,1031,2,2.0,1.0,Semi-Furnished,"Children's Play Area, Clubhouse, Jogging Track, Landscaped Garden, Swimming Pool, Tennis Court",6940000
Whitefield,1536,3,2.0,2.0,Unfurnished,"Children's Play Area, Covered Parking, Intercom, Power Backup, Swimming Pool, Tennis Court",9820000
Koramangala,1054,2,2.0,8.0,Semi-Furnished,"Gym, High-Speed Elevators, Landscaped Garden, Tennis Court",11930000
Indiranagar,1013,2,2.0,0.0,Semi-Furnished,"Jogging Track, Power Backup, Tennis Court",10700000
Hebbal,1258,2,2.0,8.0,Semi-Furnished,"Gym, High-Speed Elevators, Jogging Track, Landscaped Garden, Tennis Court",10130000
Yelahanka,1524,3,2.0,1.0,Semi-Furnished,"Children's Play Area, Clubhouse, High-Speed Elevators, Landscaped Garden, Tennis Court",8370000
Marathahalli,944,2,1.0,11.0,Unfurnished,"Intercom, Landscaped Garden, Power Backup",5520000
Jayanagar,2690,4,4.0,2.0,Unfurnished,"24/7 Security, Children's Play Area, Clubhouse, Landscaped Garden, Swimming Pool",36310000
Marathahalli,1189,2,2.0,1.0,Semi-Furnished,"Children's Play Area, Covered Parking, Gym, Swimming Pool, Tennis Court",8360000
Whitefield,1191,2,2.0,2.0,Semi-Furnished,"Children's Play Area, Intercom",6090000
Yelahanka,959,2,2.0,0.0,Unfurnished,"24/7 Security, Covered Parking, Intercom, Jogging Track, Power Backup, Swimming Pool",5730000
Sarjapur Road,929,2,2.0,28.0,Semi-Furnished,"Clubhouse, Covered Parking, Gym, High-Speed Elevators, Jogging Track, Swimming Pool",5560000
Sarjapur Road,1270,2,2.0,5.0,Semi-Furnished,"Clubhouse, Gym, High-Speed Elevators, Intercom",9620000
HSR Layout,1004,2,2.0,0.0,Semi-Furnished,"Intercom, Jogging Track, Landscaped Garden, Tennis Court",8570000
Whitefield,1021,2,2.0,1.0,Semi-Furnished,"24/7 Security, Children's Play Area, Covered Parking, High-Speed Elevators, Intercom, Power Backup, Tennis Court",6900000
Electronic City,1563,3,2.0,11.0,Furnished,"Covered Parking, Intercom, Jogging Track, Landscaped Garden, Power Backup, Swimming Pool",7380000
Yelahanka,2651,4,4.0,0.0,Unfurnished,"Children's Play Area, Clubhouse, Jogging Track",17090000
HSR Layout,1385,3,3.0,28.0,Furnished,"Children's Play Area, Covered Parking, Jogging Track, Landscaped Garden",9690000
Jayanagar,1066,2,2.0,4.0,Semi-Furnished,"24/7 Security, Swimming Pool",10480000
Indiranagar,1097,2,2.0,13.0,Unfurnished,"24/7 Security, Clubhouse, Covered Parking, Gym, Jogging Track, Swimming Pool, Tennis Court",13630000
HSR Layout,1712,3,2.0,13.0,Furnished,"24/7 Security, High-Speed Elevators, Jogging Track, Tennis Court",14790000
Indiranagar,1816,3,3.0,5.0,Semi-Furnished,"High-Speed Elevators, Landscaped Garden, Tennis Court",22320000
Hebbal,1320,2,2.0,6.0,Semi-Furnished,"High-Speed Elevators, Landscaped Garden, Tennis Court",10340000
Whitefield,1914,3,3.0,8.0,Furnished,"24/7 Security, Covered Parking, Gym, Power Backup, Swimming Pool",11550000
Electronic City,2100,4,4.0,5.0,Semi-Furnished,"24/7 Security, Clubhouse, Covered Parking, Gym, High-Speed Elevators, Landscaped Garden, Tennis Court",11710000
Malleshwaram,3392,5,5.0,2.0,Semi-Furnished,"Children's Play Area, Clubhouse, Gym, High-Speed Elevators, Power Backup",48000000
Sarjapur Road,1681,3,2.0,2.0,Unfurnished,"Children's Play Area, Covered Parking, High-Speed Elevators, Landscaped Garden, Power Backup",11440000
Sarjapur Road,800,2,1.0,4.0,Unfurnished,"Gym, Tennis Court",4600000
Hebbal,1649,3,3.0,1.0,Semi-Furnished,"Children's Play Area, Covered Parking, Gym, Power Backup, Tennis Court",15240000
Malleshwaram,1837,3,2.0,1.0,Semi-Furnished,"24/7 Security, Intercom, Jogging Track, Swimming Pool, Tennis Court",20010000
Thanisandra,1603,3,3.0,6.0,Furnished,"24/7 Security, Children's Play Area, Clubhouse, Covered Parking, Gym, High-Speed Elevators, Intercom, Jogging Track, Power Backup",11010000
Hebbal,981,2,2.0,9.0,Semi-Furnished,"24/7 Security, Children's Play Area, High-Speed Elevators, Jogging Track",7910000
Indiranagar,2535,4,4.0,5.0,Furnished,"Clubhouse, Intercom, Jogging Track",31080000
Whitefield,902,2,2.0,12.0,Semi-Furnished,"24/7 Security, Intercom, Jogging Track, Power Backup",5020000
Thanisandra,1243,2,2.0,6.0,Unfurnished,"24/7 Security, Children's Play Area, Clubhouse, Covered Parking, Intercom, Landscaped Garden, Power Backup, Tennis Court",8050000
Rajajinagar,1448,3,2.0,10.0,Semi-Furnished,"Covered Parking, Intercom, Power Backup, Tennis Court",15450000
Electronic City,1224,2,2.0,1.0,Furnished,"Covered Parking, Jogging Track, Swimming Pool, Tennis Court",5670000
Bellandur,1652,3,3.0,10.0,Semi-Furnished,"24/7 Security, Children's Play Area, Clubhouse, Covered Parking, Intercom, Power Backup, Swimming Pool",13790000
HSR Layout,906,2,2.0,0.0,Furnished,"24/7 Security, Gym, Tennis Court",9010000
Hebbal,1397,3,2.0,6.0,Unfurnished,"Power Backup, Tennis Court",12040000
Jayanagar,749,1,1.0,0.0,Semi-Furnished,"24/7 Security, High-Speed Elevators, Tennis Court",8260000
Jayanagar,1590,3,3.0,10.0,Unfurnished,"Gym, Power Backup",17200000
HSR Layout,493,1,1.0,6.0,Unfurnished,"Clubhouse, Intercom, Landscaped Garden, Power Backup",3480000
Indiranagar,2775,4,4.0,10.0,Furnished,"Children's Play Area, Covered Parking, High-Speed Elevators, Intercom, Power Backup, Swimming Pool, Tennis Court",44520000
Bellandur,1306,2,2.0,1.0,Furnished,"Children's Play Area, Covered Parking, Intercom, Jogging Track, Landscaped Garden, Power Backup",10470000
Electronic City,1081,2,2.0,11.0,Furnished,"Swimming Pool, Tennis Court",5570000
Jayanagar,1780,3,2.0,0.0,Semi-Furnished,"24/7 Security, Children's Play Area, Clubhouse, High-Speed Elevators, Power Backup, Swimming Pool",22730000
Jayanagar,1629,3,3.0,6.0,Furnished,"24/7 Security, High-Speed Elevators, Power Backup",20720000
Rajajinagar,1722,3,3.0,2.0,Furnished,"Covered Parking, High-Speed Elevators, Intercom, Tennis Court",15940000
Malleshwaram,3743,5,5.0,0.0,Furnished,"24/7 Security, Children's Play Area, Clubhouse, Covered Parking, Gym, High-Speed Elevators, Intercom",56290000
Marathahalli,1364,3,2.0,2.0,Semi-Furnished,"Children's Play Area, Gym, Landscaped Garden, Swimming Pool",10180000
Bellandur,2484,4,4.0,7.0,Unfurnished,"24/7 Security, Covered Parking, Landscaped Garden",18590000
Whitefield,3481,4,4.0,2.0,Semi-Furnished,"24/7 Security, Children's Play Area, Covered Parking, Jogging Track, Landscaped Garden, Power Backup, Swimming Pool, Tennis Court",25620000
Thanisandra,1185,2,2.0,11.0,Semi-Furnished,"High-Speed Elevators, Landscaped Garden, Swimming Pool, Tennis Court",6270000
Koramangala,1366,2,2.0,9.0,Unfurnished,"High-Speed Elevators, Intercom, Landscaped Garden, Swimming Pool",13920000
HSR Layout,1283,2,1.0,0.0,Unfurnished,"Children's Play Area, Swimming Pool, Tennis Court",11270000
Whitefield,970,2,2.0,2.0,Semi-Furnished,"Children's Play Area, Clubhouse, Covered Parking, Gym, High-Speed Elevators, Intercom, Jogging Track, Tennis Court",5520000
Banashankari,941,2,2.0,20.0,Semi-Furnished,"Clubhouse, Covered Parking, High-Speed Elevators, Jogging Track, Swimming Pool",5420000
Malleshwaram,1237,2,2.0,5.0,Semi-Furnished,"Clubhouse, High-Speed Elevators, Swimming Pool, Tennis Court",12110000
Electronic City,3462,5,4.0,18.0,Semi-Furnished,"24/7 Security, Clubhouse, Covered Parking, Jogging Track, Tennis Court",16160000
Malleshwaram,994,2,1.0,4.0,Furnished,"High-Speed Elevators, Intercom, Jogging Track, Landscaped Garden, Power Backup, Tennis Court",11600000
Indiranagar,994,2,2.0,28.0,Semi-Furnished,"Children's Play Area, Clubhouse, Covered Parking, Jogging Track",9540000
HSR Layout,3333,5,5.0,11.0,Furnished,"Children's Play Area, Clubhouse, Intercom, Power Backup, Swimming Pool",28740000
Hebbal,1972,3,2.0,2.0,Semi-Furnished,"Covered Parking, Gym, High-Speed Elevators, Landscaped Garden",16730000
Indiranagar,578,1,1.0,24.0,Unfurnished,"High-Speed Elevators, Landscaped Garden",4580000
Electronic City,1496,3,3.0,8.0,Unfurnished,"Children's Play Area, Gym, High-Speed Elevators, Jogging Track, Landscaped Garden, Power Backup, Tennis Court",7780000
Rajajinagar,1085,2,2.0,8.0,Unfurnished,"Children's Play Area, Jogging Track, Power Backup",9620000
Electronic City,2342,4,3.0,7.0,Semi-Furnished,"Intercom, Landscaped Garden, Tennis Court",12930000
Hebbal,604,1,1.0,11.0,Semi-Furnished,"24/7 Security, Gym, Intercom, Jogging Track",3750000
Electronic City,1300,3,2.0,1.0,Semi-Furnished,"24/7 Security, Children's Play Area, Covered Parking, Intercom, Landscaped Garden, Tennis Court",6380000
Whitefield,2516,4,4.0,13.0,Unfurnished,"Clubhouse, Covered Parking, High-Speed Elevators, Jogging Track",13020000
Yelahanka,1707,3,2.0,12.0,Unfurnished,"24/7 Security, Covered Parking, High-Speed Elevators",8570000
Thanisandra,1139,2,2.0,10.0,Semi-Furnished,"24/7 Security, Intercom, Jogging Track, Power Backup",7410000
HSR Layout,903,2,2.0,,Semi-Furnished,"Intercom, Power Backup, Tennis Court",7580000
Sarjapur Road,1544,3,3.0,14.0,Furnished,"Children's Play Area, Clubhouse, High-Speed Elevators, Jogging Track, Landscaped Garden, Swimming Pool",9950000
Electronic City,2733,4,4.0,2.0,Unfurnished,"Children's Play Area, Covered Parking, Gym, Jogging Track, Landscaped Garden, Tennis Court",14700000
Yelahanka,610,1,1.0,8.0,Semi-Furnished,"Swimming Pool, Tennis Court",3170000
Whitefield,1026,2,2.0,12.0,Furnished,"24/7 Security, Swimming Pool",5290000
Whitefield,2960,4,4.0,2.0,Semi-Furnished,"24/7 Security, Clubhouse, High-Speed Elevators, Intercom, Landscaped Garden, Swimming Pool, Tennis Court",18990000
Whitefield,2974,4,3.0,6.0,Semi-Furnished,"Clubhouse, Covered Parking, Gym, Landscaped Garden, Swimming Pool",16410000
Bellandur,1841,3,3.0,7.0,Unfurnished,"Covered Parking, Gym, High-Speed Elevators, Intercom, Landscaped Garden, Power Backup, Tennis Court",12300000
Whitefield,2568,4,3.0,8.0,Unfurnished,"Covered Parking, High-Speed Elevators, Landscaped Garden",13520000
Rajajinagar,1811,3,2.0,2.0,Semi-Furnished,"24/7 Security, Children's Play Area, High-Speed Elevators, Intercom, Swimming Pool",17770000
Hebbal,1297,2,2.0,2.0,Semi-Furnished,"Clubhouse, Covered Parking, High-Speed Elevators, Landscaped Garden, Tennis Court",9810000
HSR Layout,2012,3,3.0,0.0,Furnished,"Children's Play Area, High-Speed Elevators, Landscaped Garden, Swimming Pool",20140000
Banashankari,1623,3,2.0,3.0,Semi-Furnished,"Clubhouse, Covered Parking, Intercom, Swimming Pool",11210000
Marathahalli,3717,5,4.0,2.0,Furnished,"Gym, Jogging Track, Swimming Pool",30460000
Sarjapur Road,1206,2,2.0,7.0,Semi-Furnished,"Covered Parking, High-Speed Elevators, Jogging Track, Swimming Pool, Tennis Court",8600000
Whitefield,1121,2,1.0,8.0,Semi-Furnished,"24/7 Security, Clubhouse, Covered Parking, Gym, High-Speed Elevators, Landscaped Garden, Power Backup, Swimming Pool, Tennis Court",6770000
Marathahalli,1724,3,2.0,7.0,Furnished,"24/7 Security, Jogging Track, Landscaped Garden, Power Backup",11130000
Whitefield,1003,2,2.0,0.0,Unfurnished,"Children's Play Area, Clubhouse, Intercom, Power Backup",4650000
Koramangala,1047,2,2.0,14.0,Semi-Furnished,"Power Backup, Swimming Pool",11030000
Hebbal,1592,3,3.0,4.0,Semi-Furnished,"24/7 Security, Power Backup, Swimming Pool, Tennis Court",11590000
Yelahanka,3100,5,4.0,1.0,Semi-Furnished,"24/7 Security, Clubhouse, Intercom, Swimming Pool",20950000
Malleshwaram,1865,3,2.0,5.0,,"Clubhouse, High-Speed Elevators, Jogging Track, Swimming Pool",19340000
Sarjapur Road,905,2,2.0,20.0,Semi-Furnished,"24/7 Security, Children's Play Area, Clubhouse, High-Speed Elevators, Intercom, Swimming Pool, Tennis Court",5200000
Indiranagar,1567,3,2.0,1.0,Furnished,"High-Speed Elevators, Jogging Track, Swimming Pool",19630000
HSR Layout,1428,3,2.0,,Unfurnished,"Gym, Power Backup, Swimming Pool",11540000
Whitefield,894,2,2.0,1.0,Unfurnished,"24/7 Security, Intercom, Power Backup",4720000
Rajajinagar,1794,3,3.0,6.0,Furnished,"Gym, Intercom, Swimming Pool",14810000
Whitefield,700,1,1.0,3.0,Unfurnished,"24/7 Security, Covered Parking, Gym, Landscaped Garden, Swimming Pool",3670000
Electronic City,1477,3,3.0,7.0,Semi-Furnished,"24/7 Security, Clubhouse, Gym, Landscaped Garden, Power Backup, Swimming Pool, Tennis Court",7550000
Koramangala,1194,2,2.0,2.0,Semi-Furnished,"Gym, Landscaped Garden, Tennis Court",14840000
Whitefield,1540,3,2.0,7.0,Unfurnished,"Children's Play Area, Clubhouse, Covered Parking, Gym, Jogging Track",7290000
Thanisandra,452,1,1.0,4.0,Semi-Furnished,"24/7 Security, Covered Parking, Gym",2770000
Sarjapur Road,760,1,1.0,4.0,Semi-Furnished,"Clubhouse, Covered Parking, Gym, Jogging Track, Landscaped Garden, Swimming Pool, Tennis Court",5390000
Bellandur,2296,4,3.0,5.0,Semi-Furnished,"Covered Parking, Intercom, Jogging Track",18080000
Whitefield,585,1,1.0,0.0,Semi-Furnished,"Children's Play Area, Landscaped Garden, Power Backup, Tennis Court",2960000
Whitefield,660,1,1.0,0.0,Semi-Furnished,"Children's Play Area, Landscaped Garden",3580000
Koramangala,965,2,2.0,1.0,Semi-Furnished,"Children's Play Area, Clubhouse, Jogging Track, Swimming Pool",10340000
Jayanagar,1685,3,2.0,5.0,Unfurnished,"24/7 Security, Children's Play Area, Clubhouse, High-Speed Elevators, Landscaped Garden",17720000
Thanisandra,4119,5,5.0,3.0,Unfurnished,"Clubhouse, High-Speed Elevators, Landscaped Garden, Swimming Pool, Tennis Court",28360000
Bellandur,1309,2,2.0,15.0,Semi-Furnished,"24/7 Security, Covered Parking, High-Speed Elevators, Landscaped Garden, Power Backup, Swimming Pool",10010000
HSR Layout,1660,3,3.0,0.0,Unfurnished,"24/7 Security, Clubhouse, Covered Parking, Power Backup",18230000
Yelahanka,1110,2,2.0,,Unfurnished,"Covered Parking, Gym, Power Backup, Swimming Pool",6250000
Whitefield,1363,3,3.0,2.0,Furnished,"24/7 Security, Clubhouse, Intercom, Tennis Court",8640000
Rajajinagar,1037,2,2.0,16.0,Furnished,"24/7 Security, Gym, High-Speed Elevators, Intercom, Jogging Track, Landscaped Garden",9080000
Rajajinagar,1805,3,2.0,0.0,Semi-Furnished,"Gym, High-Speed Elevators, Jogging Track",19850000
Thanisandra,1013,2,1.0,10.0,Furnished,"24/7 Security, Clubhouse, Covered Parking, Tennis Court",6170000
Koramangala,872,2,1.0,2.0,Semi-Furnished,"Covered Parking, Jogging Track, Landscaped Garden, Swimming Pool",10860000
Banashankari,570,1,1.0,3.0,Semi-Furnished,"24/7 Security, Children's Play Area, Covered Parking, Gym, Jogging Track, Landscaped Garden, Tennis Court",3060000
Sarjapur Road,1810,3,3.0,4.0,Semi-Furnished,"Covered Parking, Tennis Court",14200000
HSR Layout,1824,3,3.0,0.0,Semi-Furnished,"Clubhouse, Covered Parking, Power Backup, Swimming Pool",21360000
Sarjapur Road,1127,2,2.0,2.0,,"Gym, Intercom, Jogging Track, Power Backup",7830000
Electronic City,2562,4,4.0,2.0,Furnished,"Clubhouse, Tennis Court",13240000
Sarjapur Road,1329,2,2.0,0.0,Semi-Furnished,"24/7 Security, Gym, High-Speed Elevators, Landscaped Garden",9530000
Indiranagar,1102,2,2.0,6.0,Unfurnished,"24/7 Security, Children's Play Area, Clubhouse, High-Speed Elevators, Intercom, Power Backup",11710000
Marathahalli,1681,3,2.0,0.0,Semi-Furnished,"24/7 Security, Clubhouse, Intercom, Jogging Track, Power Backup",11030000
Malleshwaram,1028,2,2.0,1.0,Semi-Furnished,"Children's Play Area, Clubhouse, Landscaped Garden, Swimming Pool, Tennis Court",12860000
Hebbal,450,1,1.0,,Semi-Furnished,"Children's Play Area, High-Speed Elevators, Intercom",3380000
HSR Layout,1402,3,2.0,10.0,Furnished,"High-Speed Elevators, Landscaped Garden",13630000
Electronic City,803,2,2.0,16.0,Semi-Furnished,"Clubhouse, Covered Parking, High-Speed Elevators, Tennis Court",3390000
Thanisandra,1631,3,2.0,10.0,Semi-Furnished,"24/7 Security, Clubhouse, Covered Parking, High-Speed Elevators, Intercom, Jogging Track, Power Backup, Swimming Pool, Tennis Court",11230000
Whitefield,1799,3,3.0,2.0,Unfurnished,"24/7 Security, Covered Parking, Gym, High-Speed Elevators, Intercom, Jogging Track, Landscaped Garden, Power Backup, Swimming Pool",10880000
Hebbal,1900,3,3.0,1.0,Furnished,"24/7 Security, High-Speed Elevators, Intercom, Jogging Track, Swimming Pool, Tennis Court",19720000
Koramangala,1108,2,2.0,4.0,Semi-Furnished,"Children's Play Area, Gym, High-Speed Elevators",10460000
Jayanagar,1408,3,3.0,12.0,Unfurnished,"High-Speed Elevators, Landscaped Garden, Power Backup",14900000
HSR Layout,532,1,1.0,5.0,Semi-Furnished,"24/7 Security, Covered Parking, Swimming Pool",4630000
Whitefield,450,1,1.0,8.0,Semi-Furnished,"Children's Play Area, Jogging Track, Swimming Pool, Tennis Court",2400000
Sarjapur Road,1123,2,2.0,2.0,Semi-Furnished,"24/7 Security, High-Speed Elevators, Intercom, Power Backup",7720000
Whitefield,2023,3,3.0,11.0,Semi-Furnished,"24/7 Security, Children's Play Area, Clubhouse, Covered Parking, Gym, Intercom, Jogging Track, Tennis Court",10090000
Koramangala,1709,3,3.0,1.0,Unfurnished,"24/7 Security, Covered Parking, High-Speed Elevators, Intercom, Landscaped Garden, Swimming Pool, Tennis Court",20610000
Yelahanka,1419,3,2.0,5.0,Semi-Furnished,"24/7 Security, Children's Play Area, Covered Parking, High-Speed Elevators, Intercom, Jogging Track, Landscaped Garden, Power Backup, Tennis Court",9720000
Bellandur,1668,3,3.0,5.0,Semi-Furnished,"24/7 Security, Children's Play Area, Clubhouse, Gym, High-Speed Elevators",13050000
Yelahanka,1710,3,3.0,2.0,Semi-Furnished,"Children's Play Area, Clubhouse, Swimming Pool, Tennis Court",9790000
Koramangala,960,2,2.0,2.0,Semi-Furnished,"24/7 Security, Clubhouse, Covered Parking, Gym, Intercom, Jogging Track, Landscaped Garden, Swimming Pool",13740000
Whitefield,2100,4,4.0,3.0,Semi-Furnished,"Covered Parking, Gym, Landscaped Garden, Swimming Pool",13850000
Indiranagar,995,2,1.0,5.0,Semi-Furnished,"Clubhouse, Jogging Track, Landscaped Garden, Power Backup, Swimming Pool, Tennis Court",11900000
Malleshwaram,696,1,1.0,1.0,Furnished,"Children's Play Area, Clubhouse, Gym, Power Backup, Swimming Pool, Tennis Court",7470000
Sarjapur Road,1878,3,2.0,20.0,Unfurnished,"Clubhouse, Covered Parking, High-Speed Elevators, Jogging Track, Power Backup, Swimming Pool, Tennis Court",11690000
Bellandur,1239,2,2.0,1.0,Semi-Furnished,"Clubhouse, Intercom, Jogging Track, Landscaped Garden, Swimming Pool",8150000
Electronic City,1433,3,3.0,0.0,Unfurnished,"Covered Parking, High-Speed Elevators, Intercom, Jogging Track",6320000
Bellandur,1226,2,2.0,2.0,Unfurnished,"Children's Play Area, Clubhouse, Covered Parking, High-Speed Elevators, Jogging Track, Landscaped Garden, Swimming Pool, Tennis Court",8750000
Marathahalli,1241,2,2.0,1.0,Unfurnished,"24/7 Security, Children's Play Area, Clubhouse, Gym, High-Speed Elevators, Intercom, Landscaped Garden, Swimming Pool",7710000
Whitefield,1032,2,1.0,10.0,Furnished,"Children's Play Area, Clubhouse, Intercom, Landscaped Garden, Swimming Pool",5400000
Marathahalli,1616,3,2.0,5.0,Semi-Furnished,"24/7 Security, Clubhouse, Power Backup",9770000
Indiranagar,1307,3,,2.0,Semi-Furnished,"24/7 Security, Children's Play Area, Covered Parking, Gym, Intercom, Jogging Track, Power Backup, Tennis Court",20390000
Whitefield,1569,3,3.0,1.0,Semi-Furnished,"Children's Play Area, Covered Parking, Intercom, Power Backup, Swimming Pool",8960000
Malleshwaram,1836,3,3.0,26.0,Semi-Furnished,"Clubhouse, Gym, High-Speed Elevators, Intercom, Jogging Track, Landscaped Garden, Power Backup, Tennis Court",14150000
Marathahalli,1198,2,2.0,22.0,Semi-Furnished,"Children's Play Area, Clubhouse, Gym, High-Speed Elevators, Intercom",6300000
Whitefield,584,1,1.0,7.0,Semi-Furnished,"24/7 Security, Children's Play Area, Clubhouse, Intercom, Power Backup, Swimming Pool",3310000
Marathahalli,1300,3,2.0,9.0,Semi-Furnished,"Clubhouse, Intercom, Jogging Track, Landscaped Garden, Power Backup",7400000
Rajajinagar,1822,3,2.0,4.0,Semi-Furnished,"Children's Play Area, Clubhouse, Gym, High-Speed Elevators, Landscaped Garden",18930000
Rajajinagar,1159,2,,13.0,Unfurnished,"Covered Parking, High-Speed Elevators, Power Backup, Swimming Pool",10630000
HSR Layout,1794,3,3.0,1.0,Semi-Furnished,"Gym, Swimming Pool",16840000
Whitefield,800,2,2.0,1.0,Semi-Furnished,"Clubhouse, Jogging Track, Landscaped Garden, Swimming Pool",4420000
Bellandur,562,1,1.0,0.0,Furnished,"24/7 Security, Gym, High-Speed Elevators, Jogging Track, Power Backup",3980000
Jayanagar,1015,2,2.0,1.0,Furnished,"Children's Play Area, Clubhouse, Jogging Track",12850000
Electronic City,742,1,1.0,3.0,Semi-Furnished,"Covered Parking, High-Speed Elevators, Intercom, Power Backup, Swimming Pool",3470000
HSR Layout,1676,3,3.0,0.0,Furnished,"Covered Parking, Gym, High-Speed Elevators, Intercom, Power Backup, Tennis Court",19000000
HSR Layout,1132,2,2.0,8.0,Semi-Furnished,"Children's Play Area, Gym, Jogging Track, Landscaped Garden, Swimming Pool, Tennis Court",9980000
Indiranagar,2100,4,3.0,1.0,Semi-Furnished,"24/7 Security, Clubhouse, Intercom",28230000
Rajajinagar,697,1,1.0,1.0,Semi-Furnished,"24/7 Security, Gym, High-Speed Elevators, Intercom, Power Backup",7410000
Koramangala,918,2,2.0,3.0,Furnished,"Gym, Intercom, Landscaped Garden",12380000
Koramangala,617,1,1.0,1.0,Semi-Furnished,"24/7 Security, Children's Play Area, Clubhouse, High-Speed Elevators, Jogging Track",6620000
Electronic City,1055,2,2.0,23.0,Unfurnished,"24/7 Security, High-Speed Elevators, Intercom",4300000
Hebbal,961,2,2.0,9.0,Furnished,"24/7 Security, Children's Play Area, Clubhouse, Jogging Track, Swimming Pool",7880000
Electronic City,1854,3,3.0,1.0,Unfurnished,"Clubhouse, Gym, Power Backup, Swimming Pool",9660000
Marathahalli,1300,3,3.0,11.0,Semi-Furnished,"Clubhouse, Gym, High-Speed Elevators, Jogging Track, Landscaped Garden",8060000
Electronic City,1217,2,2.0,4.0,Furnished,"Covered Parking, High-Speed Elevators, Power Backup, Swimming Pool",6780000
Hebbal,2208,4,3.0,7.0,Semi-Furnished,"24/7 Security, Covered Parking, Power Backup, Swimming Pool",20120000
HSR Layout,569,1,1.0,0.0,Semi-Furnished,"Children's Play Area, Intercom, Landscaped Garden",5480000
Marathahalli,1012,2,2.0,6.0,Furnished,"Covered Parking, High-Speed Elevators, Jogging Track, Power Backup, Swimming Pool",6230000
Bellandur,1274,2,2.0,7.0,Semi-Furnished,"Jogging Track, Landscaped Garden",9430000
Electronic City,1028,2,2.0,8.0,Unfurnished,"24/7 Security, Children's Play Area, Clubhouse, Jogging Track",4560000
Jayanagar,2583,4,4.0,1.0,Semi-Furnished,"24/7 Security, Children's Play Area, Clubhouse, Power Backup, Tennis Court",32030000
Sarjapur Road,1356,2,2.0,16.0,Semi-Furnished,"Clubhouse, Power Backup, Tennis Court",8090000
Indiranagar,1120,2,1.0,3.0,Semi-Furnished,"Children's Play Area, Gym, Tennis Court",15460000
Hebbal,2057,3,2.0,3.0,Unfurnished,"Children's Play Area, Clubhouse, Gym, Power Backup",20240000
Electronic City,2436,4,3.0,1.0,Furnished,"24/7 Security, Clubhouse, Gym, High-Speed Elevators, Intercom, Landscaped Garden, Power Backup",13290000
Sarjapur Road,1041,2,1.0,0.0,Furnished,"Gym, High-Speed Elevators, Power Backup",6750000
Koramangala,1084,2,2.0,0.0,Semi-Furnished,"Children's Play Area, High-Speed Elevators, Landscaped Garden, Power Backup, Swimming Pool, Tennis Court",13990000
HSR Layout,1022,2,2.0,4.0,Semi-Furnished,"24/7 Security, Covered Parking, Jogging Track, Power Backup",8680000
Whitefield,611,1,1.0,5.0,Unfurnished,"High-Speed Elevators, Intercom, Swimming Pool",2770000
Yelahanka,2509,4,3.0,9.0,Semi-Furnished,"24/7 Security, Gym, High-Speed Elevators, Landscaped Garden, Power Backup, Tennis Court",15670000
Banashankari,1611,3,3.0,4.0,Semi-Furnished,"Gym, Tennis Court",10550000
Jayanagar,1187,2,2.0,5.0,Furnished,"24/7 Security, Covered Parking, Intercom, Tennis Court",14870000
Koramangala,1102,2,1.0,7.0,Unfurnished,"24/7 Security, High-Speed Elevators, Jogging Track",13090000
Hebbal,603,1,1.0,1.0,Unfurnished,"Children's Play Area, Intercom, Jogging Track, Power Backup, Swimming Pool, Tennis Court",4370000
Bellandur,686,1,1.0,15.0,Semi-Furnished,"Clubhouse, Gym, High-Speed Elevators, Jogging Track, Swimming Pool, Tennis Court",4610000
HSR Layout,1111,2,2.0,8.0,Unfurnished,"Children's Play Area, Clubhouse, Landscaped Garden",8530000
Sarjapur Road,1633,3,3.0,2.0,Semi-Furnished,"Covered Parking, Intercom, Swimming Pool",11320000
Indiranagar,1431,3,3.0,7.0,Semi-Furnished,"Children's Play Area, Covered Parking, High-Speed Elevators, Jogging Track, Swimming Pool, Tennis Court",19210000
Thanisandra,1104,2,2.0,2.0,Unfurnished,"Covered Parking, High-Speed Elevators, Intercom, Landscaped Garden",6290000
HSR Layout,878,2,2.0,2.0,Semi-Furnished,"Intercom, Power Backup, Tennis Court",8300000
Hebbal,2576,4,4.0,8.0,Semi-Furnished,"24/7 Security, High-Speed Elevators, Landscaped Garden",20180000
Hebbal,2284,3,3.0,18.0,Unfurnished,"24/7 Security, Children's Play Area, Covered Parking, High-Speed Elevators, Jogging Track, Landscaped Garden, Power Backup, Swimming Pool, Tennis Court",18480000
Yelahanka,522,1,1.0,16.0,Unfurnished,"Clubhouse, Gym, High-Speed Elevators, Jogging Track, Landscaped Garden, Power Backup, Tennis Court",2810000
Marathahalli,585,1,1.0,3.0,Unfurnished,"Clubhouse, Gym, Jogging Track, Swimming Pool, Tennis Court",3590000
Whitefield,1582,3,2.0,,Furnished,"24/7 Security, Children's Play Area, Clubhouse, Gym, Intercom, Jogging Track, Swimming Pool",9620000
Indiranagar,1500,3,3.0,20.0,Semi-Furnished,"Children's Play Area, Clubhouse, Covered Parking, Gym, Intercom, Landscaped Garden, Swimming Pool, Tennis Court",15350000
Thanisandra,1042,2,2.0,2.0,Semi-Furnished,"24/7 Security, Landscaped Garden, Power Backup, Tennis Court",6470000
Indiranagar,1678,3,3.0,3.0,Semi-Furnished,"24/7 Security, Covered Parking, Intercom, Landscaped Garden, Tennis Court",22080000
Whitefield,933,2,1.0,4.0,Semi-Furnished,"Clubhouse, Gym, High-Speed Elevators, Intercom, Landscaped Garden, Power Backup",5120000
Hebbal,922,2,1.0,0.0,Semi-Furnished,"Children's Play Area, Clubhouse, High-Speed Elevators, Jogging Track, Landscaped Garden",8060000
Electronic City,1688,3,3.0,1.0,Unfurnished,"Clubhouse, Covered Parking, Intercom, Tennis Court",8050000
Yelahanka,2545,4,4.0,12.0,Furnished,"24/7 Security, Landscaped Garden, Power Backup",18520000
Koramangala,1670,3,3.0,2.0,Semi-Furnished,"Gym, Intercom, Swimming Pool, Tennis Court",22720000
Bellandur,1300,3,2.0,3.0,Furnished,"24/7 Security, Children's Play Area, High-Speed Elevators, Intercom, Power Backup",10830000
Sarjapur Road,1076,2,1.0,0.0,Semi-Furnished,"24/7 Security, Clubhouse, Covered Parking, High-Speed Elevators, Landscaped Garden, Power Backup, Swimming Pool, Tennis Court",8820000
Electronic City,2252,4,4.0,10.0,Unfurnished,"Gym, Intercom, Swimming Pool",10300000
Whitefield,2579,4,4.0,3.0,Unfurnished,"Children's Play Area, Clubhouse, High-Speed Elevators, Intercom, Swimming Pool",14990000
Marathahalli,1071,2,2.0,12.0,Semi-Furnished,"High-Speed Elevators, Landscaped Garden, Power Backup, Swimming Pool, Tennis Court",6310000
Electronic City,1207,2,2.0,1.0,Furnished,"Clubhouse, High-Speed Elevators, Tennis Court",5260000
Malleshwaram,1748,3,2.0,0.0,Semi-Furnished,"Clubhouse, High-Speed Elevators",23260000
Indiranagar,1233,2,2.0,5.0,Furnished,"Clubhouse, Power Backup, Swimming Pool",16100000
Marathahalli,1801,3,3.0,0.0,Semi-Furnished,"High-Speed Elevators, Jogging Track, Swimming Pool, Tennis Court",14390000
Sarjapur Road,1566,3,2.0,1.0,Semi-Furnished,"Children's Play Area, Clubhouse, Covered Parking, Gym, Tennis Court",12610000
Electronic City,1144,2,2.0,16.0,Unfurnished,"24/7 Security, Clubhouse, High-Speed Elevators, Intercom, Power Backup, Swimming Pool",4950000
Indiranagar,1024,2,2.0,11.0,Semi-Furnished,"24/7 Security, Gym, High-Speed Elevators, Swimming Pool",13570000
Bellandur,1355,3,3.0,1.0,Semi-Furnished,"Covered Parking, Power Backup",11730000
Bellandur,1308,2,1.0,4.0,Semi-Furnished,"24/7 Security, High-Speed Elevators, Intercom",9860000
Sarjapur Road,1108,2,2.0,0.0,Semi-Furnished,"Children's Play Area, High-Speed Elevators, Landscaped Garden",7080000
Whitefield,1556,3,3.0,21.0,Furnished,"Jogging Track, Landscaped Garden, Power Backup, Swimming Pool",9300000
Electronic City,1300,3,3.0,4.0,Semi-Furnished,"Children's Play Area, Intercom, Tennis Court",5940000
Whitefield,2060,3,3.0,3.0,Furnished,"Clubhouse, Gym, Landscaped Garden, Power Backup, Swimming Pool, Tennis Court",14560000
Bellandur,1376,3,2.0,1.0,Unfurnished,"Clubhouse, Gym, Landscaped Garden, Power Backup, Swimming Pool, Tennis Court",10800000
Marathahalli,845,2,2.0,1.0,Semi-Furnished,"24/7 Security, Children's Play Area, Clubhouse, Gym, High-Speed Elevators, Intercom, Power Backup, Swimming Pool",5900000
Malleshwaram,1614,3,3.0,3.0,Semi-Furnished,"Children's Play Area, Intercom",17670000
Banashankari,2425,4,4.0,0.0,Semi-Furnished,"Clubhouse, High-Speed Elevators, Jogging Track",17660000
Banashankari,1726,3,2.0,8.0,Furnished,"Covered Parking, Gym, High-Speed Elevators, Power Backup",13380000
Hebbal,1021,2,2.0,12.0,Unfurnished,"Clubhouse, Intercom, Landscaped Garden, Power Backup, Tennis Court",7810000
Yelahanka,1481,3,3.0,4.0,Furnished,"Gym, Intercom, Jogging Track, Swimming Pool",9280000
Thanisandra,955,2,2.0,2.0,Unfurnished,"Children's Play Area, Clubhouse, Intercom, Jogging Track, Tennis Court",6010000
Thanisandra,2169,4,4.0,10.0,Furnished,"24/7 Security, Children's Play Area, Clubhouse, High-Speed Elevators, Intercom, Jogging Track, Power Backup, Swimming Pool",14170000
Whitefield,2777,4,4.0,6.0,Semi-Furnished,"Children's Play Area, Clubhouse, Landscaped Garden, Power Backup, Tennis Court",16020000
Electronic City,2677,4,3.0,28.0,Unfurnished,"High-Speed Elevators, Landscaped Garden",10310000
Banashankari,1183,2,2.0,0.0,Furnished,"24/7 Security, Clubhouse, Covered Parking, Gym, High-Speed Elevators, Tennis Court",9830000
HSR Layout,3091,4,4.0,27.0,Semi-Furnished,"Children's Play Area, Gym, Intercom, Jogging Track, Tennis Court",27960000
Marathahalli,2343,4,4.0,,Unfurnished,"Covered Parking, Intercom, Power Backup, Swimming Pool",17380000
Whitefield,1044,2,2.0,2.0,Furnished,"24/7 Security, Clubhouse, Gym, Intercom, Jogging Track",6500000
Koramangala,1956,3,3.0,28.0,Semi-Furnished,"24/7 Security, Clubhouse, Landscaped Garden, Swimming Pool",17520000
Yelahanka,1282,2,2.0,6.0,Unfurnished,"High-Speed Elevators, Jogging Track, Swimming Pool, Tennis Court",7320000
Electronic City,1329,2,2.0,1.0,Semi-Furnished,"24/7 Security, Jogging Track, Power Backup",7350000
Jayanagar,1610,3,2.0,,Semi-Furnished,"24/7 Security, Covered Parking, High-Speed Elevators, Landscaped Garden, Swimming Pool",18390000
Jayanagar,1629,3,2.0,1.0,Furnished,"Clubhouse, Covered Parking, Intercom",17400000
Hebbal,1901,3,2.0,5.0,Semi-Furnished,"Covered Parking, High-Speed Elevators, Swimming Pool, Tennis Court",14980000
Whitefield,2375,4,4.0,7.0,Unfurnished,"24/7 Security, High-Speed Elevators, Jogging Track",12720000
HSR Layout,1642,3,3.0,3.0,Furnished,"24/7 Security, Children's Play Area, Jogging Track, Landscaped Garden, Power Backup, Swimming Pool",18970000
Marathahalli,951,2,2.0,2.0,Unfurnished,"Children's Play Area, Covered Parking, Jogging Track, Power Backup, Tennis Court",5450000
Electronic City,2695,4,4.0,8.0,Unfurnished,"Clubhouse, High-Speed Elevators, Jogging Track",13420000
Jayanagar,579,1,1.0,11.0,Unfurnished,"24/7 Security, Clubhouse, Jogging Track, Tennis Court",5320000
Rajajinagar,2100,4,4.0,0.0,Furnished,"Gym, High-Speed Elevators",27910000
Koramangala,1403,3,3.0,7.0,Semi-Furnished,"24/7 Security, Gym, Swimming Pool, Tennis Court",15150000
Electronic City,1053,2,1.0,4.0,Semi-Furnished,"High-Speed Elevators, Jogging Track, Tennis Court",5370000
Bellandur,1075,2,1.0,2.0,Semi-Furnished,"Children's Play Area, Clubhouse, Gym, Jogging Track, Tennis Court",8900000
Hebbal,1414,2,2.0,1.0,Semi-Furnished,"Covered Parking, Landscaped Garden, Power Backup",10720000
Jayanagar,1835,3,2.0,0.0,Furnished,"24/7 Security, Covered Parking, Gym, High-Speed Elevators, Jogging Track, Power Backup, Swimming Pool",25440000
Koramangala,568,1,1.0,,Semi-Furnished,"Covered Parking, Gym, High-Speed Elevators, Landscaped Garden, Power Backup, Swimming Pool, Tennis Court",5440000
Electronic City,800,2,2.0,1.0,Semi-Furnished,"24/7 Security, Clubhouse, High-Speed Elevators, Intercom, Landscaped Garden, Swimming Pool, Tennis Court",4440000
Indiranagar,3800,5,4.0,4.0,Unfurnished,"24/7 Security, Children's Play Area, Covered Parking, Gym, Jogging Track, Landscaped Garden, Swimming Pool",49600000
Malleshwaram,1363,2,2.0,0.0,Semi-Furnished,"Children's Play Area, Clubhouse, Jogging Track",13280000
Whitefield,1405,3,3.0,3.0,Furnished,"Children's Play Area, Clubhouse, High-Speed Elevators, Tennis Court",10110000
Malleshwaram,811,2,2.0,12.0,Semi-Furnished,"Clubhouse, Gym, Jogging Track, Power Backup",7390000
HSR Layout,1271,2,2.0,6.0,Furnished,"Children's Play Area, Clubhouse, Intercom, Swimming Pool",10760000
Indiranagar,1185,2,2.0,3.0,Unfurnished,"Children's Play Area, Swimming Pool, Tennis Court",13380000
Sarjapur Road,1814,3,3.0,28.0,Unfurnished,"24/7 Security, Clubhouse, Intercom, Jogging Track, Power Backup",10590000
Malleshwaram,1202,2,2.0,12.0,Semi-Furnished,"Children's Play Area, High-Speed Elevators, Jogging Track, Power Backup, Tennis Court",11250000
Hebbal,1078,2,2.0,6.0,Semi-Furnished,"24/7 Security, Covered Parking, Landscaped Garden",8840000
Marathahalli,1810,3,3.0,4.0,Furnished,"Clubhouse, Covered Parking, Intercom, Jogging Track, Swimming Pool, Tennis Court",15140000
Indiranagar,1141,2,2.0,7.0,Semi-Furnished,"Covered Parking, Jogging Track, Power Backup",13220000
Electronic City,800,2,2.0,9.0,Furnished,"Children's Play Area, Clubhouse, Covered Parking, Gym, Jogging Track, Power Backup",4240000
Sarjapur Road,2614,4,4.0,5.0,Semi-Furnished,"Intercom, Landscaped Garden, Tennis Court",20960000
Whitefield,551,1,1.0,3.0,Furnished,"High-Speed Elevators, Jogging Track, Tennis Court",2750000
Bellandur,1626,3,3.0,4.0,Furnished,"24/7 Security, Children's Play Area, Covered Parking, High-Speed Elevators, Tennis Court",13760000
HSR Layout,1028,2,2.0,3.0,Furnished,"24/7 Security, Children's Play Area",10120000
Bellandur,1927,3,2.0,11.0,Semi-Furnished,"Gym, Jogging Track, Power Backup, Swimming Pool, Tennis Court",15360000
Malleshwaram,782,1,1.0,3.0,Semi-Furnished,"Clubhouse, Covered Parking, Intercom, Landscaped Garden, Swimming Pool, Tennis Court",9430000
Indiranagar,1544,3,3.0,6.0,Furnished,"Children's Play Area, Gym, Power Backup, Swimming Pool",19930000
Indiranagar,1300,3,2.0,4.0,Semi-Furnished,"24/7 Security, Intercom, Landscaped Garden, Power Backup",14710000
Rajajinagar,747,1,1.0,4.0,Furnished,"Jogging Track, Tennis Court",6520000
Marathahalli,800,2,2.0,8.0,Unfurnished,"Children's Play Area, Covered Parking, Tennis Court",4620000
Malleshwaram,800,2,2.0,,Furnished,"24/7 Security, Gym, High-Speed Elevators, Intercom, Landscaped Garden, Tennis Court",8350000
Koramangala,1126,2,2.0,14.0,Semi-Furnished,"Children's Play Area, High-Speed Elevators",13700000
Malleshwaram,1679,3,3.0,8.0,Unfurnished,"24/7 Security, Children's Play Area, Clubhouse, Jogging Track, Landscaped Garden, Tennis Court",18120000
Whitefield,1307,2,2.0,1.0,Semi-Furnished,"Children's Play Area, Covered Parking, High-Speed Elevators, Jogging Track, Power Backup, Swimming Pool, Tennis Court",7400000
Koramangala,1893,3,3.0,10.0,Semi-Furnished,"24/7 Security, Clubhouse, Covered Parking, Gym, Intercom, Swimming Pool",21290000
Bellandur,1681,3,2.0,18.0,Unfurnished,"24/7 Security, Children's Play Area, Gym, Intercom, Jogging Track, Landscaped Garden, Power Backup, Swimming Pool",10950000
Jayanagar,1025,2,2.0,9.0,Unfurnished,"Children's Play Area, Clubhouse, Covered Parking, Gym, Jogging Track, Power Backup, Tennis Court",10400000
Koramangala,594,1,1.0,10.0,Furnished,"Clubhouse, Covered Parking, High-Speed Elevators, Intercom, Landscaped Garden",5890000
Yelahanka,628,1,1.0,6.0,Semi-Furnished,"24/7 Security, Children's Play Area, Covered Parking, High-Speed Elevators, Landscaped Garden, Power Backup",3750000
Whitefield,1421,3,3.0,2.0,Furnished,"24/7 Security, Children's Play Area, Clubhouse, Gym, High-Speed Elevators, Intercom, Swimming Pool",9940000
Electronic City,1300,3,2.0,14.0,Semi-Furnished,"24/7 Security, Children's Play Area, Jogging Track, Swimming Pool",5210000
Electronic City,1447,3,3.0,7.0,Semi-Furnished,"Gym, Landscaped Garden",7520000
Bellandur,920,2,2.0,1.0,Furnished,"Gym, Tennis Court",7270000
Marathahalli,1643,3,2.0,1.0,Semi-Furnished,"24/7 Security, Children's Play Area, Clubhouse, Jogging Track, Landscaped Garden, Power Backup, Swimming Pool, Tennis Court",12470000
Indiranagar,653,1,1.0,0.0,Furnished,"High-Speed Elevators, Intercom, Jogging Track, Swimming Pool",7270000
Whitefield,1195,2,2.0,2.0,Semi-Furnished,"24/7 Security, Intercom, Power Backup, Swimming Pool, Tennis Court",7280000
Rajajinagar,937,2,2.0,3.0,Semi-Furnished,"24/7 Security, Children's Play Area, Clubhouse, Covered Parking, High-Speed Elevators, Intercom, Jogging Track, Landscaped Garden, Tennis Court",9950000
Rajajinagar,564,1,1.0,3.0,Semi-Furnished,"Gym, Jogging Track, Landscaped Garden, Swimming Pool",5030000
Rajajinagar,570,1,1.0,0.0,Furnished,"24/7 Security, Children's Play Area, High-Speed Elevators, Intercom",5650000
Electronic City,575,1,1.0,11.0,Furnished,"Children's Play Area, Covered Parking, Gym, Power Backup",2590000
HSR Layout,1820,3,3.0,20.0,Semi-Furnished,"Children's Play Area, Covered Parking, Gym, High-Speed Elevators, Intercom, Jogging Track, Swimming Pool",15500000
Koramangala,576,1,1.0,2.0,Furnished,"24/7 Security, Clubhouse, Landscaped Garden, Power Backup",7340000
Sarjapur Road,1100,2,2.0,5.0,Semi-Furnished,"Clubhouse, Jogging Track, Tennis Court",7660000
Jayanagar,1084,2,2.0,13.0,Semi-Furnished,"Clubhouse, High-Speed Elevators, Power Backup, Swimming Pool",9760000
Electronic City,1618,3,2.0,9.0,Semi-Furnished,"Gym, Landscaped Garden, Power Backup",8280000
Bellandur,1705,3,3.0,13.0,Furnished,"24/7 Security, Children's Play Area, Covered Parking, Landscaped Garden, Power Backup, Tennis Court",14060000
Hebbal,994,2,1.0,9.0,Furnished,"Clubhouse, Covered Parking, Gym, High-Speed Elevators, Intercom, Jogging Track, Swimming Pool",8600000
HSR Layout,1311,2,2.0,0.0,Semi-Furnished,"24/7 Security, Covered Parking, Gym, High-Speed Elevators",11400000
Electronic City,1505,3,2.0,9.0,Unfurnished,"Children's Play Area, Covered Parking, Gym",7530000
Malleshwaram,1000,2,2.0,8.0,Furnished,"High-Speed Elevators, Intercom, Jogging Track",10830000
Electronic City,1267,2,2.0,0.0,Unfurnished,"24/7 Security, Children's Play Area, High-Speed Elevators, Intercom, Jogging Track, Landscaped Garden, Swimming Pool",6140000
Koramangala,910,2,2.0,6.0,Furnished,"Children's Play Area, Intercom, Jogging Track",11510000
Sarjapur Road,1230,2,2.0,3.0,Furnished,"Clubhouse, Covered Parking, Landscaped Garden",8700000
Electronic City,1121,2,1.0,8.0,Unfurnished,"Children's Play Area, Clubhouse, Covered Parking, Gym, Intercom, Jogging Track, Landscaped Garden, Power Backup",4890000
Electronic City,1864,3,3.0,16.0,Semi-Furnished,"Clubhouse, Jogging Track, Landscaped Garden",8390000
Marathahalli,1162,2,2.0,4.0,Semi-Furnished,"Children's Play Area, Clubhouse, Gym, Jogging Track, Power Backup, Tennis Court",7920000
Whitefield,1126,2,2.0,5.0,Furnished,"Intercom, Jogging Track, Landscaped Garden",6450000
Rajajinagar,1476,3,3.0,1.0,Furnished,"Children's Play Area, High-Speed Elevators, Intercom, Landscaped Garden, Power Backup",16830000
Bellandur,1895,3,2.0,4.0,Furnished,"24/7 Security, Children's Play Area, Gym, Landscaped Garden, Swimming Pool, Tennis Court",16590000
Sarjapur Road,1603,3,2.0,0.0,Unfurnished,"Children's Play Area, Covered Parking",11320000
Malleshwaram,1040,2,1.0,6.0,Semi-Furnished,"24/7 Security, Clubhouse, Covered Parking, Landscaped Garden, Power Backup",10170000
Whitefield,1509,3,3.0,3.0,Semi-Furnished,"24/7 Security, Gym, Intercom, Swimming Pool",7680000
Banashankari,1689,3,2.0,7.0,Semi-Furnished,"Clubhouse, High-Speed Elevators, Intercom, Power Backup",12330000
Sarjapur Road,580,1,1.0,15.0,Semi-Furnished,"Covered Parking, High-Speed Elevators, Intercom, Jogging Track, Landscaped Garden, Swimming Pool",3600000
HSR Layout,826,2,2.0,0.0,,"Children's Play Area, Clubhouse, High-Speed Elevators, Intercom, Power Backup, Swimming Pool, Tennis Court",6430000
Whitefield,1683,3,3.0,12.0,Unfurnished,"24/7 Security, Covered Parking, High-Speed Elevators, Intercom, Landscaped Garden, Power Backup, Tennis Court",9760000
Bellandur,2664,4,3.0,0.0,Furnished,"Children's Play Area, Gym, High-Speed Elevators, Landscaped Garden, Swimming Pool, Tennis Court",24780000
Whitefield,2678,4,4.0,5.0,Unfurnished,"24/7 Security, Clubhouse, High-Speed Elevators, Intercom, Landscaped Garden, Power Backup, Swimming Pool, Tennis Court",19530000
Electronic City,1300,3,3.0,7.0,Semi-Furnished,"Covered Parking, Intercom, Landscaped Garden",5760000
Marathahalli,1156,2,2.0,5.0,Unfurnished,"24/7 Security, Clubhouse, Gym, High-Speed Elevators, Jogging Track, Power Backup",6720000
Electronic City,1396,3,3.0,0.0,Furnished,"24/7 Security, Covered Parking, Intercom, Swimming Pool, Tennis Court",8340000
Electronic City,1335,3,2.0,2.0,Furnished,"Clubhouse, Covered Parking, High-Speed Elevators, Intercom, Jogging Track, Landscaped Garden, Power Backup, Swimming Pool, Tennis Court",7400000
Indiranagar,836,2,1.0,0.0,Semi-Furnished,"Children's Play Area, Gym, High-Speed Elevators, Landscaped Garden, Power Backup",11490000
Bellandur,1601,3,3.0,0.0,Furnished,"Gym, Intercom, Landscaped Garden, Tennis Court",12590000
Whitefield,1453,3,3.0,1.0,Unfurnished,"24/7 Security, Covered Parking",7910000
Jayanagar,1301,2,1.0,3.0,Unfurnished,"Children's Play Area, Gym, Landscaped Garden, Power Backup",15860000
Koramangala,1864,3,3.0,3.0,Furnished,"Covered Parking, High-Speed Elevators, Jogging Track, Landscaped Garden, Swimming Pool",29420000
Thanisandra,902,2,2.0,8.0,Unfurnished,"24/7 Security, Clubhouse, Covered Parking, Intercom",4950000
Yelahanka,2757,4,4.0,2.0,Unfurnished,"24/7 Security, Covered Parking, Jogging Track, Swimming Pool",17160000
HSR Layout,1161,2,2.0,1.0,Semi-Furnished,"24/7 Security, Clubhouse, Covered Parking, Jogging Track, Swimming Pool",10640000
Yelahanka,1622,3,2.0,7.0,Semi-Furnished,"24/7 Security, Children's Play Area, Gym, High-Speed Elevators, Intercom, Power Backup, Tennis Court",9560000
Thanisandra,1807,3,2.0,5.0,Semi-Furnished,"24/7 Security, Tennis Court",10620000
Bellandur,2667,4,3.0,3.0,Unfurnished,"Gym, High-Speed Elevators, Intercom, Tennis Court",19500000
Electronic City,1322,2,2.0,21.0,Unfurnished,"Clubhouse, Gym, Intercom, Jogging Track, Power Backup, Swimming Pool",4810000
Bellandur,1099,2,2.0,0.0,Semi-Furnished,"24/7 Security, Children's Play Area, Clubhouse, Covered Parking, Jogging Track, Swimming Pool, Tennis Court",8720000
Marathahalli,4501,5,5.0,0.0,Unfurnished,"Covered Parking, Landscaped Garden",34560000
Malleshwaram,1224,2,2.0,1.0,Unfurnished,"Clubhouse, High-Speed Elevators, Intercom",13490000
Hebbal,1154,2,2.0,3.0,Semi-Furnished,"Children's Play Area, Clubhouse, Gym, High-Speed Elevators, Power Backup, Swimming Pool, Tennis Court",9810000
Marathahalli,981,2,2.0,17.0,Semi-Furnished,"Intercom, Landscaped Garden, Swimming Pool",5160000
Bellandur,1696,3,2.0,3.0,,"Children's Play Area, Clubhouse, Covered Parking, Gym, Landscaped Garden, Power Backup, Swimming Pool, Tennis Court",13150000
Marathahalli,2781,4,3.0,7.0,Furnished,"Gym, High-Speed Elevators, Intercom, Landscaped Garden, Swimming Pool",18250000
Whitefield,2119,4,4.0,25.0,Semi-Furnished,"Children's Play Area, Covered Parking, High-Speed Elevators, Intercom, Landscaped Garden, Power Backup",10850000
Yelahanka,2100,4,3.0,0.0,Furnished,"24/7 Security, Clubhouse, Jogging Track",13500000
HSR Layout,1457,3,3.0,4.0,Semi-Furnished,"Children's Play Area, Intercom, Landscaped Garden",14300000
Hebbal,1761,3,2.0,1.0,Furnished,"24/7 Security, High-Speed Elevators, Tennis Court",15640000
Indiranagar,1582,3,3.0,,Unfurnished,"24/7 Security, Covered Parking, Power Backup, Swimming Pool",16880000
Bellandur,2014,3,2.0,0.0,Semi-Furnished,"Children's Play Area, High-Speed Elevators, Power Backup, Swimming Pool",14980000
Marathahalli,1007,2,2.0,23.0,Furnished,"24/7 Security, Clubhouse, Covered Parking, Gym, High-Speed Elevators, Landscaped Garden, Swimming Pool, Tennis Court",5080000
Yelahanka,696,1,1.0,1.0,Semi-Furnished,"Gym, Intercom, Tennis Court",3750000
Indiranagar,1735,3,3.0,6.0,Semi-Furnished,"Clubhouse, Gym, Landscaped Garden, Swimming Pool",24730000
Hebbal,2694,4,3.0,3.0,Semi-Furnished,"Children's Play Area, Covered Parking, High-Speed Elevators, Jogging Track, Landscaped Garden, Swimming Pool",27750000
Bellandur,1578,3,3.0,0.0,Semi-Furnished,"Children's Play Area, Jogging Track, Landscaped Garden, Power Backup, Swimming Pool, Tennis Court",12940000
HSR Layout,1904,3,3.0,10.0,Furnished,"Gym, High-Speed Elevators, Jogging Track, Landscaped Garden, Swimming Pool, Tennis Court",19370000
Electronic City,1074,2,2.0,3.0,Furnished,"Covered Parking, Swimming Pool, Tennis Court",5580000
Whitefield,2847,4,4.0,3.0,Semi-Furnished,"Intercom, Landscaped Garden, Power Backup, Swimming Pool, Tennis Court",18210000
Electronic City,1072,2,2.0,5.0,Semi-Furnished,"Gym, High-Speed Elevators, Intercom, Swimming Pool",5040000
Koramangala,1781,3,2.0,18.0,Semi-Furnished,"Clubhouse, Gym, High-Speed Elevators, Swimming Pool",17340000
Whitefield,925,2,2.0,28.0,Unfurnished,"Covered Parking, High-Speed Elevators, Intercom, Power Backup",4520000
Whitefield,2536,4,4.0,8.0,Furnished,"High-Speed Elevators, Jogging Track, Power Backup, Tennis Court",16760000
Whitefield,943,2,2.0,3.0,Furnished,"24/7 Security, Children's Play Area, Clubhouse, High-Speed Elevators, Landscaped Garden, Power Backup, Swimming Pool, Tennis Court",7090000
Marathahalli,1069,2,2.0,5.0,Semi-Furnished,"Power Backup, Tennis Court",7580000
Hebbal,1127,2,2.0,1.0,Semi-Furnished,"24/7 Security, Children's Play Area, Intercom, Jogging Track",11290000
Whitefield,3113,5,5.0,0.0,Unfurnished,"Clubhouse, Gym, High-Speed Elevators, Jogging Track, Landscaped Garden, Power Backup, Tennis Court",21620000
Hebbal,1497,3,3.0,12.0,Semi-Furnished,"Children's Play Area, Gym",12030000
Malleshwaram,1061,2,2.0,4.0,Semi-Furnished,"Children's Play Area, Intercom, Jogging Track, Landscaped Garden, Swimming Pool",11560000
Banashankari,1615,3,2.0,0.0,Unfurnished,"Covered Parking, Gym, Intercom, Landscaped Garden, Power Backup, Tennis Court",13100000
Whitefield,584,1,1.0,9.0,Semi-Furnished,"24/7 Security, Clubhouse, Covered Parking, Gym, Intercom, Jogging Track, Landscaped Garden, Swimming Pool, Tennis Court",3460000
Whitefield,1124,2,2.0,11.0,Unfurnished,"Children's Play Area, Power Backup, Tennis Court",5690000
Bellandur,810,1,1.0,7.0,Semi-Furnished,"24/7 Security, Children's Play Area, Covered Parking, Gym, High-Speed Elevators, Jogging Track",5300000
Koramangala,1417,3,,7.0,Semi-Furnished,"Children's Play Area, Covered Parking, High-Speed Elevators, Landscaped Garden, Swimming Pool",16430000
Marathahalli,1755,3,3.0,10.0,Unfurnished,"Covered Parking, Swimming Pool",11210000
Whitefield,1300,3,2.0,3.0,Semi-Furnished,"Clubhouse, Intercom",8440000
Thanisandra,457,1,1.0,12.0,Semi-Furnished,"Gym, Jogging Track, Tennis Court",2530000
Rajajinagar,3587,5,5.0,8.0,Semi-Furnished,"Covered Parking, High-Speed Elevators, Landscaped Garden, Tennis Court",36530000
Thanisandra,1631,3,2.0,10.0,Semi-Furnished,"24/7 Security, Clubhouse, Covered Parking, High-Speed Elevators, Intercom, Jogging Track, Power Backup, Swimming Pool, Tennis Court",11230000
Marathahalli,2310,4,4.0,8.0,Furnished,"Children's Play Area, Clubhouse, Covered Parking, Gym",15360000
Marathahalli,1007,2,2.0,8.0,Unfurnished,"Covered Parking, Landscaped Garden, Power Backup",6760000
Electronic City,1483,3,3.0,19.0,Furnished,"24/7 Security, Children's Play Area, Covered Parking, Intercom, Power Backup",6330000
Koramangala,501,1,1.0,9.0,Semi-Furnished,"24/7 Security, Clubhouse, Covered Parking, Gym, Landscaped Garden, Tennis Court",6320000
Marathahalli,1200,2,1.0,2.0,Semi-Furnished,"Children's Play Area, High-Speed Elevators, Intercom, Landscaped Garden, Power Backup",7400000
Indiranagar,1153,2,2.0,6.0,Furnished,"24/7 Security, Children's Play Area, Covered Parking, Power Backup, Tennis Court",12930000
Jayanagar,649,1,1.0,27.0,Semi-Furnished,"Clubhouse, Swimming Pool",5840000
Koramangala,593,1,1.0,1.0,Unfurnished,"24/7 Security, Children's Play Area, High-Speed Elevators, Power Backup",6840000
Marathahalli,2859,4,4.0,2.0,Semi-Furnished,"Children's Play Area, Clubhouse, Covered Parking, Landscaped Garden, Swimming Pool",19490000
Yelahanka,1689,3,2.0,2.0,Semi-Furnished,"Children's Play Area, Clubhouse, Covered Parking, Gym, High-Speed Elevators, Jogging Track, Landscaped Garden, Swimming Pool",11930000
Marathahalli,1530,3,3.0,0.0,Unfurnished,"Children's Play Area, Clubhouse, Covered Parking, High-Speed Elevators, Intercom, Power Backup, Swimming Pool, Tennis Court",12180000
HSR Layout,1782,3,2.0,0.0,Semi-Furnished,"Clubhouse, Gym, High-Speed Elevators, Landscaped Garden, Power Backup",16870000
Rajajinagar,1271,2,1.0,0.0,Semi-Furnished,"24/7 Security, Clubhouse, Jogging Track, Landscaped Garden, Tennis Court",10790000
Marathahalli,629,1,1.0,4.0,Unfurnished,"24/7 Security, Children's Play Area, Covered Parking, Landscaped Garden, Swimming Pool, Tennis Court",4060000
Bellandur,1155,2,1.0,0.0,Unfurnished,"24/7 Security, Jogging Track, Power Backup",8380000
Jayanagar,1647,3,2.0,9.0,Semi-Furnished,"Children's Play Area, Clubhouse, Jogging Track, Landscaped Garden",21420000
Marathahalli,2182,4,4.0,5.0,Semi-Furnished,"Clubhouse, Covered Parking, Gym, Swimming Pool",15520000
Hebbal,1633,3,3.0,11.0,Semi-Furnished,"24/7 Security, Children's Play Area, Tennis Court",10920000
Jayanagar,1166,2,2.0,9.0,Semi-Furnished,"Clubhouse, Covered Parking, High-Speed Elevators, Power Backup",10690000
HSR Layout,1658,3,3.0,2.0,Semi-Furnished,"24/7 Security, Gym, Intercom, Landscaped Garden, Power Backup, Swimming Pool, Tennis Court",16150000
Sarjapur Road,1592,3,2.0,3.0,Furnished,"24/7 Security, Clubhouse, Covered Parking, High-Speed Elevators, Tennis Court",12780000
Bellandur,1705,3,3.0,0.0,Semi-Furnished,"24/7 Security, Children's Play Area, Gym, High-Speed Elevators, Intercom, Jogging Track, Swimming Pool",14390000
Bellandur,1485,3,3.0,7.0,Unfurnished,"24/7 Security, Clubhouse, High-Speed Elevators, Jogging Track",10530000
Sarjapur Road,2623,4,4.0,2.0,Unfurnished,"Gym, Intercom, Landscaped Garden, Swimming Pool",20290000
HSR Layout,895,2,2.0,26.0,Furnished,"24/7 Security, Covered Parking, Gym, Landscaped Garden, Power Backup",5820000
Electronic City,2233,4,4.0,1.0,Semi-Furnished,"Clubhouse, Jogging Track, Tennis Court",9470000
Bellandur,1234,2,2.0,1.0,Furnished,"Clubhouse, Covered Parking, Gym, High-Speed Elevators, Landscaped Garden, Power Backup, Tennis Court",10180000
Electronic City,1529,3,3.0,21.0,Furnished,"24/7 Security, Children's Play Area, Gym, High-Speed Elevators, Intercom, Swimming Pool, Tennis Court",7050000
Yelahanka,2100,4,4.0,11.0,Semi-Furnished,"Clubhouse, Covered Parking, Tennis Court",15580000
HSR Layout,2555,4,4.0,2.0,Furnished,"Gym, Intercom, Jogging Track, Power Backup, Swimming Pool",28200000
Rajajinagar,1490,3,3.0,2.0,,"24/7 Security, Covered Parking, High-Speed Elevators, Intercom, Power Backup, Swimming Pool",18250000
Malleshwaram,1916,3,3.0,1.0,Semi-Furnished,"Children's Play Area, Gym, Intercom",17090000
Banashankari,1244,2,2.0,7.0,Semi-Furnished,"Children's Play Area, Intercom, Tennis Court",8000000
Hebbal,633,1,1.0,9.0,Semi-Furnished,"24/7 Security, Children's Play Area, Clubhouse, Covered Parking, Intercom, Jogging Track",5240000
Thanisandra,966,2,2.0,16.0,Furnished,"24/7 Security, Children's Play Area, Gym, High-Speed Elevators, Intercom, Landscaped Garden, Swimming Pool, Tennis Court",5660000
Marathahalli,719,1,1.0,12.0,Furnished,"24/7 Security, Clubhouse",4230000
Jayanagar,2675,4,3.0,0.0,Semi-Furnished,"Children's Play Area, Covered Parking, Intercom, Jogging Track, Power Backup, Tennis Court",35800000
Bellandur,1300,3,3.0,2.0,Semi-Furnished,"Gym, Intercom, Landscaped Garden, Power Backup, Swimming Pool",11340000
Indiranagar,4180,5,5.0,4.0,Semi-Furnished,"24/7 Security, Children's Play Area, Swimming Pool",69100000
Indiranagar,1741,3,2.0,1.0,Unfurnished,"24/7 Security, Children's Play Area, Clubhouse, Covered Parking, Jogging Track",23280000
Electronic City,1160,2,2.0,9.0,Semi-Furnished,"24/7 Security, Clubhouse, Jogging Track, Swimming Pool, Tennis Court",4490000
Thanisandra,4273,5,5.0,0.0,Semi-Furnished,"Clubhouse, Intercom, Landscaped Garden, Swimming Pool",30600000
Electronic City,2629,4,4.0,6.0,Semi-Furnished,"High-Speed Elevators, Intercom",11800000
Electronic City,2115,4,3.0,4.0,Unfurnished,"24/7 Security, Children's Play Area, Covered Parking, Intercom, Jogging Track, Landscaped Garden, Power Backup, Swimming Pool, Tennis Court",11070000
Electronic City,957,2,2.0,22.0,Semi-Furnished,"Children's Play Area, Clubhouse, Covered Parking, Jogging Track",3390000
Hebbal,2100,4,4.0,0.0,Semi-Furnished,"Children's Play Area, Jogging Track, Landscaped Garden",17830000
Whitefield,892,2,1.0,24.0,Unfurnished,"Children's Play Area, Clubhouse, Covered Parking, Gym",3810000
Indiranagar,1020,2,1.0,15.0,Semi-Furnished,"Children's Play Area, High-Speed Elevators, Landscaped Garden, Power Backup, Tennis Court",11810000
Sarjapur Road,1107,2,2.0,1.0,Semi-Furnished,"Children's Play Area, Covered Parking, Gym, Intercom, Landscaped Garden, Power Backup, Swimming Pool",7540000
Malleshwaram,1667,3,2.0,5.0,Semi-Furnished,"Clubhouse, Landscaped Garden, Power Backup",19660000
Koramangala,2055,3,2.0,10.0,Furnished,"24/7 Security, High-Speed Elevators, Intercom, Swimming Pool, Tennis Court",24490000
Marathahalli,1409,3,3.0,8.0,Semi-Furnished,"24/7 Security, High-Speed Elevators, Intercom, Jogging Track, Swimming Pool",9260000
Yelahanka,1267,2,1.0,6.0,Semi-Furnished,"Children's Play Area, Gym, Jogging Track, Swimming Pool",6700000
Indiranagar,1396,3,2.0,13.0,Semi-Furnished,"Children's Play Area, Covered Parking, Intercom, Landscaped Garden",13770000
Yelahanka,598,1,1.0,1.0,Semi-Furnished,"24/7 Security, Clubhouse, Gym, High-Speed Elevators, Intercom, Jogging Track, Swimming Pool",2840000
Whitefield,1829,3,2.0,20.0,Furnished,"Children's Play Area, Covered Parking, Gym, Intercom, Jogging Track, Power Backup, Tennis Court",9820000
Yelahanka,976,2,2.0,3.0,Unfurnished,"Covered Parking, High-Speed Elevators, Intercom, Jogging Track, Tennis Court",4990000
Banashankari,2506,4,3.0,8.0,Semi-Furnished,"Clubhouse, Covered Parking, Gym, High-Speed Elevators, Jogging Track, Landscaped Garden, Swimming Pool",22870000
Bellandur,1900,3,2.0,2.0,Unfurnished,"Clubhouse, Covered Parking, High-Speed Elevators, Power Backup, Swimming Pool",17000000
Bellandur,1428,2,2.0,2.0,Semi-Furnished,"Intercom, Jogging Track, Swimming Pool, Tennis Court",10630000
HSR Layout,1492,3,3.0,10.0,Unfurnished,"Power Backup, Tennis Court",11830000
Koramangala,3820,5,5.0,12.0,Furnished,"24/7 Security, Clubhouse, Gym, Intercom, Jogging Track, Power Backup, Tennis Court",56390000
HSR Layout,835,2,2.0,1.0,Semi-Furnished,"24/7 Security, Covered Parking, Gym, High-Speed Elevators, Intercom, Jogging Track, Landscaped Garden",7870000
Hebbal,908,2,2.0,10.0,Semi-Furnished,"High-Speed Elevators, Jogging Track, Tennis Court",7870000
Malleshwaram,1033,2,2.0,16.0,Unfurnished,"Children's Play Area, Gym, Landscaped Garden, Power Backup",8440000
Bellandur,1220,2,2.0,2.0,Semi-Furnished,"Intercom, Landscaped Garden",10050000
Electronic City,2888,4,4.0,23.0,Unfurnished,"24/7 Security, Gym, Jogging Track, Landscaped Garden, Power Backup",12430000
Thanisandra,1724,3,3.0,6.0,Semi-Furnished,"Clubhouse, Covered Parking, Landscaped Garden",11260000
Rajajinagar,773,1,1.0,5.0,Semi-Furnished,"24/7 Security, Clubhouse, High-Speed Elevators, Jogging Track, Swimming Pool",6570000
Bellandur,1930,3,3.0,8.0,Furnished,"Children's Play Area, Gym, High-Speed Elevators, Intercom, Jogging Track, Swimming Pool",16490000
Jayanagar,1829,3,3.0,5.0,Semi-Furnished,"Gym, Jogging Track, Swimming Pool",19670000
Whitefield,2541,4,3.0,16.0,Semi-Furnished,"24/7 Security, Covered Parking, Gym, Intercom, Jogging Track, Power Backup, Tennis Court",15670000
Whitefield,1094,2,2.0,10.0,Unfurnished,"24/7 Security, High-Speed Elevators, Tennis Court",4920000
Indiranagar,2375,3,3.0,14.0,Semi-Furnished,"24/7 Security, Intercom, Jogging Track, Power Backup",27300000
Banashankari,2326,4,3.0,10.0,Semi-Furnished,"24/7 Security, Children's Play Area, Covered Parking, Intercom, Jogging Track, Landscaped Garden, Power Backup",14660000
Whitefield,1567,3,2.0,0.0,Semi-Furnished,"Gym, Intercom, Landscaped Garden, Swimming Pool",8460000
Koramangala,1064,2,2.0,6.0,Unfurnished,"Clubhouse, Jogging Track, Landscaped Garden, Power Backup",12610000
Electronic City,1300,3,2.0,0.0,Semi-Furnished,"24/7 Security, Clubhouse, High-Speed Elevators, Power Backup",6430000
Electronic City,1175,2,2.0,19.0,Furnished,"24/7 Security, Children's Play Area, Covered Parking, High-Speed Elevators, Power Backup",5310000
Whitefield,1194,2,2.0,9.0,Semi-Furnished,"24/7 Security, Clubhouse, Covered Parking",7210000
Whitefield,3079,4,3.0,7.0,Unfurnished,"Children's Play Area, Clubhouse, High-Speed Elevators, Landscaped Garden, Tennis Court",15680000
Bellandur,1411,3,2.0,3.0,Unfurnished,"24/7 Security, Covered Parking, Gym, Jogging Track",10270000
Whitefield,1652,3,3.0,4.0,Semi-Furnished,"24/7 Security, Children's Play Area, Gym, Intercom, Swimming Pool",11300000
Jayanagar,1271,2,2.0,6.0,Unfurnished,"24/7 Security, Jogging Track, Swimming Pool, Tennis Court",12860000
Thanisandra,2121,3,3.0,0.0,Unfurnished,"Covered Parking, Jogging Track, Landscaped Garden, Tennis Court",12460000
Thanisandra,870,2,2.0,1.0,Furnished,"Covered Parking, Intercom, Jogging Track",5780000
Marathahalli,1738,3,3.0,1.0,Semi-Furnished,"Children's Play Area, Clubhouse, Covered Parking, Gym, High-Speed Elevators, Swimming Pool, Tennis Court",12480000
Banashankari,1618,3,3.0,15.0,Semi-Furnished,"Children's Play Area, Clubhouse, High-Speed Elevators, Landscaped Garden, Power Backup",11670000
Whitefield,1628,3,3.0,16.0,Semi-Furnished,"24/7 Security, Children's Play Area, Clubhouse, Gym, High-Speed Elevators, Jogging Track, Landscaped Garden, Power Backup",11020000
Electronic City,2609,4,4.0,4.0,Unfurnished,"Clubhouse, Covered Parking, High-Speed Elevators, Intercom, Landscaped Garden, Power Backup, Swimming Pool, Tennis Court",12770000
HSR Layout,1866,3,3.0,7.0,Furnished,"24/7 Security, Gym",17690000
HSR Layout,1118,2,2.0,11.0,Semi-Furnished,"24/7 Security, Clubhouse, Intercom, Power Backup",10910000
Thanisandra,1173,2,1.0,6.0,Semi-Furnished,"24/7 Security, Children's Play Area, Gym, Landscaped Garden",6350000
Hebbal,2652,4,4.0,0.0,Semi-Furnished,"24/7 Security, Children's Play Area, Gym, Intercom",25100000
Thanisandra,1801,3,2.0,0.0,Unfurnished,"Clubhouse, Gym, Landscaped Garden, Swimming Pool, Tennis Court",10530000
Whitefield,583,1,1.0,2.0,Furnished,"Clubhouse, Intercom, Landscaped Garden, Swimming Pool",3630000
Hebbal,970,2,2.0,2.0,Furnished,"Children's Play Area, Gym, High-Speed Elevators, Intercom, Jogging Track",9310000
HSR Layout,1300,3,3.0,0.0,Unfurnished,"24/7 Security, Clubhouse, High-Speed Elevators, Jogging Track, Landscaped Garden, Power Backup",9630000
Indiranagar,1103,2,2.0,6.0,Semi-Furnished,"24/7 Security, Children's Play Area, Clubhouse, Gym, Jogging Track, Power Backup",14710000
Sarjapur Road,953,2,2.0,,Semi-Furnished,"24/7 Security, Intercom, Power Backup",5500000
Electronic City,2592,4,4.0,3.0,Semi-Furnished,"24/7 Security, Children's Play Area, Intercom, Landscaped Garden, Swimming Pool",13090000
Yelahanka,1528,3,3.0,3.0,Unfurnished,"24/7 Security, Covered Parking, Gym, Landscaped Garden",8640000
Marathahalli,1784,3,2.0,0.0,Unfurnished,"Clubhouse, Gym, Jogging Track, Landscaped Garden, Swimming Pool, Tennis Court",10950000
Indiranagar,1035,2,1.0,1.0,Semi-Furnished,"Clubhouse, Gym, High-Speed Elevators, Swimming Pool",11260000
Indiranagar,1110,2,2.0,0.0,Furnished,"24/7 Security, Children's Play Area, Clubhouse, Covered Parking, Gym, Intercom, Jogging Track, Power Backup, Tennis Court",14480000
Indiranagar,1143,2,2.0,2.0,Furnished,"24/7 Security, Children's Play Area, Clubhouse, Landscaped Garden, Power Backup, Swimming Pool, Tennis Court",14180000
Bellandur,2973,4,3.0,2.0,Unfurnished,"24/7 Security, Children's Play Area, Covered Parking, Gym, Swimming Pool, Tennis Court",22420000
Whitefield,2726,4,4.0,1.0,Furnished,"Clubhouse, Jogging Track, Power Backup",19000000
Rajajinagar,3605,4,3.0,11.0,Semi-Furnished,"24/7 Security, Covered Parking, Power Backup",32930000
Electronic City,2578,4,4.0,0.0,Unfurnished,"Covered Parking, High-Speed Elevators, Power Backup",13590000
Yelahanka,1300,3,2.0,0.0,Semi-Furnished,"24/7 Security, Children's Play Area, Gym, Intercom, Jogging Track, Landscaped Garden, Power Backup, Tennis Court",6960000
Electronic City,648,1,1.0,0.0,Unfurnished,"Clubhouse, Covered Parking",2720000
Electronic City,832,2,2.0,11.0,Unfurnished,"Children's Play Area, Clubhouse, High-Speed Elevators, Power Backup, Tennis Court",3190000
Marathahalli,1591,3,3.0,1.0,Semi-Furnished,"Clubhouse, Jogging Track, Swimming Pool",9350000
Marathahalli,674,1,1.0,21.0,Furnished,"Children's Play Area, Gym, High-Speed Elevators, Landscaped Garden, Power Backup",3650000
HSR Layout,1265,2,2.0,5.0,Furnished,"24/7 Security, Clubhouse, Gym, High-Speed Elevators, Intercom, Jogging Track",11520000
Sarjapur Road,566,1,1.0,4.0,Semi-Furnished,"24/7 Security, Covered Parking, Gym",3660000
Bellandur,1194,2,2.0,,Semi-Furnished,"Children's Play Area, High-Speed Elevators, Jogging Track, Landscaped Garden, Power Backup, Swimming Pool, Tennis Court",9160000
Koramangala,706,1,1.0,0.0,Furnished,"24/7 Security, Intercom, Power Backup",7990000
Thanisandra,1090,2,2.0,2.0,Semi-Furnished,"Intercom, Power Backup, Tennis Court",6590000
Indiranagar,1211,2,2.0,,Semi-Furnished,"Covered Parking, Tennis Court",12910000
Koramangala,1162,2,2.0,2.0,Furnished,"Gym, Landscaped Garden",15680000
Electronic City,749,1,1.0,1.0,Furnished,"24/7 Security, Children's Play Area, Gym, Intercom, Power Backup, Swimming Pool, Tennis Court",3680000
Marathahalli,522,1,1.0,23.0,Semi-Furnished,"Covered Parking, Gym, Intercom, Jogging Track",2550000
HSR Layout,2100,4,4.0,10.0,Unfurnished,"Children's Play Area, High-Speed Elevators, Power Backup, Swimming Pool",16520000
Hebbal,1300,3,3.0,1.0,Furnished,"24/7 Security, Clubhouse, Gym, Intercom, Landscaped Garden, Swimming Pool",13130000
Rajajinagar,613,1,1.0,1.0,Semi-Furnished,"24/7 Security, Children's Play Area, Intercom, Jogging Track, Swimming Pool",5700000
Bellandur,961,2,2.0,7.0,Unfurnished,"Covered Parking, High-Speed Elevators, Swimming Pool",6250000
Koramangala,1634,3,2.0,0.0,Semi-Furnished,"Jogging Track, Power Backup",20320000
Electronic City,1206,2,2.0,3.0,Unfurnished,"24/7 Security, Gym, Tennis Court",5350000
Thanisandra,878,2,2.0,5.0,Semi-Furnished,"Gym, Intercom, Jogging Track, Landscaped Garden, Swimming Pool",5120000
Rajajinagar,450,1,1.0,2.0,Semi-Furnished,"Clubhouse, Gym, High-Speed Elevators, Power Backup, Swimming Pool",4640000
Whitefield,1900,3,2.0,4.0,Semi-Furnished,"Clubhouse, Gym, Tennis Court",9650000
Bellandur,1215,2,2.0,4.0,Unfurnished,"24/7 Security, Covered Parking, High-Speed Elevators, Intercom, Jogging Track, Landscaped Garden, Tennis Court",8880000
Whitefield,616,1,1.0,2.0,Furnished,"Covered Parking, Gym, High-Speed Elevators, Intercom",3590000
Banashankari,1704,3,3.0,3.0,Semi-Furnished,"Gym, High-Speed Elevators, Intercom, Landscaped Garden, Power Backup, Swimming Pool",13390000
Hebbal,1754,3,3.0,8.0,Furnished,"Children's Play Area, Covered Parking, Tennis Court",17690000
Sarjapur Road,674,1,1.0,4.0,Unfurnished,"Children's Play Area, Clubhouse, Covered Parking, Gym, Landscaped Garden, Power Backup, Swimming Pool",4240000
Malleshwaram,1085,2,2.0,9.0,Furnished,"24/7 Security, Intercom, Jogging Track, Landscaped Garden, Tennis Court",10620000
Koramangala,2605,4,4.0,20.0,Unfurnished,"Clubhouse, Gym, Power Backup, Tennis Court",27360000
Yelahanka,2198,3,2.0,26.0,Semi-Furnished,"Gym, High-Speed Elevators",10460000
Bellandur,3780,5,5.0,2.0,Semi-Furnished,"24/7 Security, Children's Play Area, Clubhouse, Covered Parking, Jogging Track, Power Backup, Tennis Court",33240000
Koramangala,2870,4,4.0,5.0,Furnished,"Covered Parking, Gym, Landscaped Garden, Tennis Court",29030000
Rajajinagar,1514,3,3.0,0.0,Furnished,"Gym, Jogging Track",15680000
Bellandur,699,1,1.0,3.0,Unfurnished,"Covered Parking, High-Speed Elevators, Landscaped Garden, Power Backup, Tennis Court",4330000
Hebbal,890,2,2.0,1.0,Unfurnished,"Children's Play Area, Covered Parking, Gym, Landscaped Garden",7280000
Marathahalli,1567,3,3.0,0.0,Unfurnished,"24/7 Security, Jogging Track, Power Backup, Swimming Pool",10160000
Indiranagar,1048,2,1.0,14.0,Semi-Furnished,"24/7 Security, Intercom, Landscaped Garden, Power Backup, Swimming Pool, Tennis Court",10710000
Thanisandra,2613,4,,3.0,Unfurnished,"24/7 Security, Children's Play Area, Clubhouse, Covered Parking, Gym, High-Speed Elevators, Landscaped Garden, Swimming Pool",17240000
Whitefield,1580,3,2.0,1.0,Semi-Furnished,"Children's Play Area, Intercom, Landscaped Garden, Power Backup, Swimming Pool",10900000
Yelahanka,604,1,1.0,19.0,Semi-Furnished,"24/7 Security, Children's Play Area, Intercom, Landscaped Garden, Power Backup, Swimming Pool, Tennis Court",2260000
Koramangala,1716,3,3.0,1.0,Semi-Furnished,"24/7 Security, Children's Play Area, Clubhouse, Gym, High-Speed Elevators, Intercom, Jogging Track, Swimming Pool, Tennis Court",22760000
Yelahanka,1602,3,2.0,5.0,Semi-Furnished,"Children's Play Area, Clubhouse, Covered Parking, Intercom, Power Backup",9960000
Hebbal,1120,2,2.0,21.0,Semi-Furnished,"24/7 Security, High-Speed Elevators",7890000
Thanisandra,768,1,1.0,7.0,Furnished,"24/7 Security, Clubhouse, Covered Parking, High-Speed Elevators, Intercom, Landscaped Garden, Tennis Court",5040000
Yelahanka,2284,3,3.0,1.0,Semi-Furnished,"24/7 Security, Children's Play Area, Clubhouse, Gym, Jogging Track, Tennis Court",14680000
Whitefield,1509,3,2.0,6.0,Semi-Furnished,"24/7 Security, Clubhouse, Landscaped Garden",8840000
Electronic City,1821,3,2.0,0.0,Semi-Furnished,"24/7 Security, Covered Parking, Landscaped Garden, Power Backup",8320000
Koramangala,922,2,2.0,5.0,Unfurnished,"24/7 Security, High-Speed Elevators, Intercom, Power Backup, Swimming Pool, Tennis Court",10670000
Hebbal,1851,3,3.0,5.0,Semi-Furnished,"Children's Play Area, Covered Parking, Gym, High-Speed Elevators, Jogging Track, Landscaped Garden, Power Backup",18180000
HSR Layout,1109,2,2.0,3.0,,"Jogging Track, Landscaped Garden, Power Backup",9220000
Banashankari,1831,3,3.0,0.0,Semi-Furnished,"24/7 Security, Clubhouse, Gym, High-Speed Elevators, Landscaped Garden, Swimming Pool",16630000
Whitefield,1050,2,1.0,10.0,Unfurnished,"Children's Play Area, High-Speed Elevators, Jogging Track, Power Backup",6360000
Indiranagar,1248,2,1.0,5.0,Semi-Furnished,"24/7 Security, Covered Parking, Gym, High-Speed Elevators, Jogging Track, Landscaped Garden, Swimming Pool, Tennis Court",15340000
Rajajinagar,3483,5,5.0,5.0,Furnished,"Children's Play Area, Gym, Intercom, Jogging Track, Landscaped Garden, Tennis Court",33180000
Indiranagar,1768,3,2.0,28.0,Furnished,"24/7 Security, Swimming Pool",17880000
Indiranagar,967,2,2.0,2.0,Semi-Furnished,"24/7 Security, Clubhouse, High-Speed Elevators, Intercom, Jogging Track, Swimming Pool, Tennis Court",11120000
Whitefield,3038,4,3.0,2.0,Unfurnished,"24/7 Security, Children's Play Area, Clubhouse, Covered Parking, Gym, Swimming Pool",19430000
Whitefield,1315,3,2.0,0.0,Semi-Furnished,"Clubhouse, Gym, Intercom, Swimming Pool",8130000
Rajajinagar,1633,3,3.0,2.0,Unfurnished,"24/7 Security, Covered Parking, Power Backup",13990000
Marathahalli,1185,2,2.0,0.0,Furnished,"24/7 Security, Children's Play Area, Clubhouse, Gym, Intercom, Tennis Court",9420000
Whitefield,1462,3,2.0,0.0,Semi-Furnished,"Children's Play Area, Covered Parking, Swimming Pool, Tennis Court",9230000
Bellandur,728,1,1.0,28.0,Semi-Furnished,"Children's Play Area, Jogging Track, Swimming Pool, Tennis Court",3970000
Koramangala,2696,4,4.0,11.0,Semi-Furnished,"Clubhouse, Intercom, Landscaped Garden",29070000
Sarjapur Road,1536,3,2.0,0.0,Semi-Furnished,"Children's Play Area, Covered Parking, Intercom, Jogging Track, Power Backup",12250000
Malleshwaram,1660,3,3.0,0.0,Semi-Furnished,"24/7 Security, Swimming Pool",18780000
Whitefield,604,1,1.0,4.0,Unfurnished,"24/7 Security, Children's Play Area, Gym, High-Speed Elevators, Landscaped Garden",3120000
Hebbal,2493,4,4.0,1.0,Semi-Furnished,"24/7 Security, Children's Play Area, Covered Parking, Intercom, Jogging Track, Swimming Pool",20180000
Yelahanka,1453,3,2.0,5.0,Furnished,"24/7 Security, Clubhouse, Covered Parking, Gym, Jogging Track, Landscaped Garden, Power Backup, Tennis Court",9490000
Whitefield,2198,4,3.0,7.0,Semi-Furnished,"24/7 Security, Children's Play Area, Jogging Track, Swimming Pool",13890000
Bellandur,2148,4,4.0,3.0,Furnished,"24/7 Security, Clubhouse, Intercom, Power Backup",17270000
Whitefield,1718,3,3.0,0.0,Semi-Furnished,"Covered Parking, High-Speed Elevators, Intercom, Jogging Track, Power Backup, Tennis Court",11380000
Electronic City,1091,2,2.0,3.0,Semi-Furnished,"Children's Play Area, Clubhouse, Landscaped Garden, Power Backup",4830000
Bellandur,1552,3,3.0,0.0,Unfurnished,"24/7 Security, Covered Parking, High-Speed Elevators, Landscaped Garden, Power Backup, Tennis Court",13260000
Hebbal,1062,2,2.0,8.0,Furnished,"Landscaped Garden, Power Backup",8150000
Koramangala,569,1,1.0,23.0,Furnished,"Clubhouse, Covered Parking, Gym, Intercom, Landscaped Garden, Power Backup",5640000
HSR Layout,2037,3,3.0,18.0,Unfurnished,"High-Speed Elevators, Intercom, Jogging Track, Swimming Pool",18610000
Indiranagar,1868,3,2.0,3.0,Furnished,"Clubhouse, High-Speed Elevators",23530000
Whitefield,1320,2,2.0,9.0,Furnished,"24/7 Security, Children's Play Area, Clubhouse, Tennis Court",7090000
HSR Layout,2537,4,4.0,1.0,Unfurnished,"24/7 Security, Covered Parking, High-Speed Elevators, Jogging Track, Power Backup, Swimming Pool",23540000
Whitefield,1184,2,2.0,0.0,Unfurnished,"Children's Play Area, Landscaped Garden, Power Backup, Swimming Pool",6840000
Yelahanka,1558,3,2.0,7.0,Furnished,"Covered Parking, Gym, Landscaped Garden, Tennis Court",9650000
Electronic City,773,1,1.0,12.0,Semi-Furnished,"Intercom, Swimming Pool",2430000
HSR Layout,1150,2,2.0,7.0,Furnished,"24/7 Security, Children's Play Area, Intercom, Power Backup",13110000
Hebbal,1623,3,3.0,1.0,Furnished,"Gym, High-Speed Elevators, Intercom",15970000
Hebbal,4041,5,5.0,4.0,Semi-Furnished,"Children's Play Area, Intercom, Jogging Track, Landscaped Garden, Power Backup",46740000
Electronic City,2016,3,2.0,10.0,Semi-Furnished,"Covered Parking, Gym, Tennis Court",9250000
Electronic City,565,1,1.0,0.0,Semi-Furnished,"24/7 Security, Children's Play Area, Clubhouse, Covered Parking, Gym, Jogging Track, Landscaped Garden, Tennis Court",2640000
Marathahalli,1946,3,3.0,27.0,Semi-Furnished,"Children's Play Area, Clubhouse, Covered Parking, High-Speed Elevators, Jogging Track, Swimming Pool",11950000
Sarjapur Road,1581,3,3.0,0.0,Unfurnished,"24/7 Security, Clubhouse, Intercom, Power Backup, Swimming Pool, Tennis Court",11940000
Banashankari,1867,3,2.0,3.0,Furnished,"24/7 Security, Children's Play Area, Clubhouse, Covered Parking, Intercom, Landscaped Garden, Swimming Pool, Tennis Court",16120000
HSR Layout,1141,2,2.0,1.0,Semi-Furnished,"Covered Parking, Jogging Track, Power Backup, Swimming Pool",9320000
Yelahanka,3647,5,5.0,4.0,Semi-Furnished,"Children's Play Area, Clubhouse, Gym, Landscaped Garden",26340000
Thanisandra,1081,2,2.0,0.0,Semi-Furnished,"Clubhouse, High-Speed Elevators, Intercom, Landscaped Garden, Swimming Pool",7110000
Koramangala,1931,3,2.0,7.0,Semi-Furnished,"Children's Play Area, Landscaped Garden, Tennis Court",24480000
Indiranagar,2918,4,4.0,8.0,Semi-Furnished,"24/7 Security, Landscaped Garden, Tennis Court",38580000
Electronic City,1475,3,3.0,6.0,Unfurnished,"Covered Parking, Gym, Swimming Pool, Tennis Court",6540000
Indiranagar,1114,2,2.0,12.0,Unfurnished,"24/7 Security, Covered Parking, Landscaped Garden",13610000
Electronic City,2122,3,2.0,11.0,Semi-Furnished,"Covered Parking, Gym, Jogging Track, Landscaped Garden",9460000
Yelahanka,1229,2,2.0,6.0,Unfurnished,"24/7 Security, High-Speed Elevators, Jogging Track, Power Backup",7270000
Electronic City,2018,3,3.0,28.0,Semi-Furnished,"24/7 Security, Children's Play Area, Covered Parking, Landscaped Garden",7390000
Jayanagar,800,2,2.0,1.0,Unfurnished,"24/7 Security, Clubhouse, Jogging Track",8190000
Koramangala,2189,3,3.0,20.0,Semi-Furnished,"Children's Play Area, Gym, Intercom, Jogging Track, Landscaped Garden, Swimming Pool",21380000
Sarjapur Road,1880,3,2.0,14.0,Semi-Furnished,"Gym, Intercom, Swimming Pool, Tennis Court",11990000
Indiranagar,921,2,1.0,3.0,Semi-Furnished,"24/7 Security, Covered Parking, High-Speed Elevators, Jogging Track",10670000
Whitefield,1308,3,3.0,1.0,Semi-Furnished,"Clubhouse, Intercom, Power Backup, Swimming Pool",7840000
Jayanagar,1007,2,2.0,0.0,Semi-Furnished,"24/7 Security, Covered Parking, High-Speed Elevators",11230000
Sarjapur Road,1003,2,2.0,15.0,Furnished,"Clubhouse, Intercom",6330000
Indiranagar,1855,3,3.0,3.0,Semi-Furnished,"24/7 Security, Children's Play Area, High-Speed Elevators, Intercom, Power Backup",22700000
Yelahanka,3637,5,5.0,9.0,Unfurnished,"Covered Parking, High-Speed Elevators, Jogging Track, Landscaped Garden, Power Backup",19960000
Whitefield,3113,5,5.0,0.0,Unfurnished,"Clubhouse, Gym, High-Speed Elevators, Jogging Track, Landscaped Garden, Power Backup, Tennis Court",21620000
Electronic City,914,2,1.0,0.0,Semi-Furnished,"24/7 Security, Clubhouse, Gym, Landscaped Garden",4390000
Rajajinagar,1576,3,2.0,0.0,Unfurnished,"Clubhouse, High-Speed Elevators, Power Backup",16090000
Indiranagar,964,2,2.0,11.0,Unfurnished,"24/7 Security, Children's Play Area, Clubhouse, Jogging Track, Tennis Court",9860000
Indiranagar,649,1,1.0,6.0,Unfurnished,"Children's Play Area, Covered Parking, High-Speed Elevators, Intercom, Jogging Track",8030000
Bellandur,831,2,2.0,5.0,Semi-Furnished,"24/7 Security, Clubhouse, Covered Parking, High-Speed Elevators, Jogging Track, Swimming Pool, Tennis Court",6350000
Marathahalli,1809,3,3.0,1.0,Unfurnished,"Clubhouse, Covered Parking, Intercom, Swimming Pool",10360000
Indiranagar,1140,2,2.0,4.0,Semi-Furnished,"24/7 Security, Children's Play Area, High-Speed Elevators, Landscaped Garden, Tennis Court",13790000
Sarjapur Road,1124,2,1.0,2.0,Semi-Furnished,"24/7 Security, Children's Play Area, Clubhouse, Landscaped Garden, Power Backup",7390000
Marathahalli,1160,2,1.0,2.0,Furnished,"24/7 Security, Children's Play Area, Gym, Intercom",9250000
Whitefield,1676,3,3.0,2.0,Semi-Furnished,"Children's Play Area, Gym, Intercom, Landscaped Garden, Power Backup, Swimming Pool, Tennis Court",10110000
Banashankari,1764,3,3.0,17.0,Unfurnished,"High-Speed Elevators, Intercom, Power Backup",10940000
Hebbal,2648,4,3.0,0.0,Furnished,"Children's Play Area, Gym, Jogging Track, Landscaped Garden, Power Backup, Swimming Pool, Tennis Court",27760000
Banashankari,1300,3,2.0,0.0,Semi-Furnished,"Covered Parking, Swimming Pool",10700000
Bellandur,1244,2,2.0,9.0,Semi-Furnished,"Children's Play Area, Clubhouse, Covered Parking, Gym, High-Speed Elevators, Intercom, Jogging Track",8520000
Indiranagar,1072,2,2.0,6.0,Semi-Furnished,"Gym, High-Speed Elevators, Power Backup, Tennis Court",15630000
Marathahalli,1300,3,3.0,11.0,Semi-Furnished,"Clubhouse, Gym",8310000
HSR Layout,1147,2,2.0,0.0,Furnished,"Intercom, Tennis Court",10190000
Banashankari,1164,2,2.0,24.0,Semi-Furnished,"24/7 Security, Tennis Court",6420000
Whitefield,679,1,1.0,2.0,Semi-Furnished,"Children's Play Area, Clubhouse, Covered Parking, Intercom, Jogging Track, Landscaped Garden, Power Backup, Swimming Pool, Tennis Court",3830000
Rajajinagar,1184,2,2.0,3.0,Semi-Furnished,"High-Speed Elevators, Tennis Court",11440000
Rajajinagar,1026,2,2.0,10.0,Furnished,"24/7 Security, Clubhouse, Covered Parking, Gym, Jogging Track, Power Backup, Tennis Court",10800000
Indiranagar,2724,4,4.0,5.0,Semi-Furnished,"24/7 Security, Clubhouse, Covered Parking, Gym, Intercom, Landscaped Garden, Swimming Pool",41350000
Whitefield,482,1,1.0,8.0,Semi-Furnished,"Clubhouse, High-Speed Elevators",2170000
Electronic City,1707,3,2.0,4.0,Semi-Furnished,"24/7 Security, Clubhouse, Covered Parking, Gym, Intercom, Jogging Track",8610000
Banashankari,2783,4,4.0,1.0,Furnished,"Children's Play Area, Clubhouse, High-Speed Elevators, Tennis Court",23800000
Jayanagar,1682,3,,3.0,Furnished,"24/7 Security, Children's Play Area, Gym, Intercom, Jogging Track, Landscaped Garden",21960000
Thanisandra,1051,2,2.0,2.0,Furnished,"Clubhouse, Jogging Track, Swimming Pool",6640000
Bellandur,1340,2,2.0,0.0,Furnished,"Clubhouse, High-Speed Elevators, Landscaped Garden",11140000
Bellandur,1495,3,3.0,0.0,Unfurnished,"Covered Parking, High-Speed Elevators, Power Backup",12560000
Bellandur,2328,4,4.0,9.0,Unfurnished,"Clubhouse, Covered Parking, Intercom, Jogging Track, Landscaped Garden, Power Backup",17580000
Electronic City,1751,3,2.0,2.0,Semi-Furnished,"24/7 Security, Covered Parking, Gym, Landscaped Garden, Swimming Pool",8580000
Sarjapur Road,1357,3,3.0,10.0,Semi-Furnished,"Clubhouse, Power Backup, Tennis Court",9580000
Jayanagar,587,1,1.0,2.0,Semi-Furnished,"24/7 Security, Covered Parking, Gym, High-Speed Elevators, Intercom, Jogging Track",5600000
Hebbal,1187,2,2.0,1.0,Unfurnished,"Power Backup, Tennis Court",10900000
Whitefield,3743,5,5.0,1.0,Semi-Furnished,"Covered Parking, High-Speed Elevators, Landscaped Garden",21690000
Yelahanka,840,2,1.0,0.0,Furnished,"Gym, High-Speed Elevators",5150000
Bellandur,1041,2,2.0,2.0,Semi-Furnished,"24/7 Security, Children's Play Area, Jogging Track, Landscaped Garden, Power Backup",7670000
Koramangala,717,1,1.0,3.0,Unfurnished,"Covered Parking, High-Speed Elevators, Jogging Track, Power Backup, Tennis Court",7110000
Malleshwaram,1075,2,2.0,3.0,Semi-Furnished,"Clubhouse, Landscaped Garden, Tennis Court",12530000
Thanisandra,2572,4,4.0,17.0,Furnished,"24/7 Security, Covered Parking, High-Speed Elevators, Intercom, Jogging Track, Swimming Pool",17420000
Marathahalli,1469,3,2.0,22.0,Unfurnished,"Children's Play Area, Clubhouse, High-Speed Elevators, Landscaped Garden, Swimming Pool, Tennis Court",8100000
Banashankari,1314,2,2.0,2.0,Semi-Furnished,"Clubhouse, Covered Parking, Intercom",8830000
Malleshwaram,4268,5,4.0,3.0,Unfurnished,"Clubhouse, Gym, Landscaped Garden, Tennis Court",46400000
Whitefield,1834,3,2.0,3.0,Furnished,"Children's Play Area, High-Speed Elevators",10350000
Sarjapur Road,902,2,2.0,2.0,Furnished,"High-Speed Elevators, Jogging Track, Power Backup, Swimming Pool",5950000
Whitefield,1436,3,3.0,1.0,Unfurnished,"Children's Play Area, Clubhouse, Intercom, Jogging Track, Power Backup, Tennis Court",8050000
Rajajinagar,1182,2,2.0,4.0,Semi-Furnished,"Jogging Track, Landscaped Garden, Power Backup",10570000
Marathahalli,1625,3,2.0,1.0,Unfurnished,"Children's Play Area, Clubhouse, Gym, High-Speed Elevators, Jogging Track, Landscaped Garden, Swimming Pool",10580000
Whitefield,3945,5,5.0,14.0,Semi-Furnished,"Children's Play Area, Clubhouse, Covered Parking, Gym, High-Speed Elevators, Intercom",25790000
Bellandur,2676,4,4.0,11.0,Furnished,"Children's Play Area, Clubhouse, Gym, Intercom, Power Backup, Tennis Court",21570000
Jayanagar,1709,3,2.0,0.0,Unfurnished,"24/7 Security, High-Speed Elevators, Tennis Court",16970000
HSR Layout,687,1,1.0,21.0,Semi-Furnished,"Clubhouse, Covered Parking, High-Speed Elevators, Intercom, Jogging Track, Landscaped Garden, Tennis Court",5000000
Jayanagar,1584,3,3.0,0.0,Semi-Furnished,"High-Speed Elevators, Tennis Court",20160000
Electronic City,800,2,2.0,9.0,Semi-Furnished,"24/7 Security, Covered Parking, Gym, High-Speed Elevators, Swimming Pool",3580000
Whitefield,1862,3,3.0,3.0,Semi-Furnished,"24/7 Security, Children's Play Area, Clubhouse, Covered Parking, Gym, Intercom, Jogging Track, Power Backup",13140000
Bellandur,3100,5,5.0,1.0,Semi-Furnished,"Clubhouse, Jogging Track, Landscaped Garden, Power Backup",32490000
Malleshwaram,1041,2,2.0,5.0,Furnished,"Children's Play Area, Clubhouse, High-Speed Elevators, Intercom, Landscaped Garden, Power Backup",11880000
Indiranagar,1700,3,3.0,14.0,Unfurnished,"24/7 Security, Clubhouse, Covered Parking, High-Speed Elevators, Swimming Pool",16750000
HSR Layout,1208,2,2.0,4.0,Semi-Furnished,"Children's Play Area, Clubhouse, High-Speed Elevators",9860000
Whitefield,925,2,1.0,6.0,Unfurnished,"24/7 Security, Children's Play Area, Covered Parking, Gym, High-Speed Elevators, Jogging Track, Landscaped Garden, Power Backup, Tennis Court",5230000
Koramangala,1101,2,2.0,0.0,Furnished,"24/7 Security, Covered Parking, High-Speed Elevators, Intercom, Landscaped Garden, Power Backup, Swimming Pool",14410000
Yelahanka,1905,3,3.0,0.0,Semi-Furnished,"Gym, Intercom, Power Backup",13330000
Malleshwaram,547,1,1.0,1.0,Semi-Furnished,"Power Backup, Tennis Court",6010000
Indiranagar,1774,3,2.0,1.0,Unfurnished,"24/7 Security, Covered Parking, Jogging Track, Swimming Pool",24630000
Thanisandra,1653,3,3.0,7.0,Semi-Furnished,"24/7 Security, Clubhouse, Power Backup, Swimming Pool",9160000
Yelahanka,1115,2,1.0,3.0,Semi-Furnished,"24/7 Security, Gym, High-Speed Elevators, Jogging Track",5770000
Sarjapur Road,1496,3,3.0,3.0,Furnished,"High-Speed Elevators, Landscaped Garden, Power Backup, Swimming Pool",12370000
Koramangala,2965,4,4.0,1.0,Semi-Furnished,"Children's Play Area, Covered Parking, High-Speed Elevators, Swimming Pool",40920000
HSR Layout,814,1,1.0,3.0,Unfurnished,"Intercom, Tennis Court",6830000
Banashankari,967,2,2.0,18.0,Unfurnished,"Clubhouse, Covered Parking, Gym, Intercom, Landscaped Garden, Swimming Pool, Tennis Court",6120000
Electronic City,1300,3,3.0,0.0,Semi-Furnished,"24/7 Security, Children's Play Area, Clubhouse, Covered Parking, Gym, Power Backup, Swimming Pool, Tennis Court",8330000
Whitefield,666,1,1.0,8.0,Unfurnished,"Children's Play Area, Clubhouse, Covered Parking, Tennis Court",3170000
Bellandur,1860,3,2.0,12.0,Furnished,"Covered Parking, Intercom, Landscaped Garden, Power Backup",13860000
Jayanagar,1020,2,1.0,4.0,Furnished,"Intercom, Jogging Track, Swimming Pool",11900000
Jayanagar,3304,4,4.0,0.0,Furnished,"24/7 Security, High-Speed Elevators, Intercom, Jogging Track, Swimming Pool",47660000
Jayanagar,878,2,2.0,0.0,Furnished,"Clubhouse, Covered Parking, Intercom, Landscaped Garden, Power Backup, Swimming Pool",12180000
HSR Layout,800,2,2.0,1.0,Semi-Furnished,"24/7 Security, Clubhouse, Covered Parking, Gym, Intercom, Jogging Track, Power Backup, Tennis Court",8560000
Electronic City,817,2,2.0,4.0,Furnished,"24/7 Security, High-Speed Elevators, Intercom, Swimming Pool",4290000
Sarjapur Road,1709,3,3.0,12.0,Semi-Furnished,"Children's Play Area, Clubhouse, Gym, Swimming Pool",10490000
HSR Layout,2946,4,3.0,16.0,Furnished,"24/7 Security, Clubhouse, Intercom, Jogging Track, Tennis Court",27830000
Koramangala,723,1,1.0,4.0,Semi-Furnished,"Gym, Power Backup",7680000
Rajajinagar,1641,3,2.0,2.0,Semi-Furnished,"24/7 Security, Covered Parking, Intercom, Landscaped Garden",16360000
HSR Layout,1731,3,3.0,4.0,Furnished,"Intercom, Power Backup, Swimming Pool",16220000
Rajajinagar,2157,4,3.0,2.0,Semi-Furnished,"Children's Play Area, Covered Parking, Intercom, Jogging Track",25680000
Whitefield,2508,4,4.0,7.0,Semi-Furnished,"24/7 Security, High-Speed Elevators, Power Backup, Swimming Pool",15070000
Hebbal,1580,3,3.0,1.0,Unfurnished,"Children's Play Area, Clubhouse, Gym, Landscaped Garden, Power Backup",14720000
Whitefield,2043,3,3.0,14.0,,"Gym, Intercom, Swimming Pool",11520000
Marathahalli,1612,3,2.0,8.0,Semi-Furnished,"Clubhouse, Gym, Power Backup",10390000
HSR Layout,1424,3,3.0,4.0,Semi-Furnished,"Gym, High-Speed Elevators, Power Backup, Swimming Pool",13430000
HSR Layout,880,2,2.0,1.0,Semi-Furnished,"Covered Parking, Intercom, Jogging Track",7850000
HSR Layout,1603,3,3.0,0.0,,"Clubhouse, Gym, Intercom, Landscaped Garden, Tennis Court",16250000
Hebbal,1281,2,2.0,1.0,Semi-Furnished,"Clubhouse, Gym, Landscaped Garden, Power Backup, Tennis Court",10940000
Banashankari,498,1,1.0,0.0,Furnished,"Children's Play Area, Clubhouse, Covered Parking, Power Backup, Swimming Pool",3930000
Jayanagar,1804,3,3.0,4.0,Semi-Furnished,"Clubhouse, Covered Parking, Gym, Intercom, Jogging Track, Power Backup",21240000
Marathahalli,590,1,1.0,0.0,Furnished,"Children's Play Area, Intercom, Jogging Track, Landscaped Garden, Tennis Court",4350000
HSR Layout,1956,3,3.0,2.0,Semi-Furnished,"Children's Play Area, Covered Parking, Power Backup",18290000
Yelahanka,1501,3,2.0,12.0,Semi-Furnished,"24/7 Security, Clubhouse, Swimming Pool",9350000
Koramangala,3960,5,5.0,11.0,,"24/7 Security, Clubhouse, High-Speed Elevators, Jogging Track, Power Backup, Swimming Pool, Tennis Court",55120000
Indiranagar,1428,3,3.0,6.0,Semi-Furnished,"24/7 Security, Children's Play Area, Covered Parking, Intercom, Jogging Track, Swimming Pool, Tennis Court",19050000
Thanisandra,2970,4,4.0,19.0,Semi-Furnished,"24/7 Security, Jogging Track, Landscaped Garden, Swimming Pool",18650000
Yelahanka,2100,4,4.0,1.0,Semi-Furnished,"24/7 Security, Children's Play Area, Power Backup",15600000
Koramangala,1482,3,2.0,3.0,Unfurnished,"Children's Play Area, Clubhouse, Intercom, Power Backup, Swimming Pool",17200000
Hebbal,1077,2,2.0,3.0,Unfurnished,"Children's Play Area, Clubhouse, Covered Parking, Gym",9370000
Banashankari,2033,3,3.0,4.0,Unfurnished,"Clubhouse, Covered Parking, High-Speed Elevators",12220000
Yelahanka,2420,4,3.0,5.0,Semi-Furnished,"High-Speed Elevators, Intercom, Landscaped Garden, Tennis Court",15680000
Koramangala,1970,3,3.0,6.0,Furnished,"24/7 Security, Covered Parking, Gym, Power Backup, Swimming Pool",27640000
Hebbal,3688,5,5.0,7.0,Semi-Furnished,"Clubhouse, Gym, Intercom, Jogging Track, Landscaped Garden, Swimming Pool",36450000
Indiranagar,1940,3,3.0,15.0,Semi-Furnished,"High-Speed Elevators, Landscaped Garden",23700000
Koramangala,2624,4,4.0,8.0,Semi-Furnished,"Clubhouse, Covered Parking, Gym, Landscaped Garden, Swimming Pool, Tennis Court",30540000
Jayanagar,2037,3,3.0,0.0,Semi-Furnished,"Children's Play Area, Gym, Swimming Pool",24760000
HSR Layout,929,2,1.0,5.0,Semi-Furnished,"Children's Play Area, Covered Parking, High-Speed Elevators, Landscaped Garden, Swimming Pool",8730000
Whitefield,1155,2,2.0,15.0,Semi-Furnished,"Power Backup, Swimming Pool",6540000
Jayanagar,1275,2,1.0,17.0,Furnished,"Clubhouse, Intercom, Landscaped Garden, Power Backup",14220000
Electronic City,1300,3,3.0,0.0,Furnished,"Children's Play Area, Covered Parking, Intercom, Landscaped Garden, Power Backup, Tennis Court",8240000
Whitefield,615,1,1.0,0.0,Semi-Furnished,"24/7 Security, Covered Parking, High-Speed Elevators, Power Backup",2840000
Electronic City,653,1,,2.0,Furnished,"Children's Play Area, Gym, High-Speed Elevators, Tennis Court",2770000
Rajajinagar,939,2,2.0,,Furnished,"Gym, High-Speed Elevators, Intercom, Power Backup",10100000
HSR Layout,2115,3,3.0,3.0,Unfurnished,"Children's Play Area, Clubhouse, Covered Parking, High-Speed Elevators, Intercom, Power Backup, Swimming Pool",17440000
Thanisandra,2058,3,2.0,2.0,Semi-Furnished,"24/7 Security, Children's Play Area, Clubhouse, High-Speed Elevators, Jogging Track, Power Backup, Swimming Pool",11930000
Rajajinagar,500,1,1.0,1.0,Semi-Furnished,"24/7 Security, Clubhouse, Covered Parking, Jogging Track, Swimming Pool",4900000
Sarjapur Road,1201,2,2.0,0.0,Furnished,"Children's Play Area, Gym, Jogging Track, Landscaped Garden",9280000
Hebbal,689,1,1.0,27.0,Unfurnished,"24/7 Security, Children's Play Area, Clubhouse, Gym, High-Speed Elevators, Intercom, Landscaped Garden",4060000
Electronic City,1308,2,2.0,22.0,Semi-Furnished,"24/7 Security, Children's Play Area, Intercom",5100000
Electronic City,1691,3,3.0,1.0,Unfurnished,"24/7 Security, Children's Play Area, Clubhouse, Covered Parking, Jogging Track, Landscaped Garden, Swimming Pool",8340000
Koramangala,1083,2,2.0,4.0,Unfurnished,"Jogging Track, Landscaped Garden, Power Backup, Tennis Court",12800000
Banashankari,1140,2,2.0,14.0,Semi-Furnished,"24/7 Security, Covered Parking, Gym, High-Speed Elevators, Jogging Track, Landscaped Garden, Swimming Pool, Tennis Court",7350000
Yelahanka,1971,3,3.0,0.0,Semi-Furnished,"24/7 Security, Children's Play Area, Gym, Landscaped Garden, Tennis Court",11150000
Rajajinagar,1090,2,2.0,28.0,Semi-Furnished,"24/7 Security, Children's Play Area, Covered Parking, Intercom, Jogging Track, Power Backup, Tennis Court",8730000
Hebbal,1993,3,2.0,12.0,Semi-Furnished,"Children's Play Area, Covered Parking, High-Speed Elevators, Jogging Track, Landscaped Garden, Swimming Pool",16500000
Sarjapur Road,683,1,1.0,10.0,Furnished,"Children's Play Area, High-Speed Elevators, Intercom, Tennis Court",4500000
Electronic City,998,2,2.0,15.0,Semi-Furnished,"24/7 Security, Covered Parking, High-Speed Elevators, Landscaped Garden, Swimming Pool, Tennis Court",4310000
Bellandur,678,1,1.0,0.0,Unfurnished,"Clubhouse, Gym, Intercom, Jogging Track, Landscaped Garden, Swimming Pool",5300000
Sarjapur Road,1064,2,2.0,3.0,Semi-Furnished,"Children's Play Area, Landscaped Garden, Power Backup, Tennis Court",8140000
Koramangala,1108,2,1.0,2.0,Furnished,"Clubhouse, Covered Parking, Landscaped Garden, Tennis Court",15800000
Bellandur,3189,5,4.0,1.0,Furnished,"24/7 Security, Clubhouse, Covered Parking, Jogging Track, Power Backup, Swimming Pool",32190000
Electronic City,1546,3,3.0,3.0,Semi-Furnished,"24/7 Security, Intercom",8270000
Bellandur,584,1,1.0,8.0,Semi-Furnished,"Children's Play Area, Gym, Power Backup, Swimming Pool",3980000
Thanisandra,2322,4,4.0,1.0,Semi-Furnished,"Children's Play Area, Clubhouse, Intercom, Jogging Track, Swimming Pool",17600000
Yelahanka,1578,3,3.0,25.0,Unfurnished,"24/7 Security, Clubhouse, Gym, High-Speed Elevators, Intercom, Jogging Track, Swimming Pool",6940000
Whitefield,1511,3,3.0,5.0,Semi-Furnished,"24/7 Security, Landscaped Garden",8530000
Marathahalli,2010,3,2.0,4.0,Furnished,"Children's Play Area, Covered Parking, Power Backup, Swimming Pool",16060000
HSR Layout,1493,3,3.0,,Semi-Furnished,"Children's Play Area, Clubhouse, Covered Parking, Intercom, Jogging Track, Power Backup",12920000
Jayanagar,1028,2,2.0,5.0,Semi-Furnished,"Landscaped Garden, Swimming Pool, Tennis Court",12280000
Whitefield,2436,4,4.0,3.0,Furnished,"High-Speed Elevators, Intercom, Jogging Track, Swimming Pool",14450000
Marathahalli,534,1,1.0,0.0,Furnished,"Children's Play Area, Jogging Track, Power Backup, Tennis Court",3450000
Whitefield,1473,3,2.0,0.0,Semi-Furnished,"24/7 Security, Covered Parking, High-Speed Elevators",8060000
Whitefield,2100,4,4.0,2.0,Semi-Furnished,"24/7 Security, Children's Play Area, Covered Parking, High-Speed Elevators, Intercom, Jogging Track, Power Backup",14120000
Marathahalli,1020,2,2.0,23.0,Unfurnished,"Children's Play Area, Gym, High-Speed Elevators",4620000
Rajajinagar,1607,3,2.0,4.0,Unfurnished,"Gym, High-Speed Elevators, Tennis Court",15440000
Hebbal,1183,2,2.0,22.0,Semi-Furnished,"Children's Play Area, Covered Parking, Intercom, Landscaped Garden, Power Backup",7930000
Jayanagar,1062,2,2.0,2.0,Furnished,"24/7 Security, Children's Play Area, Clubhouse, Covered Parking, High-Speed Elevators, Intercom, Jogging Track, Power Backup, Swimming Pool",13850000
Electronic City,1492,3,3.0,12.0,Unfurnished,"Children's Play Area, Power Backup, Swimming Pool",6250000
Electronic City,514,1,1.0,4.0,Semi-Furnished,"24/7 Security, Clubhouse, Covered Parking, High-Speed Elevators, Intercom, Landscaped Garden, Power Backup",2630000
HSR Layout,700,1,1.0,2.0,Furnished,"24/7 Security, Gym, High-Speed Elevators, Jogging Track, Landscaped Garden, Power Backup, Tennis Court",6140000
Rajajinagar,1691,3,3.0,10.0,Furnished,"Jogging Track, Power Backup, Swimming Pool, Tennis Court",17490000
Yelahanka,1020,2,2.0,3.0,Semi-Furnished,"Children's Play Area, High-Speed Elevators, Intercom, Landscaped Garden, Power Backup",6430000
Whitefield,608,1,1.0,10.0,Unfurnished,"Children's Play Area, High-Speed Elevators, Landscaped Garden, Swimming Pool",2680000
Jayanagar,4325,5,5.0,0.0,Furnished,"Clubhouse, Intercom, Power Backup, Swimming Pool, Tennis Court",69680000
Electronic City,1095,2,1.0,0.0,Furnished,"High-Speed Elevators, Intercom, Swimming Pool",5650000
Electronic City,1378,3,2.0,3.0,Semi-Furnished,"24/7 Security, Children's Play Area, Gym, High-Speed Elevators, Intercom, Landscaped Garden, Swimming Pool",7040000
Koramangala,636,1,1.0,1.0,Semi-Furnished,"24/7 Security, Landscaped Garden",8470000
Jayanagar,1994,3,3.0,12.0,Unfurnished,"Children's Play Area, Gym, High-Speed Elevators, Jogging Track, Tennis Court",19240000
Bellandur,1605,3,3.0,11.0,Semi-Furnished,"Covered Parking, Gym, High-Speed Elevators, Intercom, Power Backup, Tennis Court",11450000
Marathahalli,1024,2,1.0,27.0,Semi-Furnished,"24/7 Security, Children's Play Area, High-Speed Elevators",4910000
Hebbal,1012,2,2.0,4.0,Furnished,"Clubhouse, Gym, Landscaped Garden",8760000
Bellandur,1300,3,2.0,6.0,Unfurnished,"Children's Play Area, Clubhouse, Gym, Jogging Track, Swimming Pool",9770000
Koramangala,1119,2,2.0,0.0,Semi-Furnished,"24/7 Security, Clubhouse, Covered Parking, High-Speed Elevators, Intercom, Landscaped Garden, Swimming Pool",14290000
Marathahalli,1643,3,2.0,2.0,Unfurnished,"Children's Play Area, Covered Parking, Intercom, Landscaped Garden, Tennis Court",10070000
Thanisandra,1584,3,3.0,0.0,Furnished,"Children's Play Area, Gym, High-Speed Elevators, Jogging Track, Landscaped Garden, Tennis Court",11630000
Whitefield,1921,3,3.0,5.0,Unfurnished,"24/7 Security, Clubhouse, Tennis Court",11940000
Whitefield,2040,3,2.0,3.0,Semi-Furnished,"Children's Play Area, High-Speed Elevators, Jogging Track, Swimming Pool",9930000
Koramangala,672,1,1.0,2.0,Furnished,"24/7 Security, Clubhouse, Intercom",8550000
Indiranagar,1635,3,2.0,10.0,Unfurnished,"24/7 Security, Jogging Track, Swimming Pool",18610000
Bellandur,730,1,1.0,22.0,Unfurnished,"24/7 Security, Jogging Track, Power Backup",4210000
Malleshwaram,970,2,2.0,5.0,Furnished,"Children's Play Area, Clubhouse, Covered Parking, Swimming Pool",10880000
Jayanagar,1592,3,2.0,8.0,Semi-Furnished,"Clubhouse, Covered Parking, Gym, Intercom, Landscaped Garden, Power Backup",19660000
Electronic City,644,1,1.0,2.0,Unfurnished,"Clubhouse, Gym",2720000
Whitefield,848,2,2.0,19.0,Semi-Furnished,"Clubhouse, Covered Parking, High-Speed Elevators, Intercom, Swimming Pool, Tennis Court",4090000
Indiranagar,976,2,2.0,3.0,Unfurnished,"Children's Play Area, Clubhouse, Covered Parking, Intercom",12560000
Thanisandra,1646,3,2.0,26.0,Unfurnished,"Covered Parking, Power Backup",6700000
Koramangala,1300,3,3.0,0.0,Furnished,"Children's Play Area, Clubhouse, High-Speed Elevators, Intercom",17170000
Sarjapur Road,1300,3,2.0,0.0,Unfurnished,"Children's Play Area, Covered Parking, High-Speed Elevators, Intercom",9630000
HSR Layout,1074,2,1.0,0.0,Unfurnished,"Children's Play Area, Clubhouse, Covered Parking, Gym, Power Backup",8890000
Koramangala,567,1,1.0,1.0,Unfurnished,"24/7 Security, Covered Parking, Intercom, Power Backup",6140000
Hebbal,723,1,1.0,6.0,Furnished,"Clubhouse, Covered Parking, High-Speed Elevators, Intercom, Power Backup, Swimming Pool",5270000
HSR Layout,1966,3,2.0,4.0,Semi-Furnished,"Children's Play Area, High-Speed Elevators, Intercom, Jogging Track, Landscaped Garden, Swimming Pool, Tennis Court",18690000
Bellandur,3159,4,4.0,0.0,Unfurnished,"24/7 Security, Children's Play Area, Covered Parking, Gym, Intercom, Jogging Track, Landscaped Garden",29360000
Marathahalli,1025,2,2.0,4.0,Furnished,"24/7 Security, Children's Play Area, Clubhouse, Gym, Jogging Track, Landscaped Garden, Swimming Pool",450000
Whitefield,1145,2,2.0,14.0,Semi-Furnished,"24/7 Security, Covered Parking, Landscaped Garden, Swimming Pool",6330000
Jayanagar,1074,2,2.0,4.0,Semi-Furnished,"24/7 Security, Clubhouse, Intercom, Jogging Track, Landscaped Garden",12730000
Electronic City,1086,2,2.0,11.0,Unfurnished,"24/7 Security, Covered Parking, Swimming Pool",4790000
Electronic City,1333,3,2.0,3.0,Furnished,"Covered Parking, Gym, High-Speed Elevators, Jogging Track",8160000
Whitefield,1195,2,2.0,4.0,Furnished,"24/7 Security, Children's Play Area, Covered Parking, Intercom",7640000
Indiranagar,1705,3,2.0,3.0,,"High-Speed Elevators, Intercom, Jogging Track, Power Backup, Tennis Court",22930000
Koramangala,3975,5,5.0,21.0,Semi-Furnished,"24/7 Security, High-Speed Elevators, Power Backup",36990000
Sarjapur Road,2697,4,3.0,17.0,Semi-Furnished,"24/7 Security, Children's Play Area, Clubhouse, Intercom, Landscaped Garden, Power Backup, Swimming Pool",18350000
Whitefield,681,1,1.0,1.0,Unfurnished,"Clubhouse, Covered Parking, Intercom, Landscaped Garden",3710000
Bellandur,1607,3,2.0,4.0,Unfurnished,"Children's Play Area, Covered Parking, High-Speed Elevators, Landscaped Garden, Power Backup",11960000
Yelahanka,1938,3,3.0,9.0,Furnished,"24/7 Security, Covered Parking",11130000
Banashankari,1209,2,1.0,4.0,Unfurnished,"Gym, Intercom, Jogging Track, Landscaped Garden, Power Backup, Swimming Pool, Tennis Court",8150000
Marathahalli,704,1,1.0,2.0,Semi-Furnished,"Covered Parking, Intercom, Landscaped Garden",4400000
Yelahanka,1564,3,3.0,6.0,Semi-Furnished,"24/7 Security, Children's Play Area, Clubhouse, Covered Parking, High-Speed Elevators, Intercom, Swimming Pool, Tennis Court",9080000
Marathahalli,905,2,2.0,2.0,Unfurnished,"24/7 Security, Gym, Intercom, Jogging Track",5290000
Yelahanka,1820,3,3.0,11.0,Semi-Furnished,"Children's Play Area, Landscaped Garden, Power Backup, Tennis Court",11360000
Marathahalli,992,2,2.0,1.0,Semi-Furnished,"24/7 Security, Intercom, Jogging Track, Tennis Court",6020000
Banashankari,1613,3,3.0,7.0,,"Covered Parking, Intercom, Landscaped Garden, Power Backup, Swimming Pool",11600000
Jayanagar,917,2,2.0,1.0,Semi-Furnished,"Clubhouse, Intercom, Swimming Pool, Tennis Court",10030000
Malleshwaram,3342,5,4.0,2.0,Unfurnished,"Children's Play Area, Clubhouse, Intercom, Power Backup, Swimming Pool",40740000
Banashankari,1380,3,3.0,8.0,Unfurnished,"Intercom, Jogging Track, Landscaped Garden",8720000
Hebbal,2142,4,4.0,10.0,Unfurnished,"Children's Play Area, Gym, Intercom, Swimming Pool",20310000
Yelahanka,972,2,2.0,3.0,Semi-Furnished,"Clubhouse, High-Speed Elevators",5570000
Hebbal,1180,2,,3.0,Unfurnished,"Covered Parking, High-Speed Elevators, Intercom, Power Backup",7460000
Sarjapur Road,882,2,2.0,18.0,Semi-Furnished,"24/7 Security, Covered Parking, Swimming Pool, Tennis Court",5590000
Electronic City,3015,4,3.0,7.0,Unfurnished,"24/7 Security, High-Speed Elevators, Intercom, Jogging Track, Tennis Court",13380000
Whitefield,1675,3,2.0,0.0,Semi-Furnished,"24/7 Security, Clubhouse, High-Speed Elevators, Landscaped Garden, Swimming Pool",10800000
Yelahanka,980,2,2.0,2.0,Unfurnished,"24/7 Security, Children's Play Area, Covered Parking, Intercom, Swimming Pool",5510000
Koramangala,671,1,1.0,8.0,Semi-Furnished,"Clubhouse, Covered Parking, High-Speed Elevators, Intercom, Power Backup, Tennis Court",6080000
Hebbal,1300,3,3.0,0.0,Semi-Furnished,"24/7 Security, Children's Play Area, Clubhouse, Landscaped Garden, Swimming Pool",11750000
Hebbal,1240,2,2.0,9.0,Furnished,"Children's Play Area, Gym, High-Speed Elevators",9300000
Electronic City,958,2,2.0,2.0,,"Covered Parking, Power Backup, Swimming Pool",4830000
Bellandur,1205,2,2.0,2.0,Semi-Furnished,"Children's Play Area, Clubhouse, Covered Parking, Gym, Jogging Track, Landscaped Garden, Swimming Pool",9460000
Bellandur,842,2,2.0,12.0,Semi-Furnished,"Children's Play Area, Clubhouse, High-Speed Elevators, Intercom, Jogging Track, Landscaped Garden, Power Backup",5830000
Koramangala,3215,4,3.0,2.0,Semi-Furnished,"Clubhouse, High-Speed Elevators, Intercom",42180000
Bellandur,1940,3,2.0,4.0,Unfurnished,"Power Backup, Swimming Pool",12310000
Koramangala,1448,3,2.0,18.0,Unfurnished,"Children's Play Area, Gym, Jogging Track, Landscaped Garden, Tennis Court",12650000
Koramangala,1692,3,3.0,0.0,Semi-Furnished,"24/7 Security, Children's Play Area, Clubhouse, Intercom, Swimming Pool",24020000
Sarjapur Road,1082,2,2.0,8.0,Furnished,"Children's Play Area, Covered Parking, Intercom, Jogging Track, Tennis Court",7180000
Malleshwaram,854,2,2.0,2.0,Furnished,"Children's Play Area, Covered Parking",9410000
Malleshwaram,1507,3,3.0,5.0,Unfurnished,"24/7 Security, Children's Play Area, Clubhouse, Gym, Jogging Track, Swimming Pool, Tennis Court",17580000
Malleshwaram,1619,3,3.0,3.0,Furnished,"Clubhouse, Covered Parking, Gym, Jogging Track, Power Backup, Tennis Court",17690000
Whitefield,1088,2,2.0,4.0,Furnished,"Clubhouse, Gym, Jogging Track, Power Backup, Tennis Court",6740000
Rajajinagar,1032,2,2.0,0.0,Semi-Furnished,"High-Speed Elevators, Jogging Track, Power Backup, Swimming Pool",10850000
HSR Layout,2834,4,4.0,3.0,Unfurnished,"Clubhouse, Gym, Jogging Track, Power Backup, Tennis Court",27040000
Sarjapur Road,1588,3,3.0,0.0,Furnished,"Covered Parking, High-Speed Elevators, Intercom, Power Backup, Tennis Court",11950000
Marathahalli,1080,2,2.0,4.0,Unfurnished,"Children's Play Area, Tennis Court",6810000
Indiranagar,632,1,1.0,5.0,Unfurnished,"24/7 Security, Clubhouse, Covered Parking, Jogging Track",6890000
Electronic City,943,2,2.0,22.0,Semi-Furnished,"Children's Play Area, Gym, Swimming Pool",4430000
Koramangala,3485,4,3.0,3.0,Unfurnished,"Covered Parking, High-Speed Elevators, Intercom, Jogging Track, Power Backup",44220000
Bellandur,1254,2,2.0,0.0,Furnished,"Clubhouse, Jogging Track, Power Backup",9510000
Sarjapur Road,1300,3,3.0,3.0,Furnished,"24/7 Security, High-Speed Elevators, Power Backup, Swimming Pool",9720000
Hebbal,874,2,2.0,3.0,Semi-Furnished,"24/7 Security, Gym, Power Backup, Swimming Pool",7660000
Bellandur,1828,3,3.0,2.0,Unfurnished,"Covered Parking, Gym, Intercom, Jogging Track, Swimming Pool",12750000
Whitefield,4958,5,4.0,9.0,Furnished,"Covered Parking, Gym, Intercom, Jogging Track, Power Backup, Swimming Pool, Tennis Court",32770000
Banashankari,1448,3,2.0,10.0,Semi-Furnished,"Gym, Intercom, Swimming Pool",12140000
Indiranagar,3245,4,3.0,8.0,Unfurnished,"24/7 Security, Clubhouse, Covered Parking, Gym, High-Speed Elevators, Intercom, Power Backup, Swimming Pool",49390000
Banashankari,3249,4,3.0,1.0,Semi-Furnished,"Children's Play Area, Covered Parking, Gym, Jogging Track, Swimming Pool",21970000
Marathahalli,1774,3,3.0,2.0,Unfurnished,"24/7 Security, Children's Play Area, Landscaped Garden, Tennis Court",11870000
Yelahanka,1104,2,1.0,1.0,Semi-Furnished,"24/7 Security, Children's Play Area, Gym, High-Speed Elevators, Jogging Track, Swimming Pool",5310000
Whitefield,1820,3,2.0,1.0,Unfurnished,"Clubhouse, Power Backup, Tennis Court",10790000
Sarjapur Road,1323,3,3.0,0.0,Furnished,"24/7 Security, Clubhouse, Gym, High-Speed Elevators, Intercom, Jogging Track",12880000
Marathahalli,1071,2,2.0,6.0,Unfurnished,"24/7 Security, Gym, High-Speed Elevators, Tennis Court",6400000
Electronic City,1075,2,2.0,16.0,Unfurnished,"24/7 Security, Clubhouse, Gym, High-Speed Elevators, Jogging Track, Landscaped Garden, Power Backup, Swimming Pool",4970000
Malleshwaram,1754,3,3.0,8.0,Unfurnished,"Children's Play Area, Clubhouse, Covered Parking, High-Speed Elevators, Intercom, Jogging Track, Power Backup, Tennis Court",16790000
Yelahanka,1595,3,3.0,4.0,Semi-Furnished,"24/7 Security, Covered Parking, Landscaped Garden, Power Backup",9460000
Whitefield,1515,3,3.0,0.0,Furnished,"Clubhouse, Jogging Track, Landscaped Garden, Power Backup, Swimming Pool, Tennis Court",10210000
Bellandur,1201,2,1.0,6.0,Furnished,"Clubhouse, Covered Parking",8920000
Thanisandra,1868,3,2.0,0.0,Furnished,"Clubhouse, Gym, High-Speed Elevators, Intercom, Swimming Pool",12090000
Koramangala,1047,2,2.0,20.0,Unfurnished,"24/7 Security, Clubhouse, Covered Parking, Intercom, Jogging Track, Tennis Court",9650000
Marathahalli,1932,3,3.0,0.0,Furnished,"24/7 Security, Gym, Tennis Court",14630000
Marathahalli,1079,2,2.0,1.0,Unfurnished,"Covered Parking, Intercom, Jogging Track, Landscaped Garden, Power Backup",7860000
HSR Layout,1273,2,2.0,0.0,Semi-Furnished,"Covered Parking, Gym, Power Backup",12060000
Electronic City,1134,2,2.0,28.0,Semi-Furnished,"Children's Play Area, Clubhouse, High-Speed Elevators, Intercom, Jogging Track",5090000
Banashankari,529,1,1.0,2.0,Unfurnished,"Clubhouse, Covered Parking, Gym, Power Backup",3050000
Rajajinagar,1611,3,2.0,0.0,Unfurnished,"24/7 Security, Clubhouse, Gym, Intercom",16460000
Whitefield,1137,2,2.0,2.0,Semi-Furnished,"Clubhouse, Intercom",6210000
Yelahanka,1178,2,2.0,12.0,Semi-Furnished,"24/7 Security, Children's Play Area, Clubhouse, Covered Parking, Power Backup",6460000
Whitefield,1209,2,2.0,0.0,Unfurnished,"24/7 Security, Gym, Jogging Track, Landscaped Garden",6050000
Whitefield,1677,3,3.0,7.0,Semi-Furnished,"24/7 Security, Gym, Intercom, Swimming Pool, Tennis Court",10710000
Malleshwaram,2426,4,4.0,1.0,Furnished,"24/7 Security, Children's Play Area, Covered Parking, Gym, High-Speed Elevators, Intercom, Tennis Court",29120000
Marathahalli,1017,2,1.0,3.0,Semi-Furnished,"Children's Play Area, Covered Parking, Gym, Intercom, Power Backup, Tennis Court",6430000
Marathahalli,1087,2,2.0,2.0,Semi-Furnished,"Power Backup, Swimming Pool",6530000
Rajajinagar,1352,2,2.0,12.0,Unfurnished,"Children's Play Area, Gym, Swimming Pool, Tennis Court",12790000
HSR Layout,1695,3,2.0,16.0,Semi-Furnished,"Clubhouse, Gym, Jogging Track, Power Backup",12440000
Whitefield,1339,2,2.0,28.0,Semi-Furnished,"Clubhouse, Landscaped Garden, Power Backup, Tennis Court",5280000
Marathahalli,1266,2,2.0,5.0,Semi-Furnished,"Covered Parking, Intercom, Landscaped Garden, Power Backup",8940000
Malleshwaram,1789,3,2.0,15.0,Semi-Furnished,"Clubhouse, Gym, High-Speed Elevators, Intercom, Power Backup",19400000
Jayanagar,976,2,2.0,0.0,Unfurnished,"24/7 Security, Children's Play Area, Jogging Track",10400000
Jayanagar,1300,3,3.0,3.0,Semi-Furnished,"Gym, Jogging Track, Landscaped Garden, Tennis Court",16210000
Thanisandra,1799,3,3.0,0.0,Semi-Furnished,"Clubhouse, Jogging Track, Landscaped Garden, Swimming Pool, Tennis Court",11600000
Sarjapur Road,544,1,1.0,12.0,Semi-Furnished,"24/7 Security, Children's Play Area, High-Speed Elevators, Swimming Pool",3180000
Malleshwaram,933,2,2.0,1.0,Semi-Furnished,"Clubhouse, Covered Parking, Intercom, Tennis Court",9420000
HSR Layout,1222,2,2.0,0.0,Furnished,"24/7 Security, Children's Play Area, Gym, High-Speed Elevators, Landscaped Garden, Power Backup, Tennis Court",12500000
Hebbal,1793,3,3.0,5.0,Semi-Furnished,"High-Speed Elevators, Power Backup, Tennis Court",14510000
HSR Layout,633,1,1.0,2.0,Furnished,"Children's Play Area, Gym, Jogging Track, Swimming Pool, Tennis Court",6540000
Yelahanka,1061,2,2.0,16.0,Semi-Furnished,"Clubhouse, Covered Parking, Gym, High-Speed Elevators, Intercom, Jogging Track, Power Backup, Tennis Court",5660000
Malleshwaram,1068,2,2.0,0.0,Semi-Furnished,"Children's Play Area, Covered Parking, Intercom",11250000
Whitefield,654,1,1.0,6.0,Furnished,"24/7 Security, Children's Play Area, Clubhouse, Covered Parking, Gym, Intercom, Jogging Track, Landscaped Garden, Power Backup",3860000
HSR Layout,1307,3,3.0,7.0,Furnished,"Covered Parking, Gym, High-Speed Elevators",11680000
Whitefield,1424,3,2.0,6.0,Furnished,"24/7 Security, Gym, Intercom, Jogging Track, Power Backup, Swimming Pool, Tennis Court",8590000
Koramangala,542,1,1.0,1.0,Furnished,"Intercom, Landscaped Garden, Swimming Pool",6310000
Bellandur,2100,4,3.0,4.0,Semi-Furnished,"24/7 Security, Covered Parking, Gym, High-Speed Elevators, Intercom, Landscaped Garden, Power Backup, Swimming Pool, Tennis Court",18750000
Marathahalli,1494,3,2.0,0.0,,"Children's Play Area, Intercom, Jogging Track, Power Backup, Tennis Court",9970000
Yelahanka,1578,3,3.0,8.0,Unfurnished,"Covered Parking, High-Speed Elevators, Tennis Court",9080000
Electronic City,2583,4,3.0,5.0,Unfurnished,"24/7 Security, Children's Play Area, Clubhouse, Gym, High-Speed Elevators, Intercom, Jogging Track",15330000
Sarjapur Road,1556,3,3.0,8.0,Furnished,"Covered Parking, Gym, Landscaped Garden, Swimming Pool",11270000
Electronic City,1094,2,2.0,4.0,Semi-Furnished,"Children's Play Area, Gym, Swimming Pool",4920000
Electronic City,1132,2,2.0,14.0,Furnished,"Gym, Intercom, Swimming Pool",5520000
Malleshwaram,1111,2,2.0,5.0,Unfurnished,"24/7 Security, Children's Play Area, Covered Parking, High-Speed Elevators",12530000
Indiranagar,1893,3,2.0,2.0,Semi-Furnished,"Children's Play Area, Covered Parking, High-Speed Elevators, Tennis Court",23470000
Thanisandra,1079,2,2.0,5.0,Furnished,"Children's Play Area, Clubhouse, Covered Parking, Gym, Swimming Pool",6690000
Koramangala,1494,3,2.0,2.0,Semi-Furnished,"Children's Play Area, Clubhouse, Landscaped Garden",19470000
HSR Layout,1663,3,3.0,2.0,Semi-Furnished,"24/7 Security, Covered Parking, Jogging Track",14030000
Bellandur,1091,2,2.0,1.0,Unfurnished,"24/7 Security, Children's Play Area, Covered Parking, High-Speed Elevators, Power Backup",6560000
Indiranagar,1647,3,3.0,2.0,Unfurnished,"24/7 Security, Intercom, Jogging Track, Landscaped Garden",25670000
Electronic City,1750,3,,2.0,Semi-Furnished,"Gym, Jogging Track, Landscaped Garden, Power Backup, Tennis Court",10720000
Banashankari,1584,3,2.0,1.0,Unfurnished,"Children's Play Area, Clubhouse, Covered Parking, High-Speed Elevators, Jogging Track, Landscaped Garden, Power Backup, Swimming Pool",12600000
Marathahalli,2556,4,4.0,14.0,Semi-Furnished,"24/7 Security, Children's Play Area, Landscaped Garden, Power Backup, Swimming Pool",17130000
Whitefield,2772,4,4.0,3.0,Semi-Furnished,"Clubhouse, Covered Parking, Jogging Track, Swimming Pool, Tennis Court",21160000
Malleshwaram,1443,3,2.0,7.0,Furnished,"Clubhouse, Swimming Pool, Tennis Court",14890000
Whitefield,991,2,2.0,10.0,Furnished,"24/7 Security, Clubhouse, Covered Parking, Gym, High-Speed Elevators, Intercom, Landscaped Garden, Power Backup",6210000
Jayanagar,1150,2,1.0,0.0,Unfurnished,"24/7 Security, Covered Parking, Jogging Track, Landscaped Garden, Swimming Pool",12700000
Hebbal,1886,3,3.0,7.0,Semi-Furnished,"24/7 Security, Power Backup, Swimming Pool",15600000
Rajajinagar,2372,4,4.0,6.0,,"Covered Parking, Power Backup, Swimming Pool",26800000
Hebbal,1653,3,2.0,10.0,Semi-Furnished,"Children's Play Area, Intercom, Power Backup, Swimming Pool",13490000
Whitefield,485,1,1.0,0.0,Semi-Furnished,"Clubhouse, Covered Parking, Gym, Jogging Track",2590000
Electronic City,1906,3,3.0,2.0,Semi-Furnished,"Clubhouse, Covered Parking, Gym, High-Speed Elevators",9390000
Rajajinagar,947,2,2.0,0.0,Semi-Furnished,"Covered Parking, Jogging Track, Landscaped Garden, Power Backup, Tennis Court",10990000
HSR Layout,550,1,1.0,5.0,Semi-Furnished,"24/7 Security, Children's Play Area, High-Speed Elevators, Tennis Court",4260000
Whitefield,1149,2,2.0,8.0,Furnished,"24/7 Security, Children's Play Area, Clubhouse, Covered Parking, Intercom, Landscaped Garden, Power Backup",7650000
Yelahanka,2826,4,4.0,5.0,Semi-Furnished,"24/7 Security, Covered Parking, Intercom, Tennis Court",15250000
Jayanagar,1823,3,3.0,4.0,Unfurnished,"24/7 Security, Children's Play Area, Clubhouse, Covered Parking, Jogging Track, Landscaped Garden, Tennis Court",19790000
Marathahalli,1503,3,3.0,3.0,Unfurnished,"24/7 Security, Intercom, Jogging Track, Power Backup",9970000
Indiranagar,1950,3,3.0,7.0,Furnished,"Gym, High-Speed Elevators, Intercom, Power Backup, Tennis Court",27270000
Jayanagar,1994,3,3.0,27.0,Semi-Furnished,"24/7 Security, Clubhouse, Gym, Power Backup, Swimming Pool",20150000
Sarjapur Road,2100,4,4.0,13.0,Unfurnished,"Clubhouse, Covered Parking, High-Speed Elevators, Tennis Court",15240000
Sarjapur Road,628,1,1.0,1.0,Unfurnished,"Children's Play Area, Clubhouse, Power Backup, Swimming Pool",3870000
Electronic City,1907,3,2.0,3.0,Furnished,"Clubhouse, Gym, High-Speed Elevators, Intercom, Swimming Pool",12020000
Bellandur,1659,3,3.0,12.0,Semi-Furnished,"24/7 Security, Clubhouse, Covered Parking, Gym, Intercom, Swimming Pool",14950000
Jayanagar,1240,2,2.0,26.0,Semi-Furnished,"Clubhouse, Gym, Power Backup, Tennis Court",11110000
Sarjapur Road,1223,2,2.0,1.0,Furnished,"24/7 Security, Intercom, Tennis Court",9630000
Yelahanka,1013,2,2.0,16.0,Semi-Furnished,"Gym, High-Speed Elevators, Power Backup",4220000
Whitefield,1561,3,2.0,5.0,Unfurnished,"24/7 Security, Gym",9680000
HSR Layout,1163,2,2.0,,Semi-Furnished,"Children's Play Area, Covered Parking, Gym, High-Speed Elevators, Swimming Pool",11760000
Jayanagar,1056,2,2.0,5.0,Furnished,"Children's Play Area, Clubhouse, Covered Parking, High-Speed Elevators, Intercom, Jogging Track, Landscaped Garden, Power Backup, Tennis Court",11750000
Electronic City,2100,4,3.0,0.0,Unfurnished,"24/7 Security, Children's Play Area, Clubhouse, Covered Parking, High-Speed Elevators, Power Backup, Tennis Court",11630000
Electronic City,517,1,1.0,7.0,Furnished,"Covered Parking, Gym, Jogging Track, Power Backup",2290000
Whitefield,1611,3,,3.0,Semi-Furnished,"Children's Play Area, Covered Parking, Gym, Jogging Track, Landscaped Garden, Power Backup",10980000
Hebbal,1558,3,2.0,6.0,Semi-Furnished,"Covered Parking, High-Speed Elevators, Intercom, Landscaped Garden, Power Backup",13400000
Jayanagar,1628,3,3.0,9.0,Semi-Furnished,"Covered Parking, High-Speed Elevators, Intercom, Jogging Track, Landscaped Garden",18540000
Bellandur,511,1,1.0,2.0,Furnished,"Clubhouse, Swimming Pool",3760000
HSR Layout,975,2,2.0,10.0,Semi-Furnished,"High-Speed Elevators, Jogging Track, Swimming Pool",7910000
Koramangala,1271,2,2.0,5.0,Semi-Furnished,"24/7 Security, Children's Play Area, Landscaped Garden, Tennis Court",14860000
Electronic City,2761,4,4.0,6.0,Unfurnished,"Gym, High-Speed Elevators, Power Backup",14280000
HSR Layout,2100,4,3.0,0.0,Semi-Furnished,"Children's Play Area, Gym, Intercom, Tennis Court",19760000
Koramangala,1242,2,1.0,0.0,Semi-Furnished,"Clubhouse, Covered Parking, Gym, High-Speed Elevators, Power Backup, Tennis Court",15420000
HSR Layout,1187,2,2.0,3.0,Unfurnished,"24/7 Security, Landscaped Garden, Power Backup",9040000
Whitefield,967,2,1.0,1.0,Semi-Furnished,"24/7 Security, Children's Play Area, Clubhouse, Covered Parking, Gym, High-Speed Elevators, Intercom, Swimming Pool, Tennis Court",5320000
Koramangala,3100,5,4.0,2.0,Semi-Furnished,"24/7 Security, Clubhouse, High-Speed Elevators, Tennis Court",42690000
Banashankari,1024,2,2.0,3.0,Unfurnished,"24/7 Security, Children's Play Area, Intercom, Landscaped Garden",6780000
Malleshwaram,1908,3,2.0,6.0,Furnished,"24/7 Security, Gym, Intercom",20420000
Marathahalli,1784,3,3.0,5.0,Semi-Furnished,"Covered Parking, Gym",11440000
Indiranagar,2232,3,3.0,23.0,Unfurnished,"24/7 Security, Gym, High-Speed Elevators",22840000
Electronic City,652,1,1.0,8.0,Semi-Furnished,"24/7 Security, Landscaped Garden, Power Backup",2920000
Rajajinagar,1771,3,3.0,26.0,Semi-Furnished,"24/7 Security, Children's Play Area, Gym, Landscaped Garden, Swimming Pool",15880000
Thanisandra,1646,3,2.0,11.0,Semi-Furnished,"24/7 Security, Children's Play Area, Gym, Jogging Track, Tennis Court",9990000
Rajajinagar,745,1,1.0,0.0,Furnished,"High-Speed Elevators, Jogging Track",8210000
Yelahanka,1853,3,3.0,8.0,Semi-Furnished,"Intercom, Landscaped Garden, Power Backup, Swimming Pool",11390000
Sarjapur Road,1346,3,2.0,5.0,Semi-Furnished,"Children's Play Area, Clubhouse, Covered Parking, Gym, High-Speed Elevators, Landscaped Garden, Swimming Pool",9760000
HSR Layout,754,1,1.0,5.0,Semi-Furnished,"Clubhouse, High-Speed Elevators, Jogging Track, Power Backup, Tennis Court",5890000
Hebbal,1659,3,3.0,5.0,Furnished,"Power Backup, Swimming Pool, Tennis Court",15230000
Bellandur,1106,2,1.0,5.0,Unfurnished,"Gym, Jogging Track",6930000
Whitefield,2986,4,4.0,10.0,Furnished,"Jogging Track, Landscaped Garden, Power Backup",16950000
Banashankari,666,1,1.0,3.0,Semi-Furnished,"Covered Parking, High-Speed Elevators, Jogging Track, Landscaped Garden, Power Backup",4240000
Electronic City,1093,2,1.0,2.0,Semi-Furnished,"24/7 Security, Gym, High-Speed Elevators, Intercom, Power Backup, Swimming Pool, Tennis Court",4940000
Whitefield,466,1,1.0,16.0,Semi-Furnished,"Gym, High-Speed Elevators, Intercom, Landscaped Garden, Swimming Pool, Tennis Court",2300000
Koramangala,1071,2,2.0,5.0,Semi-Furnished,"24/7 Security, Covered Parking, Jogging Track, Tennis Court",11830000
Malleshwaram,642,1,1.0,0.0,Furnished,"High-Speed Elevators, Landscaped Garden, Power Backup, Swimming Pool",6710000
Malleshwaram,1503,3,2.0,3.0,Furnished,"Intercom, Jogging Track, Landscaped Garden, Power Backup, Tennis Court",19040000
Koramangala,963,2,2.0,1.0,Semi-Furnished,"Children's Play Area, Covered Parking, Landscaped Garden, Tennis Court",11100000
Koramangala,2366,4,4.0,4.0,Unfurnished,"24/7 Security, High-Speed Elevators, Landscaped Garden",22510000
Electronic City,800,2,1.0,7.0,Unfurnished,"24/7 Security, Children's Play Area, Gym, Jogging Track, Landscaped Garden, Power Backup, Swimming Pool",3910000
Thanisandra,1496,3,3.0,18.0,Furnished,"Children's Play Area, Gym, High-Speed Elevators, Jogging Track, Landscaped Garden",8340000
Sarjapur Road,1284,2,2.0,11.0,Furnished,"24/7 Security, Children's Play Area, Covered Parking, Gym, Intercom, Jogging Track, Swimming Pool, Tennis Court",9050000
Hebbal,2875,4,4.0,20.0,Furnished,"Children's Play Area, Clubhouse, Covered Parking, Gym, Intercom, Jogging Track, Landscaped Garden, Tennis Court",24830000
Rajajinagar,866,2,2.0,10.0,Unfurnished,"24/7 Security, Covered Parking, Intercom, Landscaped Garden, Power Backup, Tennis Court",7950000
Malleshwaram,2436,4,4.0,0.0,Furnished,"Children's Play Area, Intercom, Jogging Track",27280000
Electronic City,979,2,1.0,1.0,Semi-Furnished,"High-Speed Elevators, Jogging Track, Landscaped Garden, Power Backup, Tennis Court",3930000
Banashankari,1869,3,2.0,1.0,Semi-Furnished,"24/7 Security, Clubhouse, Covered Parking, Gym, Intercom, Jogging Track, Landscaped Garden",14250000
Electronic City,1892,3,2.0,1.0,Semi-Furnished,"Clubhouse, Covered Parking, Intercom, Landscaped Garden, Swimming Pool",9810000
Malleshwaram,2529,4,4.0,2.0,Furnished,"24/7 Security, Children's Play Area, Clubhouse, Gym, Jogging Track, Landscaped Garden, Tennis Court",33800000
HSR Layout,742,1,1.0,0.0,Furnished,"24/7 Security, Children's Play Area, Clubhouse, Jogging Track, Landscaped Garden",6470000
HSR Layout,1729,3,3.0,5.0,Furnished,"Gym, Intercom, Jogging Track, Landscaped Garden",17090000
Indiranagar,840,2,2.0,,Unfurnished,"24/7 Security, Gym, High-Speed Elevators, Intercom, Jogging Track, Swimming Pool",11520000
Whitefield,1154,2,2.0,0.0,Semi-Furnished,"Children's Play Area, Gym, Jogging Track",5580000
Thanisandra,1167,2,1.0,2.0,Furnished,"24/7 Security, Intercom, Power Backup, Swimming Pool",8400000
Indiranagar,981,2,2.0,19.0,Semi-Furnished,"Clubhouse, Covered Parking",10100000
Electronic City,1713,3,3.0,,Furnished,"Children's Play Area, Covered Parking, Gym, Intercom, Power Backup",8350000
Electronic City,1132,2,2.0,5.0,Furnished,"24/7 Security, Children's Play Area, Clubhouse, Gym, Jogging Track, Landscaped Garden, Power Backup",5790000
Whitefield,1193,2,2.0,6.0,Furnished,"Gym, Landscaped Garden, Power Backup",7850000
Whitefield,1944,3,3.0,1.0,Semi-Furnished,"24/7 Security, Children's Play Area, Covered Parking, High-Speed Elevators",13100000
Marathahalli,1551,3,2.0,12.0,Semi-Furnished,"High-Speed Elevators, Swimming Pool",10340000
Jayanagar,1016,2,2.0,7.0,Semi-Furnished,"24/7 Security, High-Speed Elevators, Intercom, Landscaped Garden, Power Backup, Swimming Pool",11760000
Marathahalli,538,1,1.0,15.0,Semi-Furnished,"24/7 Security, Clubhouse, Covered Parking, High-Speed Elevators, Landscaped Garden, Swimming Pool",3140000
Sarjapur Road,1674,3,3.0,14.0,Unfurnished,"24/7 Security, Children's Play Area, Clubhouse, Intercom, Jogging Track, Swimming Pool",10090000
Indiranagar,2100,4,4.0,6.0,Semi-Furnished,"Clubhouse, Gym, Intercom, Jogging Track, Landscaped Garden, Swimming Pool, Tennis Court",30460000
Electronic City,1083,2,2.0,0.0,Semi-Furnished,"Gym, High-Speed Elevators",5130000
Bellandur,688,1,1.0,2.0,Semi-Furnished,"Clubhouse, Gym, Intercom, Jogging Track, Power Backup, Tennis Court",5550000
Whitefield,2100,4,3.0,6.0,Semi-Furnished,"Clubhouse, Covered Parking, Gym, High-Speed Elevators, Intercom, Landscaped Garden, Tennis Court",14450000
Sarjapur Road,1452,3,3.0,2.0,Furnished,"24/7 Security, Clubhouse, Gym, High-Speed Elevators, Intercom, Swimming Pool",12030000
Yelahanka,903,2,1.0,5.0,Unfurnished,"Children's Play Area, Clubhouse, Covered Parking, Swimming Pool",4470000
Koramangala,3540,5,5.0,14.0,Semi-Furnished,"24/7 Security, Children's Play Area, Covered Parking, Gym",48840000
Malleshwaram,2018,3,2.0,7.0,Furnished,"Clubhouse, Covered Parking, Intercom, Power Backup",22200000
Yelahanka,1662,3,2.0,0.0,Semi-Furnished,"Children's Play Area, Jogging Track, Power Backup, Swimming Pool",9900000
Electronic City,1516,3,3.0,16.0,Furnished,"Gym, Jogging Track",6680000
Yelahanka,1070,2,2.0,3.0,Semi-Furnished,"24/7 Security, Covered Parking, High-Speed Elevators, Intercom, Tennis Court",6270000
Sarjapur Road,3042,4,4.0,2.0,Semi-Furnished,"Clubhouse, High-Speed Elevators, Power Backup, Swimming Pool",21730000
Sarjapur Road,543,1,1.0,0.0,Semi-Furnished,"Clubhouse, Intercom, Swimming Pool",3780000
Sarjapur Road,980,2,2.0,2.0,Furnished,"Clubhouse, Covered Parking, Power Backup",7210000
HSR Layout,2676,4,4.0,3.0,Semi-Furnished,"Gym, Landscaped Garden, Swimming Pool",25840000
Whitefield,1787,3,2.0,0.0,Semi-Furnished,"24/7 Security, High-Speed Elevators, Intercom, Landscaped Garden, Power Backup",10140000
Indiranagar,1595,3,2.0,3.0,Unfurnished,"Clubhouse, Intercom, Swimming Pool",17830000
Marathahalli,1233,2,1.0,2.0,Unfurnished,"Swimming Pool, Tennis Court",6470000
Electronic City,2484,4,4.0,8.0,Furnished,"24/7 Security, Clubhouse, Intercom, Jogging Track",12790000
Hebbal,1244,2,2.0,7.0,Unfurnished,"Children's Play Area, Clubhouse, Intercom, Landscaped Garden",9670000
Whitefield,2690,4,3.0,2.0,Semi-Furnished,"24/7 Security, Children's Play Area, Covered Parking, Gym, Intercom, Power Backup, Tennis Court",18610000
Indiranagar,4242,5,5.0,1.0,Furnished,"Children's Play Area, Clubhouse, Covered Parking, Intercom, Jogging Track, Tennis Court",80790000
Electronic City,1818,3,3.0,17.0,Furnished,"Gym, Landscaped Garden, Tennis Court",9120000
Banashankari,1174,2,2.0,4.0,Semi-Furnished,"24/7 Security, Intercom, Jogging Track, Swimming Pool",8440000
Rajajinagar,1070,2,1.0,0.0,Semi-Furnished,"Clubhouse, Covered Parking, Intercom, Tennis Court",11210000
Hebbal,1997,3,3.0,6.0,Semi-Furnished,"Covered Parking, Gym, Intercom, Jogging Track, Power Backup",20060000
Marathahalli,1202,2,2.0,12.0,Unfurnished,"Jogging Track, Swimming Pool",6850000
Bellandur,1934,3,3.0,20.0,Semi-Furnished,"Gym, Tennis Court",11200000
Banashankari,1385,3,3.0,0.0,Furnished,"24/7 Security, High-Speed Elevators, Swimming Pool",10260000
Marathahalli,1027,2,1.0,4.0,Furnished,"Clubhouse, Covered Parking, Tennis Court",6220000
Whitefield,889,2,2.0,14.0,Furnished,"Clubhouse, Covered Parking, High-Speed Elevators, Intercom, Jogging Track, Power Backup",4860000
Electronic City,782,1,1.0,2.0,Semi-Furnished,"Gym, Power Backup, Tennis Court",3430000
Hebbal,813,2,2.0,12.0,Semi-Furnished,"Clubhouse, Landscaped Garden, Power Backup, Swimming Pool",6650000
Sarjapur Road,2126,3,3.0,1.0,Semi-Furnished,"Clubhouse, Intercom, Power Backup, Swimming Pool",16040000
Hebbal,655,1,1.0,5.0,Semi-Furnished,"24/7 Security, Covered Parking, Gym, Intercom",5260000
Koramangala,1048,2,2.0,14.0,Unfurnished,"Children's Play Area, Gym, High-Speed Elevators, Intercom, Power Backup",9910000
Electronic City,1131,2,2.0,9.0,Semi-Furnished,"Children's Play Area, Clubhouse, Covered Parking, Jogging Track, Landscaped Garden",5560000
Whitefield,2376,4,3.0,0.0,Unfurnished,"24/7 Security, Children's Play Area, Clubhouse, Gym, High-Speed Elevators, Jogging Track, Landscaped Garden",13600000
Indiranagar,1517,3,3.0,1.0,Unfurnished,"Covered Parking, Landscaped Garden, Power Backup, Swimming Pool",19850000
Marathahalli,1115,2,2.0,3.0,Furnished,"24/7 Security, Clubhouse, Covered Parking, High-Speed Elevators, Intercom, Jogging Track, Landscaped Garden, Swimming Pool, Tennis Court",8250000
Thanisandra,728,1,1.0,0.0,Semi-Furnished,"Clubhouse, Intercom, Power Backup",4160000
HSR Layout,1149,2,1.0,3.0,Semi-Furnished,"Children's Play Area, Clubhouse, Intercom, Power Backup, Tennis Court",9970000
HSR Layout,1525,3,3.0,10.0,Unfurnished,"Covered Parking, High-Speed Elevators",11990000
Sarjapur Road,2983,4,3.0,10.0,Semi-Furnished,"Covered Parking, Intercom, Swimming Pool",19600000
Hebbal,1118,2,2.0,3.0,Semi-Furnished,"24/7 Security, Covered Parking, Jogging Track, Swimming Pool, Tennis Court",9500000
Marathahalli,1270,2,2.0,12.0,Furnished,"24/7 Security, Covered Parking, Jogging Track",8810000
Hebbal,1732,3,3.0,9.0,Furnished,"Children's Play Area, Clubhouse, Power Backup",14540000
Thanisandra,1659,3,3.0,0.0,Semi-Furnished,"24/7 Security, Children's Play Area, Covered Parking, Gym, Tennis Court",10730000
Hebbal,1995,3,3.0,0.0,Unfurnished,"24/7 Security, Covered Parking, Swimming Pool, Tennis Court",15760000
Marathahalli,1216,2,2.0,0.0,Unfurnished,"24/7 Security, Clubhouse, Gym, High-Speed Elevators, Power Backup",7630000
HSR Layout,800,2,2.0,0.0,,"Children's Play Area, Clubhouse, Landscaped Garden, Power Backup, Swimming Pool, Tennis Court",7130000
Bellandur,1577,3,3.0,4.0,Unfurnished,"Clubhouse, High-Speed Elevators, Power Backup, Tennis Court",13330000
Whitefield,816,2,2.0,11.0,Semi-Furnished,"Covered Parking, Gym, High-Speed Elevators, Intercom, Power Backup",4320000
Jayanagar,1896,3,3.0,2.0,Unfurnished,"Children's Play Area, Covered Parking, Intercom, Landscaped Garden, Swimming Pool",22610000
Marathahalli,954,2,2.0,28.0,Furnished,"24/7 Security, Clubhouse, Gym, Jogging Track, Landscaped Garden, Power Backup, Swimming Pool",4720000
Thanisandra,1115,2,2.0,9.0,Semi-Furnished,"24/7 Security, Children's Play Area, Covered Parking, High-Speed Elevators, Intercom, Tennis Court",6520000
Whitefield,1001,2,2.0,3.0,Unfurnished,"High-Speed Elevators, Jogging Track",5880000
Whitefield,1755,3,2.0,11.0,Furnished,"24/7 Security, High-Speed Elevators, Intercom, Jogging Track, Power Backup, Swimming Pool",10470000
HSR Layout,2035,3,3.0,26.0,Semi-Furnished,"Children's Play Area, Clubhouse, Covered Parking, High-Speed Elevators, Intercom, Swimming Pool, Tennis Court",15060000
Bellandur,2578,4,4.0,18.0,Unfurnished,"Clubhouse, High-Speed Elevators, Jogging Track, Power Backup",18540000
Koramangala,2754,4,4.0,0.0,Semi-Furnished,"Clubhouse, Gym, Landscaped Garden",35220000
Whitefield,1019,2,2.0,2.0,Semi-Furnished,"24/7 Security, Covered Parking, Jogging Track, Power Backup, Tennis Court",5020000
Marathahalli,3008,4,4.0,1.0,Semi-Furnished,"High-Speed Elevators, Jogging Track, Landscaped Garden, Tennis Court",23630000
Hebbal,1012,2,2.0,5.0,Semi-Furnished,"Gym, High-Speed Elevators, Swimming Pool",8330000
HSR Layout,2168,4,4.0,1.0,Semi-Furnished,"Covered Parking, High-Speed Elevators, Intercom, Landscaped Garden, Power Backup",21860000
Malleshwaram,1073,2,2.0,0.0,Semi-Furnished,"Gym, Landscaped Garden, Swimming Pool",10760000
Whitefield,1640,3,3.0,10.0,Semi-Furnished,"24/7 Security, Children's Play Area, Clubhouse, Gym, High-Speed Elevators, Jogging Track, Landscaped Garden",9350000
Koramangala,1759,3,3.0,2.0,Furnished,"Clubhouse, Gym, High-Speed Elevators, Intercom",24180000
Koramangala,1075,2,1.0,8.0,Semi-Furnished,"Children's Play Area, Intercom, Swimming Pool",11350000
Thanisandra,885,2,2.0,1.0,Unfurnished,"Clubhouse, Covered Parking, Jogging Track",5360000
Jayanagar,1077,2,2.0,7.0,Semi-Furnished,"24/7 Security, Children's Play Area, Clubhouse, High-Speed Elevators, Intercom, Jogging Track, Swimming Pool, Tennis Court",10330000
Marathahalli,761,1,1.0,4.0,Unfurnished,"24/7 Security, Children's Play Area, High-Speed Elevators, Intercom, Power Backup, Swimming Pool, Tennis Court",4410000
Yelahanka,1912,3,2.0,0.0,Semi-Furnished,"24/7 Security, Children's Play Area, Clubhouse, High-Speed Elevators, Intercom, Power Backup",10780000
Koramangala,1500,3,2.0,10.0,Unfurnished,"Children's Play Area, Clubhouse, High-Speed Elevators, Jogging Track",15030000
Yelahanka,1961,3,3.0,1.0,Semi-Furnished,"24/7 Security, Children's Play Area, Clubhouse, Covered Parking, Intercom, Power Backup, Tennis Court",13650000
Sarjapur Road,1005,2,1.0,11.0,Furnished,"Gym, High-Speed Elevators, Intercom, Jogging Track, Tennis Court",6750000
Bellandur,526,1,1.0,4.0,Unfurnished,"24/7 Security, Clubhouse, Intercom, Swimming Pool",3330000
Sarjapur Road,1027,2,2.0,0.0,Unfurnished,"High-Speed Elevators, Jogging Track, Power Backup, Tennis Court",7060000
HSR Layout,1954,3,3.0,2.0,Semi-Furnished,"Covered Parking, High-Speed Elevators, Intercom, Landscaped Garden, Power Backup, Swimming Pool, Tennis Court",17170000
Rajajinagar,541,1,1.0,5.0,Semi-Furnished,"High-Speed Elevators, Landscaped Garden",5580000
HSR Layout,1300,3,3.0,2.0,Furnished,"Children's Play Area, Covered Parking, Gym, Jogging Track, Power Backup",12930000
Electronic City,1084,2,2.0,1.0,Semi-Furnished,"Children's Play Area, Clubhouse, Covered Parking, High-Speed Elevators, Intercom, Power Backup, Tennis Court",5860000
Bellandur,1609,3,3.0,6.0,Unfurnished,"Clubhouse, Gym, Landscaped Garden, Power Backup",12350000
Whitefield,1203,2,2.0,0.0,Furnished,"Clubhouse, Covered Parking, Jogging Track, Swimming Pool",7360000
Whitefield,1136,2,,11.0,Semi-Furnished,"Gym, Jogging Track, Landscaped Garden, Power Backup, Tennis Court",5860000
Whitefield,1248,2,2.0,5.0,Semi-Furnished,"24/7 Security, Children's Play Area, Clubhouse, Covered Parking, Intercom, Jogging Track, Power Backup",7400000
Whitefield,1113,2,2.0,21.0,Furnished,"Covered Parking, Gym, Landscaped Garden, Swimming Pool",5530000
Rajajinagar,2100,4,4.0,9.0,Furnished,"24/7 Security, Children's Play Area, Jogging Track, Swimming Pool",21970000
Bellandur,1288,2,2.0,4.0,Furnished,"Children's Play Area, Covered Parking, Swimming Pool",10500000
Koramangala,975,2,2.0,3.0,Semi-Furnished,"Clubhouse, Gym, High-Speed Elevators, Intercom, Jogging Track, Landscaped Garden, Tennis Court",12120000
HSR Layout,688,1,1.0,,Semi-Furnished,"24/7 Security, Children's Play Area, High-Speed Elevators, Jogging Track",5960000
HSR Layout,2970,4,4.0,0.0,Semi-Furnished,"24/7 Security, Children's Play Area, Covered Parking, Gym, High-Speed Elevators, Jogging Track, Power Backup",35100000
Sarjapur Road,1298,2,,0.0,Unfurnished,"24/7 Security, Children's Play Area, High-Speed Elevators",9380000
Marathahalli,544,1,1.0,18.0,Semi-Furnished,"Children's Play Area, Covered Parking, Intercom, Landscaped Garden, Power Backup, Swimming Pool, Tennis Court",3290000
Electronic City,1061,2,2.0,2.0,Semi-Furnished,"Children's Play Area, Clubhouse, Covered Parking, Gym, High-Speed Elevators, Jogging Track, Swimming Pool, Tennis Court",5050000
Koramangala,637,1,1.0,2.0,Unfurnished,"24/7 Security, Jogging Track, Landscaped Garden, Power Backup",5890000
Jayanagar,1733,3,2.0,1.0,Semi-Furnished,"Clubhouse, Covered Parking, High-Speed Elevators, Intercom",18800000
Marathahalli,1245,2,2.0,0.0,Unfurnished,"24/7 Security, Clubhouse, High-Speed Elevators, Intercom, Landscaped Garden",7680000
Jayanagar,971,2,1.0,1.0,Unfurnished,"Gym, High-Speed Elevators, Swimming Pool, Tennis Court",9590000
HSR Layout,3012,4,3.0,25.0,Semi-Furnished,"Covered Parking, Jogging Track, Tennis Court",25640000
Banashankari,562,1,1.0,3.0,Furnished,"24/7 Security, Children's Play Area, Intercom, Jogging Track",3360000
Whitefield,1081,2,2.0,2.0,Unfurnished,"24/7 Security, Covered Parking, Gym, Intercom, Power Backup",6430000
Jayanagar,1732,3,2.0,1.0,Unfurnished,"Covered Parking, High-Speed Elevators, Intercom, Jogging Track, Tennis Court",19190000
HSR Layout,1748,3,2.0,20.0,Furnished,"Clubhouse, Covered Parking, Intercom, Landscaped Garden, Swimming Pool",14500000
Koramangala,800,2,2.0,9.0,Semi-Furnished,"Children's Play Area, Covered Parking, High-Speed Elevators, Intercom, Landscaped Garden",9570000
Thanisandra,800,2,2.0,2.0,Semi-Furnished,"24/7 Security, Clubhouse, Gym, Jogging Track, Power Backup",5080000
HSR Layout,1629,3,,8.0,Semi-Furnished,"Clubhouse, Swimming Pool",13840000
Indiranagar,1198,2,2.0,3.0,Furnished,"Children's Play Area, Clubhouse, Covered Parking, High-Speed Elevators, Landscaped Garden",15900000
Bellandur,606,1,1.0,4.0,Furnished,"Children's Play Area, Clubhouse, Gym, High-Speed Elevators, Intercom, Jogging Track",4610000
Rajajinagar,582,1,1.0,6.0,Unfurnished,"24/7 Security, Children's Play Area, Intercom",4690000
Rajajinagar,1078,2,2.0,6.0,Semi-Furnished,"24/7 Security, Children's Play Area, Clubhouse, Gym, Intercom, Swimming Pool, Tennis Court",11810000
Electronic City,1133,2,2.0,15.0,Unfurnished,"24/7 Security, Covered Parking, Power Backup",4190000
HSR Layout,1862,3,3.0,3.0,Unfurnished,"Clubhouse, Intercom, Jogging Track, Landscaped Garden, Power Backup",17070000
HSR Layout,1734,3,3.0,10.0,Furnished,"Children's Play Area, Clubhouse, Gym, Swimming Pool",15470000
HSR Layout,1164,2,2.0,0.0,Semi-Furnished,"24/7 Security, Covered Parking, Jogging Track",10110000
Marathahalli,1631,3,3.0,9.0,Semi-Furnished,"24/7 Security, Gym, Tennis Court",11130000
Yelahanka,2533,4,4.0,4.0,Semi-Furnished,"24/7 Security, Intercom, Swimming Pool",16410000
Whitefield,2561,4,3.0,6.0,Semi-Furnished,"24/7 Security, Covered Parking, Jogging Track, Tennis Court",16110000
Electronic City,2793,4,3.0,13.0,Semi-Furnished,"Children's Play Area, Covered Parking, High-Speed Elevators, Landscaped Garden, Power Backup, Swimming Pool, Tennis Court",16520000
HSR Layout,1201,2,2.0,16.0,Semi-Furnished,"24/7 Security, Children's Play Area, Gym, High-Speed Elevators, Intercom, Jogging Track, Power Backup",8430000
Jayanagar,1580,3,3.0,2.0,Semi-Furnished,"Children's Play Area, Clubhouse, Gym, Intercom, Jogging Track, Landscaped Garden",16230000
Bellandur,795,1,1.0,0.0,Semi-Furnished,"Children's Play Area, Covered Parking, Gym, Power Backup",6000000
Rajajinagar,1513,3,3.0,2.0,Unfurnished,"Children's Play Area, Intercom, Power Backup, Tennis Court",14460000
HSR Layout,1414,3,2.0,3.0,Semi-Furnished,"Clubhouse, Power Backup",11770000
Koramangala,634,1,1.0,3.0,Unfurnished,"24/7 Security, Clubhouse, Covered Parking, High-Speed Elevators, Intercom",8310000
HSR Layout,923,2,1.0,1.0,Furnished,"24/7 Security, Children's Play Area, High-Speed Elevators, Landscaped Garden",8460000
Whitefield,1894,3,2.0,8.0,Unfurnished,"Children's Play Area, Gym, Landscaped Garden, Power Backup",10270000
Whitefield,3038,4,4.0,3.0,Semi-Furnished,"Children's Play Area, Gym, Intercom, Landscaped Garden",19900000
Bellandur,3199,4,3.0,1.0,Unfurnished,"Children's Play Area, Clubhouse, Covered Parking, Gym, High-Speed Elevators, Jogging Track, Landscaped Garden, Power Backup",26100000
Whitefield,841,2,2.0,1.0,Semi-Furnished,"24/7 Security, Children's Play Area, Clubhouse, Covered Parking, Jogging Track, Landscaped Garden, Swimming Pool",5550000
Marathahalli,566,1,1.0,13.0,Semi-Furnished,"Children's Play Area, Intercom, Tennis Court",3320000
Sarjapur Road,1623,3,2.0,2.0,Semi-Furnished,"24/7 Security, Clubhouse, Swimming Pool, Tennis Court",10990000
Rajajinagar,622,1,1.0,0.0,Unfurnished,"Covered Parking, Gym, High-Speed Elevators, Jogging Track, Landscaped Garden, Power Backup, Swimming Pool",5580000
HSR Layout,1194,2,2.0,28.0,,"Clubhouse, Covered Parking, Gym, High-Speed Elevators, Intercom, Jogging Track, Swimming Pool, Tennis Court",8180000
Koramangala,507,1,1.0,11.0,Unfurnished,"Landscaped Garden, Power Backup, Tennis Court",4980000
Koramangala,934,2,2.0,16.0,Semi-Furnished,"24/7 Security, Covered Parking, Swimming Pool",9830000
Bellandur,800,2,2.0,0.0,Unfurnished,"24/7 Security, Clubhouse, Covered Parking, High-Speed Elevators, Power Backup",5650000
Sarjapur Road,1474,3,2.0,1.0,Semi-Furnished,"Children's Play Area, Gym, High-Speed Elevators, Landscaped Garden, Swimming Pool",9970000
Whitefield,623,1,1.0,5.0,Semi-Furnished,"24/7 Security, Covered Parking, Gym, Jogging Track",2890000
Thanisandra,1180,2,2.0,14.0,Unfurnished,"24/7 Security, Children's Play Area, Clubhouse, Intercom, Power Backup, Swimming Pool, Tennis Court",6290000
Indiranagar,2072,3,2.0,2.0,Unfurnished,"Children's Play Area, Clubhouse, Gym, Intercom, Tennis Court",26950000
Electronic City,1665,3,2.0,3.0,Furnished,"Clubhouse, Covered Parking, Jogging Track, Swimming Pool, Tennis Court",9180000
Yelahanka,1053,2,2.0,11.0,Semi-Furnished,"24/7 Security, Children's Play Area, Covered Parking, Jogging Track, Swimming Pool, Tennis Court",5510000
Whitefield,1795,3,2.0,0.0,Semi-Furnished,"Children's Play Area, Covered Parking, High-Speed Elevators, Landscaped Garden",10580000
Rajajinagar,747,1,1.0,3.0,Semi-Furnished,"Clubhouse, High-Speed Elevators, Swimming Pool",7670000
HSR Layout,800,2,2.0,9.0,Unfurnished,"Gym, Landscaped Garden, Swimming Pool",6200000
HSR Layout,1297,2,2.0,1.0,Semi-Furnished,"Jogging Track, Swimming Pool",12610000
Indiranagar,2773,4,4.0,5.0,Semi-Furnished,"24/7 Security, Clubhouse, Covered Parking, Landscaped Garden, Swimming Pool, Tennis Court",38420000
Whitefield,1683,3,2.0,1.0,Semi-Furnished,"Power Backup, Swimming Pool",10130000
HSR Layout,1770,3,3.0,28.0,Semi-Furnished,"Intercom, Jogging Track",13020000
Thanisandra,712,1,1.0,0.0,Furnished,"Covered Parking, Gym, High-Speed Elevators",5110000
Koramangala,1322,3,3.0,0.0,Semi-Furnished,"24/7 Security, Clubhouse, Covered Parking, Landscaped Garden, Power Backup, Swimming Pool",19480000
Electronic City,4114,5,5.0,7.0,Semi-Furnished,"Covered Parking, Landscaped Garden, Swimming Pool, Tennis Court",21960000
HSR Layout,1305,2,2.0,15.0,Semi-Furnished,"Children's Play Area, Covered Parking, Intercom, Jogging Track, Landscaped Garden, Power Backup, Tennis Court",9370000
Malleshwaram,472,1,1.0,2.0,Unfurnished,"24/7 Security, Clubhouse, Jogging Track, Landscaped Garden, Power Backup, Swimming Pool",4290000
Marathahalli,2621,4,4.0,3.0,Semi-Furnished,"24/7 Security, High-Speed Elevators, Intercom, Tennis Court",20190000
HSR Layout,1950,3,3.0,16.0,Unfurnished,"Children's Play Area, Clubhouse, Jogging Track, Tennis Court",14990000
Electronic City,897,2,1.0,1.0,Furnished,"Children's Play Area, Clubhouse, Landscaped Garden, Swimming Pool",5250000
Banashankari,1102,2,2.0,5.0,Semi-Furnished,"24/7 Security, Clubhouse, Covered Parking, Gym, Intercom, Landscaped Garden, Power Backup, Swimming Pool",7860000
Sarjapur Road,1261,2,2.0,10.0,Unfurnished,"Clubhouse, Covered Parking, Intercom, Jogging Track, Landscaped Garden, Power Backup, Swimming Pool",8610000
Rajajinagar,872,2,2.0,3.0,Semi-Furnished,"High-Speed Elevators, Jogging Track, Landscaped Garden, Swimming Pool",8450000
Rajajinagar,1571,3,3.0,8.0,Unfurnished,"Children's Play Area, Gym, Landscaped Garden",15030000
Electronic City,3686,4,4.0,14.0,Furnished,"Clubhouse, Jogging Track, Landscaped Garden, Tennis Court",18450000
Marathahalli,937,2,1.0,8.0,Furnished,"Children's Play Area, Covered Parking, Gym, High-Speed Elevators, Intercom, Jogging Track, Landscaped Garden, Power Backup",6350000
Thanisandra,2893,4,3.0,17.0,Furnished,"Children's Play Area, Clubhouse, Covered Parking, Jogging Track, Landscaped Garden, Swimming Pool",18900000
Marathahalli,1559,3,3.0,3.0,Semi-Furnished,"Children's Play Area, Covered Parking, Gym, Intercom, Jogging Track, Landscaped Garden",11300000
Malleshwaram,4261,5,5.0,1.0,Semi-Furnished,"Intercom, Landscaped Garden",54930000
Jayanagar,1207,2,2.0,1.0,Unfurnished,"Clubhouse, High-Speed Elevators, Intercom, Swimming Pool, Tennis Court",14030000
Bellandur,1105,2,2.0,15.0,Semi-Furnished,"Jogging Track, Landscaped Garden, Power Backup",7620000
Sarjapur Road,1069,2,2.0,11.0,Unfurnished,"Children's Play Area, Gym, Swimming Pool",5410000
Yelahanka,1167,2,1.0,1.0,Semi-Furnished,"Children's Play Area, High-Speed Elevators, Swimming Pool",5870000
Hebbal,543,1,1.0,5.0,Semi-Furnished,"24/7 Security, Covered Parking, High-Speed Elevators, Intercom, Tennis Court",4110000
HSR Layout,1625,3,3.0,0.0,Furnished,"Children's Play Area, Covered Parking",15640000
Hebbal,1125,2,2.0,12.0,Semi-Furnished,"Clubhouse, Gym, Intercom, Jogging Track, Landscaped Garden, Swimming Pool",9700000
Hebbal,1633,3,2.0,3.0,Unfurnished,"Covered Parking, Gym, High-Speed Elevators, Intercom, Jogging Track, Power Backup, Tennis Court",13440000
Electronic City,540,1,1.0,0.0,Unfurnished,"Clubhouse, Covered Parking, Gym, Intercom, Jogging Track, Swimming Pool, Tennis Court",2480000
Koramangala,542,1,1.0,8.0,Semi-Furnished,"24/7 Security, Children's Play Area, Intercom",5640000
Sarjapur Road,646,1,1.0,8.0,Unfurnished,"24/7 Security, Covered Parking, High-Speed Elevators, Power Backup, Tennis Court",3430000
Hebbal,1119,2,2.0,1.0,Semi-Furnished,"24/7 Security, Clubhouse, Gym, High-Speed Elevators, Jogging Track, Swimming Pool",9620000
Electronic City,938,2,2.0,2.0,Semi-Furnished,"Covered Parking, Gym, High-Speed Elevators, Landscaped Garden, Swimming Pool, Tennis Court",4820000
Koramangala,1101,2,2.0,11.0,Furnished,"Children's Play Area, Intercom, Jogging Track, Swimming Pool",13290000
Koramangala,3683,5,5.0,10.0,Furnished,"24/7 Security, Clubhouse, Covered Parking",47270000
Electronic City,1095,2,2.0,11.0,Unfurnished,"Children's Play Area, Clubhouse, Power Backup",3660000
HSR Layout,1718,3,3.0,0.0,Furnished,"24/7 Security, Intercom, Jogging Track, Power Backup",19370000
Bellandur,783,1,1.0,8.0,Unfurnished,"24/7 Security, High-Speed Elevators, Intercom, Jogging Track, Swimming Pool, Tennis Court",5550000
Indiranagar,1501,3,3.0,3.0,Furnished,"Covered Parking, High-Speed Elevators, Jogging Track, Power Backup",21650000
Whitefield,1030,2,2.0,8.0,Furnished,"24/7 Security, Covered Parking, Gym, High-Speed Elevators, Intercom, Tennis Court",6580000
Sarjapur Road,1403,3,3.0,8.0,Semi-Furnished,"Power Backup, Swimming Pool",9900000
Indiranagar,2047,3,2.0,6.0,Semi-Furnished,"24/7 Security, Children's Play Area, Intercom, Landscaped Garden, Swimming Pool",27170000
Thanisandra,1014,2,2.0,3.0,Unfurnished,"24/7 Security, Children's Play Area, Covered Parking, Intercom, Jogging Track, Swimming Pool",6160000
Jayanagar,1143,2,1.0,4.0,Unfurnished,"Clubhouse, Covered Parking, Jogging Track, Swimming Pool",12260000
HSR Layout,4750,5,4.0,5.0,Semi-Furnished,"24/7 Security, Gym, High-Speed Elevators, Intercom, Landscaped Garden, Swimming Pool, Tennis Court",53170000
Sarjapur Road,1450,2,2.0,2.0,Semi-Furnished,"Clubhouse, Covered Parking, High-Speed Elevators, Intercom, Landscaped Garden",10280000
Whitefield,2100,4,4.0,1.0,Semi-Furnished,"Children's Play Area, Gym",14150000
Electronic City,1290,2,2.0,0.0,Semi-Furnished,"Children's Play Area, Swimming Pool, Tennis Court",5790000
Indiranagar,1052,2,2.0,8.0,Semi-Furnished,"24/7 Security, Children's Play Area, Gym, Jogging Track, Landscaped Garden, Power Backup, Tennis Court",12320000
Bellandur,905,2,1.0,2.0,Semi-Furnished,"24/7 Security, Covered Parking, Intercom, Jogging Track, Swimming Pool",7580000
Whitefield,914,2,2.0,2.0,Furnished,"Covered Parking, Landscaped Garden",5220000
HSR Layout,1573,3,3.0,28.0,Semi-Furnished,"Clubhouse, Covered Parking, High-Speed Elevators, Landscaped Garden",11980000
Bellandur,800,2,2.0,,Semi-Furnished,"Swimming Pool, Tennis Court",6120000
Thanisandra,2039,3,3.0,0.0,Semi-Furnished,"24/7 Security, Covered Parking, High-Speed Elevators, Swimming Pool",14520000
Electronic City,1722,3,2.0,2.0,Semi-Furnished,"24/7 Security, Clubhouse, Gym, Intercom",8480000
Electronic City,2665,4,4.0,2.0,Furnished,"Covered Parking, Gym, Power Backup, Tennis Court",15800000
Koramangala,2337,4,4.0,1.0,Semi-Furnished,"Clubhouse, Covered Parking, Intercom, Jogging Track",35020000
Electronic City,2632,4,4.0,2.0,Furnished,"24/7 Security, Children's Play Area, Clubhouse, Covered Parking, Gym, Power Backup",15830000
Jayanagar,1777,3,3.0,13.0,Unfurnished,"Covered Parking, Swimming Pool",18640000
Electronic City,1899,3,3.0,2.0,Semi-Furnished,"Clubhouse, High-Speed Elevators",9340000
Bellandur,1077,2,2.0,28.0,Unfurnished,"Gym, High-Speed Elevators, Landscaped Garden, Power Backup, Swimming Pool",6630000
Whitefield,1058,2,2.0,1.0,Unfurnished,"24/7 Security, Covered Parking, High-Speed Elevators, Jogging Track, Swimming Pool",6180000
HSR Layout,664,1,1.0,4.0,Furnished,"Gym, Landscaped Garden, Swimming Pool, Tennis Court",5610000
Malleshwaram,1067,2,2.0,4.0,Semi-Furnished,"Children's Play Area, Clubhouse, Gym, High-Speed Elevators, Intercom",13250000
Rajajinagar,562,1,1.0,4.0,Unfurnished,"24/7 Security, Children's Play Area, Clubhouse, Landscaped Garden, Swimming Pool",5270000
Malleshwaram,1719,3,3.0,11.0,Semi-Furnished,"Intercom, Landscaped Garden, Swimming Pool",16880000
Bellandur,1143,2,2.0,5.0,Semi-Furnished,"Children's Play Area, Intercom",7560000
Banashankari,2649,4,3.0,5.0,Unfurnished,"24/7 Security, Children's Play Area, High-Speed Elevators, Power Backup",17920000
Electronic City,1890,3,2.0,15.0,Semi-Furnished,"Children's Play Area, Swimming Pool",7330000
Whitefield,996,2,1.0,1.0,Unfurnished,"24/7 Security, Children's Play Area, Intercom, Swimming Pool",5830000
Hebbal,1081,2,2.0,0.0,Furnished,"24/7 Security, Intercom, Swimming Pool",8890000
Rajajinagar,1841,3,2.0,2.0,Unfurnished,"Children's Play Area, Gym, High-Speed Elevators, Jogging Track, Landscaped Garden, Power Backup, Tennis Court",18820000
Electronic City,1726,3,3.0,7.0,Furnished,"Covered Parking, Jogging Track",9140000
Electronic City,1300,3,3.0,14.0,Semi-Furnished,"Children's Play Area, Gym, High-Speed Elevators, Landscaped Garden, Power Backup, Swimming Pool, Tennis Court",6420000
HSR Layout,1596,3,2.0,22.0,Semi-Furnished,"24/7 Security, Clubhouse, Gym, Landscaped Garden, Power Backup",11550000
Whitefield,552,1,1.0,4.0,Semi-Furnished,"Children's Play Area, Clubhouse, Gym, High-Speed Elevators, Intercom, Jogging Track, Power Backup, Tennis Court",3090000
Rajajinagar,2655,4,3.0,8.0,Semi-Furnished,"Covered Parking, Swimming Pool",29270000
Sarjapur Road,604,1,1.0,1.0,Semi-Furnished,"24/7 Security, Covered Parking, Jogging Track, Power Backup",3440000
Whitefield,1223,2,2.0,15.0,Furnished,"High-Speed Elevators, Tennis Court",6480000
Marathahalli,2693,4,4.0,1.0,Unfurnished,"Children's Play Area, Jogging Track, Power Backup, Swimming Pool, Tennis Court",18510000
Indiranagar,2257,3,2.0,4.0,Semi-Furnished,"Clubhouse, Gym, Power Backup",27230000
Hebbal,1610,3,3.0,3.0,Furnished,"Covered Parking, Gym, High-Speed Elevators, Intercom, Jogging Track, Landscaped Garden, Swimming Pool",14130000
Koramangala,1027,2,2.0,28.0,Furnished,"Children's Play Area, Intercom, Power Backup",226212000
Electronic City,1082,2,2.0,3.0,Furnished,"Children's Play Area, Gym, Intercom, Jogging Track, Landscaped Garden, Power Backup",6100000
Yelahanka,3995,5,5.0,0.0,Unfurnished,"24/7 Security, High-Speed Elevators, Intercom, Power Backup, Tennis Court",26030000
Electronic City,1473,3,3.0,19.0,Furnished,"24/7 Security, Covered Parking, Power Backup",6350000
Yelahanka,1263,2,2.0,0.0,Semi-Furnished,"24/7 Security, Clubhouse, Landscaped Garden, Tennis Court",8610000
Bellandur,658,1,1.0,0.0,Semi-Furnished,"Clubhouse, Gym, Intercom, Jogging Track",4260000
Malleshwaram,1062,2,2.0,0.0,Semi-Furnished,"24/7 Security, Children's Play Area, Clubhouse",11670000
Electronic City,800,2,2.0,4.0,Semi-Furnished,"Children's Play Area, Gym, Intercom, Landscaped Garden, Swimming Pool",3370000
Koramangala,1844,3,3.0,7.0,Semi-Furnished,"Clubhouse, Covered Parking, High-Speed Elevators, Landscaped Garden",22540000
Banashankari,2100,4,4.0,7.0,Semi-Furnished,"Children's Play Area, Clubhouse, Intercom, Jogging Track, Power Backup",17530000
Bellandur,1951,3,3.0,4.0,Semi-Furnished,"24/7 Security, Children's Play Area, Covered Parking, Gym, High-Speed Elevators, Jogging Track, Power Backup",14740000
Whitefield,1497,3,3.0,7.0,Semi-Furnished,"Jogging Track, Swimming Pool, Tennis Court",8840000
Indiranagar,942,2,2.0,8.0,Unfurnished,"Covered Parking, Intercom, Landscaped Garden, Swimming Pool, Tennis Court",12070000
HSR Layout,850,1,1.0,0.0,Furnished,"Children's Play Area, Clubhouse, Covered Parking, Gym, Power Backup, Tennis Court",8910000
Hebbal,2700,4,4.0,4.0,Semi-Furnished,"24/7 Security, Covered Parking, Intercom, Landscaped Garden, Tennis Court",29440000
Whitefield,1054,2,2.0,9.0,Semi-Furnished,"Clubhouse, Intercom, Landscaped Garden, Swimming Pool",5330000
Koramangala,2100,4,4.0,0.0,Semi-Furnished,"Children's Play Area, Clubhouse, Intercom, Landscaped Garden, Tennis Court",27710000
HSR Layout,2429,4,3.0,28.0,Semi-Furnished,"Intercom, Jogging Track, Landscaped Garden",18510000
Bellandur,3082,4,3.0,4.0,Unfurnished,"24/7 Security, Gym, High-Speed Elevators, Intercom, Jogging Track, Power Backup",23550000
Jayanagar,1333,2,2.0,0.0,Semi-Furnished,"Children's Play Area, Clubhouse, Covered Parking, Gym, Intercom, Jogging Track, Swimming Pool",15950000
Marathahalli,1930,3,3.0,13.0,Semi-Furnished,"24/7 Security, Clubhouse, High-Speed Elevators, Jogging Track, Landscaped Garden, Power Backup, Swimming Pool",12010000
Marathahalli,1166,2,2.0,17.0,Furnished,"Children's Play Area, Clubhouse, Covered Parking, Gym, Tennis Court",6690000
HSR Layout,906,2,2.0,1.0,Furnished,"Gym, High-Speed Elevators, Landscaped Garden, Power Backup",7260000
Thanisandra,1069,2,2.0,2.0,Semi-Furnished,"Covered Parking, Swimming Pool",6940000
Whitefield,952,2,2.0,1.0,Unfurnished,"24/7 Security, Children's Play Area, Clubhouse, Landscaped Garden, Power Backup, Swimming Pool",4800000
Yelahanka,998,2,2.0,13.0,Furnished,"Clubhouse, Gym, High-Speed Elevators, Jogging Track, Power Backup, Swimming Pool",6200000
Sarjapur Road,831,2,2.0,1.0,Semi-Furnished,"24/7 Security, Covered Parking, Gym, Tennis Court",6440000
Banashankari,647,1,1.0,3.0,Furnished,"24/7 Security, Children's Play Area, Power Backup",4210000
Sarjapur Road,1599,3,2.0,8.0,Furnished,"24/7 Security, Landscaped Garden",10890000
Whitefield,1123,2,2.0,7.0,Semi-Furnished,"Clubhouse, Swimming Pool",6460000
Whitefield,2228,4,4.0,6.0,Semi-Furnished,"Clubhouse, Covered Parking, Jogging Track, Swimming Pool, Tennis Court",14790000
Marathahalli,1226,2,1.0,1.0,Furnished,"Covered Parking, High-Speed Elevators, Jogging Track, Tennis Court",10140000
Malleshwaram,777,1,1.0,1.0,Semi-Furnished,"Covered Parking, High-Speed Elevators, Power Backup, Swimming Pool, Tennis Court",8060000
Thanisandra,1300,3,3.0,2.0,Furnished,"High-Speed Elevators, Jogging Track, Landscaped Garden",8520000
Sarjapur Road,1777,3,3.0,9.0,Semi-Furnished,"Children's Play Area, Clubhouse, Intercom, Jogging Track, Landscaped Garden, Power Backup, Tennis Court",12300000
Yelahanka,2626,4,3.0,10.0,Unfurnished,"Children's Play Area, Clubhouse, Gym, Jogging Track, Power Backup, Swimming Pool",13890000
Electronic City,1108,2,2.0,11.0,Furnished,"24/7 Security, Children's Play Area, Covered Parking, Gym",4680000
Bellandur,1195,2,2.0,8.0,Furnished,"High-Speed Elevators, Intercom, Jogging Track, Landscaped Garden",8940000
HSR Layout,1781,3,2.0,2.0,Unfurnished,"24/7 Security, Covered Parking, Gym, Intercom, Landscaped Garden, Power Backup, Tennis Court",18530000
Bellandur,2563,4,4.0,5.0,Semi-Furnished,"Intercom, Tennis Court",22410000
Rajajinagar,1710,3,2.0,4.0,Furnished,"Clubhouse, Intercom, Tennis Court",16020000
Bellandur,1564,3,2.0,3.0,Unfurnished,"24/7 Security, Covered Parking, Tennis Court",13280000
Malleshwaram,1300,3,2.0,0.0,Semi-Furnished,"Children's Play Area, Clubhouse, Jogging Track, Landscaped Garden, Power Backup, Tennis Court",15920000
Koramangala,3817,5,4.0,7.0,Furnished,"Children's Play Area, Jogging Track",51180000
Sarjapur Road,885,2,2.0,0.0,Unfurnished,"24/7 Security, Gym, Tennis Court",5950000
Marathahalli,1267,2,2.0,7.0,Furnished,"Children's Play Area, Covered Parking, Gym, Jogging Track",7230000
HSR Layout,1112,2,2.0,4.0,Semi-Furnished,"Children's Play Area, Clubhouse, Covered Parking, Power Backup, Swimming Pool",10620000
Banashankari,1565,3,2.0,5.0,Furnished,"High-Speed Elevators, Landscaped Garden, Power Backup, Tennis Court",14530000
HSR Layout,1639,3,2.0,0.0,Unfurnished,"Clubhouse, Covered Parking, Gym, Intercom, Landscaped Garden, Power Backup",14920000
Yelahanka,2749,4,4.0,1.0,Semi-Furnished,"24/7 Security, High-Speed Elevators",18000000
Malleshwaram,1127,2,2.0,1.0,Semi-Furnished,"Clubhouse, Intercom, Jogging Track",12490000
Bellandur,684,1,1.0,6.0,Semi-Furnished,"Clubhouse, Gym, High-Speed Elevators, Tennis Court",4680000
Koramangala,884,2,2.0,6.0,Furnished,"Children's Play Area, Covered Parking, Gym, High-Speed Elevators, Tennis Court",11440000
Marathahalli,872,2,2.0,1.0,Furnished,"Gym, High-Speed Elevators, Intercom, Power Backup",5920000
Indiranagar,614,1,1.0,1.0,,"Clubhouse, High-Speed Elevators, Landscaped Garden, Power Backup, Swimming Pool, Tennis Court",7270000
HSR Layout,603,1,1.0,0.0,Furnished,"Children's Play Area, Clubhouse, High-Speed Elevators, Intercom, Jogging Track",6200000
Koramangala,1043,2,2.0,6.0,Semi-Furnished,"24/7 Security, Jogging Track, Power Backup, Swimming Pool",14090000
Electronic City,2027,3,3.0,0.0,Unfurnished,"Gym, High-Speed Elevators, Intercom, Jogging Track, Swimming Pool",11520000
Hebbal,3723,5,5.0,2.0,Semi-Furnished,"24/7 Security, Children's Play Area, Clubhouse, Intercom, Swimming Pool, Tennis Court",41320000
Hebbal,1592,3,3.0,4.0,Semi-Furnished,"24/7 Security, Power Backup, Swimming Pool, Tennis Court",11590000
Electronic City,1925,3,3.0,7.0,Furnished,"Children's Play Area, Clubhouse, High-Speed Elevators, Intercom, Jogging Track, Power Backup, Swimming Pool, Tennis Court",10510000
Yelahanka,722,1,1.0,2.0,Unfurnished,"Covered Parking, Gym, High-Speed Elevators, Jogging Track, Power Backup, Swimming Pool",3930000
Electronic City,981,2,2.0,0.0,Unfurnished,"Children's Play Area, Power Backup",4050000
Jayanagar,1300,3,3.0,3.0,Furnished,"24/7 Security, Covered Parking, High-Speed Elevators, Landscaped Garden, Power Backup, Swimming Pool",16370000
Whitefield,2226,4,4.0,4.0,Unfurnished,"24/7 Security, Clubhouse, Intercom, Power Backup",12450000
Bellandur,1136,2,2.0,5.0,Unfurnished,"24/7 Security, Covered Parking, Gym, High-Speed Elevators, Jogging Track, Landscaped Garden, Swimming Pool, Tennis Court",9420000
HSR Layout,914,2,2.0,1.0,Unfurnished,"Covered Parking, High-Speed Elevators, Power Backup",7130000
Electronic City,8200,3,2.0,6.0,Semi-Furnished,"Children's Play Area, Intercom, Swimming Pool",8000000
Jayanagar,2037,3,3.0,2.0,Semi-Furnished,"Children's Play Area, Clubhouse, Covered Parking, High-Speed Elevators, Power Backup",25380000
Bellandur,2022,3,3.0,18.0,Semi-Furnished,"24/7 Security, Children's Play Area, Gym, Jogging Track",14850000
Sarjapur Road,617,1,1.0,2.0,Semi-Furnished,"Gym, High-Speed Elevators, Intercom, Tennis Court",3660000
Koramangala,1863,3,2.0,0.0,Unfurnished,"24/7 Security, Gym, Intercom",22310000
Bellandur,631,1,1.0,2.0,Furnished,"Children's Play Area, High-Speed Elevators, Intercom, Swimming Pool",4350000
Hebbal,1647,3,2.0,12.0,Unfurnished,"Covered Parking, High-Speed Elevators, Landscaped Garden, Power Backup",14000000
Koramangala,700,1,1.0,13.0,Furnished,"24/7 Security, Covered Parking, Gym, High-Speed Elevators, Jogging Track, Power Backup, Tennis Court",8220000
Sarjapur Road,1055,2,2.0,16.0,Furnished,"Children's Play Area, Clubhouse, Gym, Intercom, Landscaped Garden, Power Backup",7010000
Whitefield,2059,3,3.0,7.0,Unfurnished,"Gym, Power Backup, Tennis Court",12870000
Banashankari,1276,2,2.0,2.0,Semi-Furnished,"Children's Play Area, Covered Parking, Intercom, Jogging Track, Tennis Court",9310000
Thanisandra,1546,3,3.0,2.0,Unfurnished,"Children's Play Area, Clubhouse, Covered Parking",10350000
Marathahalli,1922,3,3.0,0.0,Unfurnished,"24/7 Security, Covered Parking, Power Backup",12380000
Thanisandra,1437,3,2.0,3.0,Furnished,"24/7 Security, High-Speed Elevators, Swimming Pool, Tennis Court",8070000
Malleshwaram,1150,2,1.0,3.0,Unfurnished,"Children's Play Area, Jogging Track, Power Backup",11430000
Whitefield,1187,2,2.0,0.0,Semi-Furnished,"Children's Play Area, Clubhouse, Covered Parking, Gym, Intercom, Landscaped Garden, Swimming Pool",7370000
Whitefield,1300,3,3.0,3.0,Semi-Furnished,"24/7 Security, Covered Parking, Jogging Track, Swimming Pool",6760000
Thanisandra,1164,2,2.0,0.0,Furnished,"Clubhouse, Covered Parking, Gym, Intercom, Power Backup, Tennis Court",6690000
Koramangala,1224,2,2.0,3.0,Semi-Furnished,"Clubhouse, Gym, Intercom, Landscaped Garden, Tennis Court",13930000
HSR Layout,1219,2,2.0,3.0,Unfurnished,"24/7 Security, Clubhouse, Jogging Track, Tennis Court",10560000
HSR Layout,1628,3,3.0,1.0,Semi-Furnished,"Covered Parking, Landscaped Garden, Power Backup, Tennis Court",12570000
Rajajinagar,978,2,2.0,16.0,Unfurnished,"Clubhouse, Gym, Intercom, Swimming Pool, Tennis Court",7740000
Electronic City,1249,2,2.0,2.0,Unfurnished,"24/7 Security, Intercom, Landscaped Garden, Power Backup, Swimming Pool, Tennis Court",6170000
Bellandur,1616,3,2.0,1.0,Unfurnished,"Children's Play Area, Clubhouse, High-Speed Elevators, Intercom",12480000
Sarjapur Road,1178,2,2.0,1.0,Semi-Furnished,"Intercom, Power Backup, Tennis Court",9340000
Electronic City,1563,3,3.0,6.0,Semi-Furnished,"Clubhouse, Covered Parking, High-Speed Elevators, Intercom, Jogging Track",7680000
HSR Layout,645,1,1.0,6.0,Semi-Furnished,"Covered Parking, High-Speed Elevators",5390000
Marathahalli,1217,2,2.0,4.0,Semi-Furnished,"Children's Play Area, Clubhouse, Intercom, Power Backup, Swimming Pool",8650000
HSR Layout,610,1,1.0,7.0,Semi-Furnished,"Clubhouse, Covered Parking, High-Speed Elevators, Swimming Pool",4730000
HSR Layout,1164,2,2.0,0.0,Unfurnished,"24/7 Security, Gym, High-Speed Elevators",10300000
HSR Layout,1271,2,2.0,3.0,Furnished,"Children's Play Area, Gym, High-Speed Elevators, Jogging Track, Power Backup",12760000
Sarjapur Road,1138,2,2.0,10.0,Unfurnished,"Covered Parking, Landscaped Garden, Power Backup, Tennis Court",6870000
Electronic City,1802,3,3.0,4.0,Semi-Furnished,"Clubhouse, High-Speed Elevators, Landscaped Garden, Tennis Court",8320000
Thanisandra,1592,3,3.0,3.0,Semi-Furnished,"24/7 Security, Jogging Track, Landscaped Garden, Power Backup, Swimming Pool, Tennis Court",10180000
Bellandur,504,1,1.0,1.0,Semi-Furnished,"24/7 Security, Jogging Track",3330000
Hebbal,1744,3,3.0,0.0,Furnished,"Jogging Track, Swimming Pool, Tennis Court",16830000
Malleshwaram,2908,4,4.0,9.0,Semi-Furnished,"24/7 Security, Jogging Track",30510000
Indiranagar,1589,3,3.0,4.0,Semi-Furnished,"Power Backup, Tennis Court",16810000
HSR Layout,1077,2,1.0,0.0,Semi-Furnished,"Children's Play Area, High-Speed Elevators, Intercom, Landscaped Garden, Tennis Court",10190000
Electronic City,1390,3,3.0,3.0,Unfurnished,"Gym, Swimming Pool, Tennis Court",6050000
Whitefield,660,1,1.0,15.0,Semi-Furnished,"Clubhouse, Gym, High-Speed Elevators, Intercom, Tennis Court",3040000
Koramangala,2009,3,2.0,6.0,,"Covered Parking, Intercom",20210000
Sarjapur Road,1439,3,2.0,10.0,Unfurnished,"24/7 Security, Clubhouse, Covered Parking, Intercom, Jogging Track, Swimming Pool",10260000
Thanisandra,1059,2,2.0,4.0,Furnished,"24/7 Security, Clubhouse, Covered Parking, Gym, High-Speed Elevators, Jogging Track, Landscaped Garden, Tennis Court",6800000
Whitefield,1011,2,2.0,2.0,Unfurnished,"Clubhouse, Covered Parking, High-Speed Elevators, Swimming Pool, Tennis Court",5540000
Marathahalli,560,1,1.0,21.0,Unfurnished,"Clubhouse, Gym, High-Speed Elevators, Intercom",2650000
Sarjapur Road,1851,3,3.0,1.0,Semi-Furnished,"24/7 Security, Gym, Jogging Track",15100000
Whitefield,1618,3,3.0,0.0,Furnished,"Children's Play Area, Clubhouse, Intercom, Tennis Court",10300000
Bellandur,1251,2,2.0,0.0,Furnished,"24/7 Security, Intercom, Power Backup, Swimming Pool",10950000
Bellandur,1364,3,3.0,2.0,Furnished,"Clubhouse, Covered Parking, High-Speed Elevators, Intercom, Swimming Pool",12980000
Indiranagar,1281,2,2.0,12.0,Semi-Furnished,"Children's Play Area, Clubhouse, Jogging Track, Power Backup",15160000
Jayanagar,1045,2,2.0,0.0,Semi-Furnished,"24/7 Security, Children's Play Area, High-Speed Elevators, Swimming Pool",12610000
Whitefield,2429,4,3.0,1.0,Furnished,"Clubhouse, High-Speed Elevators, Landscaped Garden",15910000
Bellandur,1130,2,2.0,9.0,Unfurnished,"24/7 Security, Clubhouse, Intercom, Landscaped Garden",6800000
HSR Layout,1474,3,2.0,2.0,Furnished,"24/7 Security, Intercom",13420000
Indiranagar,1176,2,2.0,8.0,Semi-Furnished,"24/7 Security, High-Speed Elevators, Swimming Pool, Tennis Court",13020000
Whitefield,1736,3,2.0,11.0,Unfurnished,"Children's Play Area, Covered Parking, High-Speed Elevators, Swimming Pool, Tennis Court",8200000
Malleshwaram,656,1,1.0,0.0,Furnished,"24/7 Security, Children's Play Area, Covered Parking, High-Speed Elevators, Intercom, Jogging Track, Landscaped Garden, Tennis Court",7000000
Rajajinagar,541,1,1.0,5.0,Semi-Furnished,"High-Speed Elevators, Landscaped Garden",5580000
Koramangala,1013,2,2.0,6.0,Unfurnished,"24/7 Security, Children's Play Area, Power Backup, Tennis Court",11780000
Rajajinagar,1034,2,1.0,5.0,,"24/7 Security, Clubhouse, Covered Parking, Intercom, Landscaped Garden, Tennis Court",11360000
Indiranagar,1268,2,2.0,1.0,Semi-Furnished,"Clubhouse, Tennis Court",17700000
Indiranagar,1798,3,3.0,9.0,Semi-Furnished,"Clubhouse, Covered Parking, Jogging Track, Tennis Court",22660000
Bellandur,493,1,1.0,1.0,Semi-Furnished,"24/7 Security, Children's Play Area, Landscaped Garden, Power Backup, Tennis Court",3390000
Koramangala,605,1,1.0,6.0,Semi-Furnished,"24/7 Security, Clubhouse, High-Speed Elevators, Intercom, Jogging Track, Swimming Pool, Tennis Court",7080000
Hebbal,1074,2,2.0,8.0,Semi-Furnished,"24/7 Security, Covered Parking, Tennis Court",9030000
Indiranagar,3012,4,4.0,2.0,Furnished,"Clubhouse, Covered Parking, Gym",44740000
Whitefield,850,1,1.0,28.0,Semi-Furnished,"24/7 Security, Jogging Track, Power Backup, Swimming Pool",3100000
Koramangala,1184,2,2.0,,Semi-Furnished,"24/7 Security, Intercom, Swimming Pool, Tennis Court",13450000
Jayanagar,921,2,2.0,3.0,Furnished,"24/7 Security, Children's Play Area, Intercom, Swimming Pool",11530000
Whitefield,1614,3,2.0,17.0,Semi-Furnished,"Clubhouse, High-Speed Elevators, Jogging Track, Tennis Court",9270000
HSR Layout,992,2,2.0,9.0,Unfurnished,"Clubhouse, Covered Parking, Power Backup",7070000
Bellandur,1943,3,2.0,6.0,Semi-Furnished,"Children's Play Area, Covered Parking, Gym, High-Speed Elevators, Intercom, Landscaped Garden, Tennis Court",15340000
Hebbal,795,1,1.0,10.0,Unfurnished,"Children's Play Area, Clubhouse, Covered Parking, Landscaped Garden, Tennis Court",6580000
Koramangala,2933,4,4.0,2.0,Semi-Furnished,"Children's Play Area, Gym, High-Speed Elevators, Power Backup, Swimming Pool",39060000
Whitefield,774,1,1.0,5.0,Semi-Furnished,"Clubhouse, Gym, Swimming Pool",4420000
Sarjapur Road,1559,3,3.0,4.0,Semi-Furnished,"Gym, Jogging Track",10150000
Sarjapur Road,749,1,1.0,2.0,Semi-Furnished,"Children's Play Area, Clubhouse, Gym, Jogging Track, Swimming Pool",4930000
Electronic City,2870,4,3.0,11.0,Unfurnished,"24/7 Security, Clubhouse, Intercom, Jogging Track, Power Backup, Tennis Court",15400000
Sarjapur Road,2777,4,3.0,7.0,Semi-Furnished,"24/7 Security, Gym, High-Speed Elevators, Intercom, Power Backup",24850000
Banashankari,1840,3,3.0,1.0,Semi-Furnished,"High-Speed Elevators, Intercom, Power Backup, Swimming Pool, Tennis Court",13960000
Indiranagar,578,1,1.0,1.0,Semi-Furnished,"Children's Play Area, Intercom, Landscaped Garden, Tennis Court",6420000
Rajajinagar,622,1,1.0,16.0,Unfurnished,"24/7 Security, Clubhouse, Covered Parking, Gym, High-Speed Elevators, Jogging Track, Landscaped Garden, Power Backup",4910000
Yelahanka,1760,3,3.0,25.0,Unfurnished,"24/7 Security, Covered Parking, Gym, Intercom, Jogging Track",8070000
Rajajinagar,2423,4,4.0,1.0,Semi-Furnished,"Children's Play Area, Intercom, Landscaped Garden, Power Backup",24480000
HSR Layout,1159,2,1.0,0.0,Semi-Furnished,"Clubhouse, Gym, High-Speed Elevators, Power Backup",10850000
Jayanagar,1112,2,2.0,9.0,Semi-Furnished,"24/7 Security, Children's Play Area, Jogging Track",13330000
Malleshwaram,1300,3,2.0,5.0,Unfurnished,"24/7 Security, Clubhouse, Gym, Intercom, Jogging Track",13570000
Indiranagar,1565,3,2.0,0.0,Semi-Furnished,"Gym, High-Speed Elevators, Power Backup",19690000
Whitefield,1745,3,3.0,3.0,Furnished,"Clubhouse, Covered Parking, Gym, Jogging Track",10410000
Bellandur,1801,3,3.0,4.0,Unfurnished,"24/7 Security, Landscaped Garden, Swimming Pool",12960000
Rajajinagar,1389,3,3.0,5.0,Semi-Furnished,"Clubhouse, Covered Parking, High-Speed Elevators, Intercom, Landscaped Garden",15120000
Marathahalli,1114,2,2.0,3.0,Furnished,"Covered Parking, Gym, Landscaped Garden",6570000
Yelahanka,1063,2,2.0,13.0,Semi-Furnished,"Children's Play Area, Clubhouse, Gym, Landscaped Garden, Power Backup, Tennis Court",6110000
Marathahalli,1182,2,2.0,1.0,Furnished,"Clubhouse, Covered Parking, High-Speed Elevators, Jogging Track, Landscaped Garden",7690000
Marathahalli,1614,3,2.0,6.0,Unfurnished,"24/7 Security, Tennis Court",9550000
Indiranagar,901,2,2.0,9.0,Furnished,"24/7 Security, Children's Play Area, Clubhouse, Gym, Intercom, Landscaped Garden",11320000
Jayanagar,999,2,2.0,1.0,Semi-Furnished,"24/7 Security, Clubhouse, High-Speed Elevators, Jogging Track, Swimming Pool, Tennis Court",12900000
HSR Layout,2133,4,3.0,9.0,Semi-Furnished,"24/7 Security, Children's Play Area, Clubhouse, Intercom, Power Backup, Swimming Pool",19010000
Whitefield,868,2,2.0,4.0,Unfurnished,"Children's Play Area, Gym, Landscaped Garden, Swimming Pool, Tennis Court",5220000
Jayanagar,3264,4,3.0,4.0,Semi-Furnished,"Covered Parking, Gym",41980000
Yelahanka,1300,3,3.0,7.0,Unfurnished,"Children's Play Area, Clubhouse, Covered Parking, Gym, High-Speed Elevators, Power Backup, Swimming Pool",8120000
HSR Layout,557,1,1.0,17.0,Semi-Furnished,"Swimming Pool, Tennis Court",3630000
Yelahanka,1300,3,3.0,1.0,Semi-Furnished,"Clubhouse, High-Speed Elevators, Tennis Court",8130000
Whitefield,2645,4,4.0,5.0,Semi-Furnished,"Children's Play Area, Gym, High-Speed Elevators, Intercom, Jogging Track, Power Backup, Tennis Court",16320000
Sarjapur Road,1780,3,3.0,1.0,Unfurnished,"24/7 Security, Children's Play Area, Covered Parking, Gym, Intercom, Jogging Track, Landscaped Garden",13720000
Jayanagar,1048,2,2.0,0.0,Unfurnished,"Clubhouse, Gym, Jogging Track",11880000
Rajajinagar,1040,2,2.0,25.0,Semi-Furnished,"Power Backup, Swimming Pool",7720000
Indiranagar,1618,3,2.0,7.0,Semi-Furnished,"Covered Parking, Power Backup",18710000
Rajajinagar,1344,2,,2.0,Unfurnished,"24/7 Security, Tennis Court",12860000
HSR Layout,1094,2,2.0,8.0,Semi-Furnished,"24/7 Security, Children's Play Area, Clubhouse, Covered Parking, Landscaped Garden",8110000
Bellandur,2122,4,4.0,0.0,Semi-Furnished,"Clubhouse, Intercom, Landscaped Garden, Swimming Pool, Tennis Court",16900000
Jayanagar,832,2,2.0,4.0,Semi-Furnished,"Children's Play Area, Intercom, Landscaped Garden, Power Backup",9590000
Electronic City,994,2,2.0,3.0,Furnished,"Gym, High-Speed Elevators, Landscaped Garden, Swimming Pool, Tennis Court",5310000
Jayanagar,2559,4,3.0,2.0,Semi-Furnished,"24/7 Security, Covered Parking, Landscaped Garden",30540000
Koramangala,1173,2,2.0,10.0,Unfurnished,"24/7 Security, Clubhouse, Covered Parking, Gym, High-Speed Elevators",12870000
Banashankari,628,1,1.0,5.0,Unfurnished,"Covered Parking, High-Speed Elevators, Tennis Court",3990000
Hebbal,1852,3,3.0,6.0,Semi-Furnished,"Landscaped Garden, Tennis Court",14360000
Hebbal,4112,5,5.0,4.0,Furnished,"Covered Parking, Gym, High-Speed Elevators, Power Backup, Swimming Pool",46690000
Koramangala,1890,3,2.0,1.0,Semi-Furnished,"Children's Play Area, Covered Parking, Intercom, Swimming Pool, Tennis Court",23310000
Indiranagar,967,2,2.0,3.0,Furnished,"Gym, High-Speed Elevators, Intercom, Landscaped Garden",10390000
Whitefield,1869,3,2.0,15.0,Unfurnished,"24/7 Security, Children's Play Area, Covered Parking, Landscaped Garden, Power Backup",10080000
HSR Layout,1300,3,2.0,2.0,Unfurnished,"Gym, Tennis Court",10700000
Bellandur,1115,2,2.0,1.0,Semi-Furnished,"Children's Play Area, Landscaped Garden, Power Backup",9400000
Malleshwaram,1704,3,2.0,1.0,Semi-Furnished,"Covered Parking, Gym, Landscaped Garden, Power Backup",19210000
Yelahanka,1421,3,3.0,0.0,Semi-Furnished,"Children's Play Area, Covered Parking, Jogging Track, Landscaped Garden",8500000
Koramangala,1191,2,2.0,4.0,Unfurnished,"Children's Play Area, High-Speed Elevators, Intercom",12990000
Marathahalli,2100,4,3.0,0.0,Semi-Furnished,"Clubhouse, Covered Parking, Swimming Pool, Tennis Court",15070000
Koramangala,2100,4,4.0,3.0,Semi-Furnished,"Landscaped Garden, Swimming Pool, Tennis Court",30490000
Koramangala,1639,3,3.0,8.0,Semi-Furnished,"24/7 Security, High-Speed Elevators, Intercom, Landscaped Garden",20480000
Thanisandra,500,1,1.0,22.0,Furnished,"Clubhouse, Gym, Jogging Track, Power Backup",2590000
Koramangala,720,1,1.0,19.0,Semi-Furnished,"Covered Parking, Intercom",8010000
HSR Layout,1040,2,1.0,10.0,Semi-Furnished,"24/7 Security, Intercom, Jogging Track, Power Backup, Tennis Court",8940000
Electronic City,2519,4,3.0,3.0,Unfurnished,"Children's Play Area, High-Speed Elevators, Landscaped Garden",11160000
Yelahanka,1558,3,2.0,7.0,Furnished,"Covered Parking, Gym, Landscaped Garden, Tennis Court",9650000
Whitefield,1059,2,2.0,,Unfurnished,"24/7 Security, Landscaped Garden, Swimming Pool",6170000
Sarjapur Road,593,1,1.0,11.0,Semi-Furnished,"Children's Play Area, Power Backup",3490000
Thanisandra,1861,3,3.0,7.0,Unfurnished,"Intercom, Power Backup",9880000
Bellandur,1490,3,3.0,0.0,Unfurnished,"Children's Play Area, Gym",11210000
Malleshwaram,1828,3,3.0,3.0,Semi-Furnished,"24/7 Security, Intercom, Power Backup, Swimming Pool",20970000
Koramangala,1423,3,2.0,13.0,Unfurnished,"Clubhouse, Intercom, Jogging Track",14150000
Electronic City,1080,2,2.0,18.0,Unfurnished,"Covered Parking, Gym, Landscaped Garden",4140000
Hebbal,1132,2,2.0,10.0,Semi-Furnished,"Clubhouse, High-Speed Elevators, Intercom, Power Backup",9160000
Bellandur,952,2,2.0,3.0,Furnished,"24/7 Security, Swimming Pool, Tennis Court",7660000
Hebbal,707,1,1.0,7.0,Semi-Furnished,"Children's Play Area, Gym, Power Backup, Swimming Pool",5960000
Banashankari,2265,3,2.0,1.0,Unfurnished,"24/7 Security, Covered Parking, Jogging Track, Landscaped Garden, Swimming Pool, Tennis Court",20310000
Hebbal,1259,2,2.0,0.0,Unfurnished,"High-Speed Elevators, Jogging Track",9210000
Banashankari,823,1,1.0,3.0,Unfurnished,"24/7 Security, Covered Parking, Gym, Landscaped Garden, Swimming Pool",5560000
Marathahalli,954,2,1.0,18.0,Unfurnished,"Clubhouse, Landscaped Garden, Swimming Pool",4190000
Electronic City,1527,3,3.0,0.0,Furnished,"Clubhouse, Covered Parking, Gym, Power Backup",8860000
Koramangala,1148,2,2.0,4.0,Unfurnished,"24/7 Security, High-Speed Elevators",12860000
Bellandur,1048,2,2.0,3.0,Unfurnished,"24/7 Security, Gym, High-Speed Elevators, Landscaped Garden, Tennis Court",7660000
Thanisandra,2023,3,2.0,20.0,Unfurnished,"Children's Play Area, High-Speed Elevators, Intercom, Landscaped Garden, Power Backup",12130000
Thanisandra,1162,2,2.0,28.0,Semi-Furnished,"Children's Play Area, Clubhouse, Covered Parking, High-Speed Elevators, Intercom, Landscaped Garden, Power Backup, Tennis Court",5130000
Sarjapur Road,1086,2,2.0,1.0,Semi-Furnished,"24/7 Security, Children's Play Area, Clubhouse, Gym, Landscaped Garden, Power Backup, Swimming Pool",7280000
Whitefield,1906,3,3.0,2.0,Furnished,"Covered Parking, Landscaped Garden",10470000
Sarjapur Road,2432,4,4.0,9.0,Semi-Furnished,"Clubhouse, Covered Parking, Gym, Jogging Track, Power Backup",16430000
Whitefield,533,1,1.0,6.0,Semi-Furnished,"Clubhouse, Covered Parking, Intercom, Power Backup, Swimming Pool",3040000
Bellandur,617,1,1.0,1.0,Semi-Furnished,"Clubhouse, Power Backup, Swimming Pool",4800000
Electronic City,1200,2,2.0,0.0,Semi-Furnished,"Clubhouse, High-Speed Elevators, Landscaped Garden",6210000
Thanisandra,1610,3,2.0,19.0,Furnished,"24/7 Security, Clubhouse, Gym",9650000
Electronic City,553,1,1.0,9.0,Furnished,"Covered Parking, Jogging Track",2760000
Koramangala,1346,2,2.0,14.0,Furnished,"24/7 Security, Clubhouse, High-Speed Elevators, Intercom, Jogging Track",15640000
Jayanagar,3652,5,4.0,9.0,Semi-Furnished,"24/7 Security, Clubhouse, High-Speed Elevators, Landscaped Garden, Swimming Pool, Tennis Court",46340000
Bellandur,2688,4,4.0,6.0,Semi-Furnished,"24/7 Security, Covered Parking, Landscaped Garden",21850000
Thanisandra,1144,2,2.0,12.0,Semi-Furnished,"Children's Play Area, Gym, High-Speed Elevators, Jogging Track",6570000
Whitefield,1213,2,2.0,4.0,Semi-Furnished,"Children's Play Area, Clubhouse, Gym, High-Speed Elevators, Landscaped Garden, Tennis Court",7550000
Marathahalli,1436,3,3.0,2.0,Unfurnished,"Clubhouse, Intercom, Power Backup",9730000
HSR Layout,983,2,1.0,2.0,Semi-Furnished,"Clubhouse, Gym, High-Speed Elevators, Intercom, Power Backup",9790000
Bellandur,1730,3,3.0,5.0,Furnished,"Children's Play Area, Clubhouse, Covered Parking, Gym, Intercom, Landscaped Garden, Power Backup",16720000
Yelahanka,995,2,2.0,3.0,Semi-Furnished,"Children's Play Area, Clubhouse, High-Speed Elevators, Intercom, Landscaped Garden, Power Backup, Swimming Pool, Tennis Court",5930000
Sarjapur Road,1150,2,2.0,0.0,Semi-Furnished,"Clubhouse, Gym, Intercom, Jogging Track, Swimming Pool",8440000
HSR Layout,1746,3,3.0,10.0,Unfurnished,"Clubhouse, Covered Parking, Gym, High-Speed Elevators, Intercom, Jogging Track, Landscaped Garden, Swimming Pool",14200000
Bellandur,2520,4,4.0,5.0,Unfurnished,"24/7 Security, Children's Play Area, Clubhouse, Covered Parking, Gym, Intercom, Jogging Track, Swimming Pool, Tennis Court",22390000
Electronic City,783,1,1.0,2.0,Unfurnished,"24/7 Security, Children's Play Area, High-Speed Elevators, Tennis Court",2960000
Electronic City,2110,3,2.0,4.0,Furnished,"24/7 Security, Jogging Track, Power Backup, Swimming Pool, Tennis Court",11490000
Whitefield,1120,2,2.0,1.0,Unfurnished,"24/7 Security, Clubhouse, High-Speed Elevators, Intercom, Power Backup, Swimming Pool",6270000
Sarjapur Road,1001,2,1.0,0.0,Semi-Furnished,"Children's Play Area, Covered Parking, Gym, Intercom",6820000
Yelahanka,467,1,1.0,14.0,Furnished,"24/7 Security, Children's Play Area, Gym, Landscaped Garden, Power Backup",2310000
Koramangala,1585,3,2.0,0.0,Furnished,"Clubhouse, Intercom, Power Backup, Tennis Court",19460000
Sarjapur Road,644,1,1.0,9.0,Semi-Furnished,"Children's Play Area, Clubhouse, Intercom, Jogging Track, Landscaped Garden, Tennis Court",4140000
Malleshwaram,1087,2,2.0,0.0,Furnished,"Children's Play Area, Clubhouse, Covered Parking, Swimming Pool, Tennis Court",14370000
Whitefield,953,2,2.0,0.0,Semi-Furnished,"Children's Play Area, Jogging Track, Swimming Pool, Tennis Court",5250000
Thanisandra,674,1,1.0,5.0,Semi-Furnished,"Covered Parking, Intercom, Jogging Track, Landscaped Garden, Tennis Court",3690000
Marathahalli,1914,3,3.0,0.0,Semi-Furnished,"Clubhouse, Gym, Intercom",13670000
HSR Layout,644,1,1.0,15.0,Semi-Furnished,"24/7 Security, Children's Play Area, Clubhouse, Intercom, Jogging Track, Landscaped Garden, Power Backup, Tennis Court",5870000
Yelahanka,1652,3,3.0,4.0,Furnished,"Clubhouse, High-Speed Elevators, Intercom, Landscaped Garden, Power Backup",11380000
HSR Layout,1720,3,2.0,3.0,Furnished,"Clubhouse, Covered Parking, High-Speed Elevators, Intercom, Jogging Track, Power Backup, Swimming Pool",18420000
Indiranagar,1472,3,3.0,1.0,Semi-Furnished,"Children's Play Area, Covered Parking, Gym, Jogging Track, Tennis Court",19540000
Koramangala,2365,4,4.0,7.0,Furnished,"24/7 Security, Children's Play Area, Covered Parking, High-Speed Elevators, Landscaped Garden, Swimming Pool, Tennis Court",35270000
Sarjapur Road,1627,3,3.0,15.0,Semi-Furnished,"Covered Parking, Intercom",9790000
Whitefield,1495,3,3.0,2.0,Furnished,"24/7 Security, Gym, High-Speed Elevators, Jogging Track, Landscaped Garden",10780000
Electronic City,883,2,1.0,0.0,Semi-Furnished,"Children's Play Area, Covered Parking, Intercom, Jogging Track, Swimming Pool, Tennis Court",4430000
Rajajinagar,3477,4,4.0,,Semi-Furnished,"Children's Play Area, Gym, Jogging Track, Landscaped Garden, Power Backup",47540000
Hebbal,1152,2,2.0,15.0,Furnished,"Children's Play Area, Clubhouse, Gym, Swimming Pool",9010000
Koramangala,1883,3,2.0,3.0,Furnished,"Clubhouse, Tennis Court",23100000
Banashankari,1286,2,2.0,9.0,Unfurnished,"24/7 Security, Gym, High-Speed Elevators, Intercom, Power Backup",7880000
Hebbal,4267,5,5.0,2.0,Furnished,"Children's Play Area, Covered Parking, Gym, High-Speed Elevators",40000000
Jayanagar,771,1,1.0,15.0,Semi-Furnished,"24/7 Security, Children's Play Area",8240000
Marathahalli,1124,2,2.0,3.0,Semi-Furnished,"Children's Play Area, Landscaped Garden, Power Backup, Swimming Pool, Tennis Court",7360000
Hebbal,3614,5,5.0,5.0,Semi-Furnished,"24/7 Security, Clubhouse, Covered Parking, Intercom, Jogging Track, Landscaped Garden, Power Backup, Swimming Pool, Tennis Court",32560000
Whitefield,1715,3,3.0,6.0,Unfurnished,"24/7 Security, Gym, Intercom, Landscaped Garden",11510000
Whitefield,984,2,2.0,2.0,Unfurnished,"24/7 Security, Gym, Tennis Court",5280000
Whitefield,1097,2,2.0,2.0,Furnished,"24/7 Security, Clubhouse, Covered Parking, Gym, High-Speed Elevators, Intercom, Jogging Track",8170000
Electronic City,2710,4,4.0,0.0,Semi-Furnished,"24/7 Security, Clubhouse, Gym, High-Speed Elevators, Jogging Track, Landscaped Garden, Swimming Pool",15430000
Yelahanka,2917,4,3.0,10.0,Furnished,"Clubhouse, High-Speed Elevators, Jogging Track, Tennis Court",19080000
Malleshwaram,1420,3,3.0,13.0,Furnished,"Children's Play Area, Gym, High-Speed Elevators, Jogging Track, Tennis Court",15950000
Electronic City,1205,2,2.0,10.0,Semi-Furnished,"24/7 Security, Children's Play Area, Clubhouse, Covered Parking, Gym, Intercom",4100000
HSR Layout,1789,3,3.0,11.0,Semi-Furnished,"24/7 Security, Children's Play Area, Swimming Pool",14740000
Sarjapur Road,1029,2,1.0,3.0,Unfurnished,"Clubhouse, Gym, Power Backup",6390000
HSR Layout,750,1,1.0,0.0,Semi-Furnished,"24/7 Security, Clubhouse, Intercom, Swimming Pool, Tennis Court",6340000
Thanisandra,1231,2,2.0,1.0,Unfurnished,"24/7 Security, Children's Play Area, Jogging Track, Power Backup, Swimming Pool",8100000
Hebbal,1856,3,3.0,6.0,Semi-Furnished,"Covered Parking, Jogging Track, Power Backup, Tennis Court",17680000
Rajajinagar,1664,3,3.0,1.0,Semi-Furnished,"Clubhouse, Covered Parking, High-Speed Elevators, Landscaped Garden, Power Backup",17100000
HSR Layout,4783,5,5.0,8.0,Semi-Furnished,"Clubhouse, Covered Parking, High-Speed Elevators, Jogging Track, Swimming Pool",49170000
Whitefield,704,1,1.0,4.0,Unfurnished,"Clubhouse, Gym, Jogging Track, Landscaped Garden, Swimming Pool, Tennis Court",3640000
Sarjapur Road,2698,4,4.0,26.0,Semi-Furnished,"Gym, High-Speed Elevators, Intercom, Swimming Pool, Tennis Court",17790000
Bellandur,975,2,2.0,16.0,Semi-Furnished,"Covered Parking, High-Speed Elevators",6750000
Sarjapur Road,1055,2,2.0,16.0,Furnished,"Children's Play Area, Clubhouse, Gym, Intercom, Landscaped Garden, Power Backup",7010000
Indiranagar,3708,5,4.0,0.0,Unfurnished,"Children's Play Area, Covered Parking, Power Backup",55110000
Bellandur,642,1,1.0,16.0,Unfurnished,"24/7 Security, Covered Parking, Gym, Intercom, Jogging Track, Landscaped Garden, Swimming Pool, Tennis Court",4040000
Electronic City,711,1,1.0,7.0,Semi-Furnished,"24/7 Security, Covered Parking, High-Speed Elevators",3340000
Sarjapur Road,1751,3,3.0,0.0,Furnished,"24/7 Security, Gym, High-Speed Elevators, Jogging Track, Landscaped Garden, Swimming Pool, Tennis Court",15440000
Indiranagar,1121,2,2.0,5.0,Unfurnished,"Intercom, Power Backup, Swimming Pool, Tennis Court",12480000
Indiranagar,1589,3,3.0,6.0,Unfurnished,"24/7 Security, Clubhouse, Intercom, Jogging Track, Tennis Court",17960000
Marathahalli,2406,4,4.0,2.0,Semi-Furnished,"Covered Parking, Gym, Swimming Pool",19350000
HSR Layout,1674,3,2.0,0.0,Unfurnished,"Gym, Landscaped Garden",15040000
HSR Layout,2560,4,3.0,3.0,Furnished,"24/7 Security, Children's Play Area, Covered Parking, Intercom",24150000
Jayanagar,793,1,1.0,5.0,Unfurnished,"Children's Play Area, Intercom",7880000
Electronic City,618,1,1.0,19.0,Unfurnished,"Children's Play Area, Clubhouse, Intercom",1870000
Whitefield,635,1,1.0,5.0,Semi-Furnished,"24/7 Security, Covered Parking",3430000
HSR Layout,682,1,1.0,6.0,Furnished,"Clubhouse, Jogging Track, Swimming Pool",5770000
Jayanagar,3929,5,5.0,12.0,Furnished,"Covered Parking, Jogging Track, Swimming Pool, Tennis Court",51170000
Sarjapur Road,1788,3,2.0,3.0,Semi-Furnished,"24/7 Security, Children's Play Area",12430000
Indiranagar,1235,2,2.0,2.0,Furnished,"Children's Play Area, Clubhouse, Intercom, Landscaped Garden",14870000
Jayanagar,828,2,2.0,4.0,Semi-Furnished,"24/7 Security, Gym, High-Speed Elevators, Jogging Track, Swimming Pool",9350000
Koramangala,3163,5,4.0,7.0,Furnished,"24/7 Security, Children's Play Area, High-Speed Elevators, Power Backup",47030000
Marathahalli,1048,2,2.0,0.0,Furnished,"Covered Parking, Gym, High-Speed Elevators, Intercom, Jogging Track",7290000
Hebbal,644,1,1.0,5.0,Semi-Furnished,"24/7 Security, Children's Play Area, Covered Parking",4960000
Marathahalli,2391,3,3.0,0.0,Furnished,"Children's Play Area, High-Speed Elevators",15450000
Electronic City,954,2,2.0,2.0,Semi-Furnished,"24/7 Security, Children's Play Area, Clubhouse, Covered Parking, Gym, High-Speed Elevators, Landscaped Garden, Tennis Court",4630000
Jayanagar,547,1,1.0,0.0,Semi-Furnished,"Children's Play Area, Gym, Landscaped Garden, Power Backup",7150000
Rajajinagar,1161,2,2.0,0.0,Semi-Furnished,"Children's Play Area, Covered Parking, High-Speed Elevators, Intercom, Swimming Pool",11600000
Banashankari,1318,3,3.0,7.0,Semi-Furnished,"Power Backup, Swimming Pool, Tennis Court",8880000
Whitefield,2380,4,4.0,22.0,Semi-Furnished,"24/7 Security, Intercom, Tennis Court",12480000
Jayanagar,1381,2,2.0,0.0,Unfurnished,"24/7 Security, Children's Play Area, Clubhouse, Gym, High-Speed Elevators, Power Backup, Swimming Pool, Tennis Court",16020000
Marathahalli,800,2,2.0,12.0,Unfurnished,"High-Speed Elevators, Landscaped Garden",4180000
Koramangala,1009,2,2.0,0.0,Unfurnished,"Children's Play Area, Covered Parking, High-Speed Elevators, Intercom, Swimming Pool, Tennis Court",11240000
Indiranagar,1066,2,2.0,3.0,Semi-Furnished,"Clubhouse, Gym, Landscaped Garden, Power Backup, Swimming Pool, Tennis Court",12440000
Electronic City,1054,2,2.0,8.0,Semi-Furnished,"Children's Play Area, Gym, Intercom, Landscaped Garden",5930000
Marathahalli,857,2,2.0,16.0,Semi-Furnished,"24/7 Security, Intercom, Landscaped Garden, Tennis Court",5610000
Whitefield,2405,4,4.0,4.0,Semi-Furnished,"24/7 Security, Gym, Intercom",14480000
Marathahalli,1350,2,1.0,6.0,Semi-Furnished,"Children's Play Area, Covered Parking, Landscaped Garden",8070000
Koramangala,453,1,1.0,1.0,Unfurnished,"24/7 Security, High-Speed Elevators, Jogging Track",4240000
Koramangala,1327,2,1.0,1.0,Semi-Furnished,"Children's Play Area, Gym, Landscaped Garden, Tennis Court",16920000
Marathahalli,2771,4,4.0,,Unfurnished,"24/7 Security, Gym, High-Speed Elevators",19000000
Electronic City,982,2,2.0,0.0,Furnished,"24/7 Security, Clubhouse, Covered Parking, Swimming Pool",4940000
Jayanagar,590,1,1.0,1.0,Semi-Furnished,"Children's Play Area, Clubhouse, Gym, High-Speed Elevators, Intercom, Jogging Track, Landscaped Garden, Power Backup, Swimming Pool",6180000
Electronic City,1022,2,2.0,0.0,Unfurnished,"Covered Parking, High-Speed Elevators, Intercom, Landscaped Garden, Power Backup, Tennis Court",5250000
Yelahanka,1104,2,2.0,12.0,Semi-Furnished,"Clubhouse, Gym, Intercom, Tennis Court",6780000
Bellandur,1944,3,3.0,7.0,Furnished,"Children's Play Area, Covered Parking, Power Backup",15180000
Bellandur,1125,2,2.0,4.0,Semi-Furnished,"Landscaped Garden, Power Backup, Tennis Court",9030000
Electronic City,1575,3,3.0,9.0,Semi-Furnished,"24/7 Security, Children's Play Area, Landscaped Garden",7360000
Whitefield,927,2,2.0,7.0,Semi-Furnished,"Children's Play Area, High-Speed Elevators, Intercom, Landscaped Garden",5590000
Bellandur,1628,3,3.0,0.0,Unfurnished,"Gym, Jogging Track",12180000
Indiranagar,1704,3,3.0,0.0,Semi-Furnished,"Intercom, Jogging Track, Swimming Pool",25940000
Banashankari,1746,3,3.0,5.0,Unfurnished,"24/7 Security, Clubhouse",10850000
Koramangala,1590,3,3.0,7.0,Semi-Furnished,"Clubhouse, Covered Parking, Gym, Swimming Pool, Tennis Court",18900000
Electronic City,4008,5,5.0,8.0,Unfurnished,"Power Backup, Tennis Court",22530000
Jayanagar,2210,4,3.0,12.0,Unfurnished,"Children's Play Area, High-Speed Elevators, Intercom, Power Backup, Swimming Pool, Tennis Court",24460000
Rajajinagar,4287,5,5.0,2.0,Semi-Furnished,"Children's Play Area, Clubhouse, Intercom, Power Backup",46590000
Indiranagar,968,2,2.0,2.0,Furnished,"Clubhouse, Intercom, Landscaped Garden, Swimming Pool",10900000
Electronic City,1875,3,3.0,1.0,Semi-Furnished,"Children's Play Area, Clubhouse, Covered Parking, Jogging Track, Landscaped Garden",9460000
Thanisandra,1136,2,2.0,0.0,Furnished,"Children's Play Area, Clubhouse, Covered Parking, Gym, High-Speed Elevators, Landscaped Garden, Swimming Pool",7590000
Rajajinagar,1827,3,3.0,7.0,Furnished,"Children's Play Area, Clubhouse, Covered Parking, High-Speed Elevators, Jogging Track, Power Backup",19220000
Banashankari,3146,5,5.0,28.0,Semi-Furnished,"24/7 Security, Gym, High-Speed Elevators, Intercom, Power Backup, Tennis Court",19060000
Sarjapur Road,4254,5,5.0,1.0,Furnished,"High-Speed Elevators, Jogging Track, Power Backup, Swimming Pool, Tennis Court",39950000
HSR Layout,2207,4,3.0,4.0,Semi-Furnished,"24/7 Security, Clubhouse, Covered Parking, Gym",19870000
Electronic City,1311,2,1.0,0.0,Furnished,"24/7 Security, Children's Play Area, Intercom, Jogging Track, Landscaped Garden",7940000
Banashankari,1175,2,2.0,6.0,Semi-Furnished,"Covered Parking, High-Speed Elevators, Intercom, Landscaped Garden, Power Backup",7590000
Sarjapur Road,1327,3,3.0,,Unfurnished,"24/7 Security, Clubhouse, Gym",9470000
Electronic City,1632,3,3.0,26.0,Semi-Furnished,"Children's Play Area, High-Speed Elevators, Landscaped Garden",6380000
Sarjapur Road,1143,2,2.0,8.0,Semi-Furnished,"Clubhouse, Gym, Intercom, Jogging Track, Tennis Court",8350000
Indiranagar,1395,3,2.0,6.0,Semi-Furnished,"24/7 Security, High-Speed Elevators, Intercom, Landscaped Garden, Swimming Pool",14950000
Jayanagar,1492,3,3.0,5.0,Unfurnished,"Clubhouse, Gym, Jogging Track, Landscaped Garden",18110000
HSR Layout,1690,3,3.0,4.0,Furnished,"Clubhouse, Gym, Intercom, Landscaped Garden, Swimming Pool",16110000
Whitefield,606,1,1.0,3.0,Furnished,"24/7 Security, Children's Play Area, Clubhouse, Intercom, Power Backup, Tennis Court",3250000
HSR Layout,1786,3,3.0,3.0,Semi-Furnished,"Landscaped Garden, Power Backup",15990000
HSR Layout,1193,2,2.0,15.0,Furnished,"Gym, Intercom",9320000
Malleshwaram,1039,2,2.0,0.0,Unfurnished,"Gym, Intercom, Jogging Track, Swimming Pool",11000000
Electronic City,1506,3,3.0,,Semi-Furnished,"Children's Play Area, Covered Parking, Intercom, Jogging Track, Swimming Pool, Tennis Court",9070000
Thanisandra,1795,3,2.0,6.0,Semi-Furnished,"Children's Play Area, Clubhouse, Covered Parking, High-Speed Elevators, Landscaped Garden, Swimming Pool",12180000
Jayanagar,2807,4,3.0,19.0,Furnished,"Jogging Track, Landscaped Garden, Swimming Pool",37880000
Jayanagar,617,1,1.0,2.0,Semi-Furnished,"Gym, High-Speed Elevators, Landscaped Garden",6890000
Banashankari,1460,3,3.0,9.0,Semi-Furnished,"Children's Play Area, Clubhouse, High-Speed Elevators, Intercom, Jogging Track, Landscaped Garden",11330000
Electronic City,1969,3,3.0,3.0,Semi-Furnished,"Children's Play Area, Jogging Track, Swimming Pool",10260000
Rajajinagar,993,2,2.0,1.0,Semi-Furnished,"24/7 Security, Children's Play Area, Clubhouse, Tennis Court",8850000
Electronic City,545,1,1.0,13.0,Semi-Furnished,"24/7 Security, Children's Play Area, High-Speed Elevators, Landscaped Garden, Swimming Pool, Tennis Court",2220000
Whitefield,1450,2,2.0,14.0,Semi-Furnished,"24/7 Security, Intercom, Power Backup, Swimming Pool",7480000
HSR Layout,1038,2,1.0,4.0,Furnished,"Children's Play Area, Clubhouse, Gym, High-Speed Elevators, Swimming Pool, Tennis Court",9270000
Whitefield,488,1,1.0,8.0,Furnished,"24/7 Security, Covered Parking, Swimming Pool",2650000
Whitefield,800,2,1.0,0.0,Semi-Furnished,"Covered Parking, Landscaped Garden, Tennis Court",5250000
Hebbal,1558,3,3.0,10.0,Furnished,"Children's Play Area, Gym, Landscaped Garden, Swimming Pool",13980000
Marathahalli,2742,4,4.0,2.0,Unfurnished,"Clubhouse, Swimming Pool, Tennis Court",19220000
Hebbal,1055,2,2.0,0.0,Furnished,"Clubhouse, Covered Parking, High-Speed Elevators, Jogging Track",10000000
Sarjapur Road,1039,2,1.0,1.0,,"24/7 Security, Children's Play Area, Gym, Intercom, Power Backup",7400000
Whitefield,1600,3,2.0,8.0,Semi-Furnished,"High-Speed Elevators, Landscaped Garden, Tennis Court",8060000
Sarjapur Road,650,1,1.0,2.0,Unfurnished,"Children's Play Area, Jogging Track, Landscaped Garden, Swimming Pool, Tennis Court",4210000
Indiranagar,2675,4,4.0,1.0,Semi-Furnished,"24/7 Security, Children's Play Area, Covered Parking, Swimming Pool",38810000
Yelahanka,1636,3,3.0,2.0,Semi-Furnished,"Covered Parking, Intercom",9770000
Thanisandra,1094,2,2.0,3.0,Semi-Furnished,"24/7 Security, Covered Parking, High-Speed Elevators, Jogging Track, Power Backup, Swimming Pool",5580000
Koramangala,1132,2,2.0,5.0,,"24/7 Security, Children's Play Area, Covered Parking, High-Speed Elevators, Power Backup",13440000
Jayanagar,1064,2,2.0,3.0,Semi-Furnished,"High-Speed Elevators, Jogging Track",11570000
Whitefield,3599,5,5.0,13.0,Unfurnished,"Covered Parking, Gym, High-Speed Elevators, Jogging Track, Swimming Pool",21430000
Jayanagar,1524,3,,5.0,,"Children's Play Area, Covered Parking, Gym",16840000
Indiranagar,1871,3,2.0,0.0,Furnished,"Children's Play Area, Gym, High-Speed Elevators, Landscaped Garden, Power Backup",23550000
Koramangala,2838,4,3.0,1.0,Furnished,"24/7 Security, Covered Parking, High-Speed Elevators, Intercom, Power Backup, Swimming Pool, Tennis Court",43800000
Koramangala,1366,2,1.0,1.0,Semi-Furnished,"24/7 Security, Clubhouse, Covered Parking, High-Speed Elevators",16420000
Koramangala,658,1,1.0,3.0,Furnished,"Children's Play Area, Intercom, Swimming Pool",7840000
Electronic City,1724,3,3.0,11.0,Semi-Furnished,"24/7 Security, Power Backup, Tennis Court",7850000
Whitefield,1652,3,2.0,1.0,Unfurnished,"24/7 Security, Clubhouse, High-Speed Elevators, Intercom, Jogging Track, Landscaped Garden",9830000
Rajajinagar,1836,3,3.0,11.0,Unfurnished,"Covered Parking, Swimming Pool",16680000
Whitefield,721,1,1.0,8.0,Semi-Furnished,"Children's Play Area, Covered Parking, Jogging Track",4030000
Whitefield,1300,3,2.0,6.0,Semi-Furnished,"Gym, Intercom, Tennis Court",7540000
Marathahalli,1315,2,2.0,7.0,Furnished,"24/7 Security, Children's Play Area, Clubhouse, Covered Parking, Gym, Power Backup",10540000
Jayanagar,558,1,1.0,3.0,Furnished,"Children's Play Area, Gym, Intercom, Power Backup",6060000
Yelahanka,482,1,1.0,8.0,Unfurnished,"Clubhouse, Covered Parking, Landscaped Garden, Power Backup, Swimming Pool, Tennis Court",2420000
Sarjapur Road,1968,3,3.0,6.0,Unfurnished,"Children's Play Area, Clubhouse, Covered Parking, High-Speed Elevators, Jogging Track, Landscaped Garden, Swimming Pool",14820000
Rajajinagar,1105,2,2.0,2.0,Semi-Furnished,"24/7 Security, Children's Play Area, Covered Parking, Landscaped Garden",9430000
Whitefield,570,1,1.0,1.0,Semi-Furnished,"Children's Play Area, Gym, Intercom, Tennis Court",2920000
Hebbal,1009,2,2.0,13.0,Semi-Furnished,"Jogging Track, Swimming Pool",7500000
Sarjapur Road,974,2,2.0,3.0,Semi-Furnished,"Children's Play Area, Covered Parking, Gym, Intercom, Jogging Track, Power Backup, Tennis Court",7270000
Whitefield,1242,2,2.0,28.0,Semi-Furnished,"Children's Play Area, Jogging Track, Landscaped Garden, Swimming Pool",5510000
Electronic City,967,2,2.0,7.0,Semi-Furnished,"Children's Play Area, Covered Parking, High-Speed Elevators, Intercom, Landscaped Garden",4630000
Rajajinagar,1940,3,2.0,5.0,Semi-Furnished,"Children's Play Area, Gym, High-Speed Elevators, Intercom",18290000
Whitefield,1233,2,2.0,0.0,Furnished,"24/7 Security, Power Backup",7570000
Jayanagar,848,2,2.0,0.0,Furnished,"24/7 Security, Children's Play Area, Clubhouse, High-Speed Elevators, Landscaped Garden",9830000
Whitefield,1094,2,2.0,0.0,Unfurnished,"Children's Play Area, Covered Parking, Intercom, Tennis Court",5940000
Electronic City,572,1,1.0,4.0,Semi-Furnished,"Clubhouse, High-Speed Elevators, Power Backup, Swimming Pool",2510000
Whitefield,1058,2,2.0,1.0,Unfurnished,"Covered Parking, Gym, Intercom, Jogging Track, Swimming Pool",5900000
HSR Layout,1919,3,2.0,5.0,Semi-Furnished,"Children's Play Area, Gym, Jogging Track, Tennis Court",15600000
Koramangala,922,2,1.0,7.0,Semi-Furnished,"24/7 Security, Children's Play Area, High-Speed Elevators, Jogging Track, Power Backup, Swimming Pool, Tennis Court",10820000
Banashankari,1166,2,1.0,18.0,Semi-Furnished,"Landscaped Garden, Power Backup",8750000
Koramangala,1130,2,1.0,19.0,Unfurnished,"24/7 Security, Swimming Pool, Tennis Court",12420000
Electronic City,1887,3,3.0,3.0,Semi-Furnished,"24/7 Security, Clubhouse, Covered Parking, Jogging Track, Swimming Pool",10250000
Banashankari,1186,2,2.0,3.0,Unfurnished,"Children's Play Area, Gym, High-Speed Elevators, Intercom, Tennis Court",8660000
Whitefield,3532,5,5.0,8.0,Semi-Furnished,"High-Speed Elevators, Jogging Track, Landscaped Garden, Swimming Pool, Tennis Court",21440000
Bellandur,1828,3,3.0,14.0,Semi-Furnished,"24/7 Security, Children's Play Area, Clubhouse, High-Speed Elevators, Intercom, Jogging Track, Landscaped Garden, Swimming Pool, Tennis Court",14880000
Whitefield,1611,3,3.0,3.0,Semi-Furnished,"High-Speed Elevators, Intercom, Landscaped Garden, Swimming Pool",11530000
HSR Layout,3736,5,5.0,8.0,Furnished,"Covered Parking, High-Speed Elevators, Intercom, Jogging Track",38270000
Thanisandra,1135,2,,3.0,Semi-Furnished,"24/7 Security, Gym, High-Speed Elevators, Intercom, Jogging Track, Landscaped Garden, Swimming Pool",6260000
Marathahalli,542,1,1.0,6.0,Unfurnished,"Children's Play Area, Clubhouse, Jogging Track, Tennis Court",3170000
Thanisandra,2337,4,4.0,22.0,Semi-Furnished,"Clubhouse, Covered Parking, Intercom, Swimming Pool",12670000
Jayanagar,1558,3,2.0,7.0,Furnished,"Children's Play Area, Intercom, Landscaped Garden, Tennis Court",19740000
Thanisandra,2469,4,4.0,7.0,Furnished,"24/7 Security, Clubhouse, Covered Parking, High-Speed Elevators, Jogging Track, Power Backup",15260000
Sarjapur Road,938,2,2.0,6.0,Unfurnished,"24/7 Security, Intercom, Jogging Track, Landscaped Garden, Power Backup",5740000
Sarjapur Road,2848,4,3.0,15.0,Unfurnished,"Clubhouse, Covered Parking, Gym, High-Speed Elevators, Landscaped Garden, Power Backup",17440000
Electronic City,2017,3,2.0,3.0,Semi-Furnished,"Children's Play Area, Clubhouse, Covered Parking, High-Speed Elevators, Tennis Court",10260000
HSR Layout,532,1,1.0,6.0,Semi-Furnished,"24/7 Security, Children's Play Area, High-Speed Elevators, Jogging Track, Landscaped Garden, Tennis Court",5270000
Yelahanka,1113,2,2.0,0.0,Semi-Furnished,"24/7 Security, Gym, Intercom, Landscaped Garden, Power Backup, Swimming Pool",7330000
Malleshwaram,1155,2,2.0,14.0,Semi-Furnished,"24/7 Security, Covered Parking, Gym, High-Speed Elevators, Tennis Court",12260000
Banashankari,1718,3,2.0,5.0,,"24/7 Security, Power Backup, Swimming Pool",12800000
Banashankari,625,1,1.0,7.0,Semi-Furnished,"24/7 Security, Gym, High-Speed Elevators, Tennis Court",3730000
Whitefield,1531,3,3.0,10.0,Semi-Furnished,"Covered Parking, Landscaped Garden, Swimming Pool",8240000
Hebbal,2184,4,4.0,11.0,Unfurnished,"24/7 Security, Gym, High-Speed Elevators, Jogging Track, Power Backup",17630000
HSR Layout,1330,2,2.0,12.0,Unfurnished,"Children's Play Area, Covered Parking, Gym, Jogging Track",8010000
HSR Layout,1178,2,2.0,3.0,Unfurnished,"Clubhouse, Gym, High-Speed Elevators, Intercom, Power Backup",11900000
Sarjapur Road,621,1,1.0,8.0,Furnished,"Clubhouse, Gym, High-Speed Elevators, Intercom, Landscaped Garden, Power Backup, Swimming Pool, Tennis Court",3670000
Electronic City,613,1,1.0,7.0,Unfurnished,"Clubhouse, Jogging Track, Power Backup, Tennis Court",2460000
Whitefield,1668,3,3.0,18.0,Semi-Furnished,"24/7 Security, Clubhouse, Gym, High-Speed Elevators, Tennis Court",9220000
Indiranagar,1456,3,3.0,6.0,Semi-Furnished,"24/7 Security, Covered Parking, Landscaped Garden",18930000
Sarjapur Road,1571,3,3.0,0.0,Unfurnished,"Clubhouse, Covered Parking, High-Speed Elevators, Intercom, Landscaped Garden",11550000
Jayanagar,1620,3,3.0,4.0,Unfurnished,"24/7 Security, Children's Play Area, Covered Parking, Gym, High-Speed Elevators, Jogging Track, Swimming Pool",19970000
Hebbal,1907,3,2.0,13.0,Unfurnished,"Clubhouse, Jogging Track",13920000
Hebbal,1247,2,2.0,12.0,Furnished,"Children's Play Area, Gym, High-Speed Elevators, Intercom, Swimming Pool, Tennis Court",11630000
HSR Layout,1227,2,2.0,8.0,Unfurnished,"Clubhouse, Gym, High-Speed Elevators, Intercom, Landscaped Garden, Tennis Court",9380000
Marathahalli,491,1,1.0,6.0,Furnished,"24/7 Security, Jogging Track",3010000
Koramangala,1135,2,2.0,4.0,Semi-Furnished,"Children's Play Area, Clubhouse, High-Speed Elevators, Intercom, Jogging Track, Swimming Pool, Tennis Court",13910000
Hebbal,1136,2,2.0,3.0,Semi-Furnished,"High-Speed Elevators, Jogging Track, Landscaped Garden, Power Backup, Swimming Pool, Tennis Court",10630000
Whitefield,2617,4,4.0,14.0,Semi-Furnished,"24/7 Security, Children's Play Area, Clubhouse, Gym, Landscaped Garden, Power Backup",16920000
Bellandur,1890,3,2.0,22.0,Unfurnished,"24/7 Security, Covered Parking, Intercom, Jogging Track, Landscaped Garden, Power Backup, Tennis Court",12810000
Yelahanka,1428,3,2.0,25.0,Unfurnished,"24/7 Security, Power Backup, Swimming Pool, Tennis Court",7540000
Indiranagar,1532,3,3.0,6.0,Furnished,"Children's Play Area, Covered Parking, Intercom, Landscaped Garden, Power Backup, Swimming Pool, Tennis Court",17960000
Whitefield,962,2,2.0,13.0,Unfurnished,"Children's Play Area, Covered Parking, Gym, High-Speed Elevators, Landscaped Garden, Swimming Pool",5490000
Whitefield,1445,3,2.0,15.0,Semi-Furnished,"Children's Play Area, Covered Parking, High-Speed Elevators, Intercom, Landscaped Garden, Power Backup",7980000
Bellandur,1050,2,2.0,7.0,Furnished,"Children's Play Area, Clubhouse, Covered Parking, Jogging Track, Swimming Pool",7530000
Banashankari,2957,4,4.0,3.0,Semi-Furnished,"Gym, Swimming Pool",23500000
HSR Layout,1956,3,3.0,12.0,Unfurnished,"Intercom, Jogging Track, Power Backup, Tennis Court",16140000
Sarjapur Road,1200,2,1.0,10.0,Furnished,"High-Speed Elevators, Intercom, Landscaped Garden",8220000
Sarjapur Road,2229,4,4.0,1.0,Furnished,"Intercom, Power Backup",17970000
Jayanagar,2076,3,2.0,7.0,Semi-Furnished,"24/7 Security, Clubhouse, Gym, High-Speed Elevators",24790000
Marathahalli,3952,5,4.0,12.0,Unfurnished,"Children's Play Area, Covered Parking, Intercom, Jogging Track, Landscaped Garden",27280000
Jayanagar,550,1,1.0,4.0,Semi-Furnished,"Children's Play Area, Swimming Pool, Tennis Court",7090000
Bellandur,1910,3,3.0,4.0,Unfurnished,"24/7 Security, Clubhouse, High-Speed Elevators, Tennis Court",14770000
Malleshwaram,1563,3,2.0,2.0,Unfurnished,"Clubhouse, Gym, Intercom, Landscaped Garden, Power Backup",16500000
Indiranagar,1940,3,2.0,7.0,Furnished,"Clubhouse, Landscaped Garden",23270000
Whitefield,3470,5,5.0,1.0,Furnished,"Children's Play Area, Clubhouse, Covered Parking, Landscaped Garden, Tennis Court",24080000
Banashankari,2035,3,3.0,2.0,Semi-Furnished,"Children's Play Area, Intercom, Jogging Track",14690000
HSR Layout,1821,3,3.0,5.0,Semi-Furnished,"Clubhouse, Covered Parking, High-Speed Elevators, Intercom, Landscaped Garden, Power Backup",17650000
Electronic City,617,1,1.0,1.0,Unfurnished,"24/7 Security, Jogging Track",2520000
Whitefield,990,2,1.0,0.0,Unfurnished,"Covered Parking, Gym, Jogging Track, Landscaped Garden",6130000
Electronic City,1359,3,2.0,4.0,Furnished,"Power Backup, Swimming Pool, Tennis Court",7640000
Yelahanka,4148,5,5.0,9.0,Unfurnished,"24/7 Security, Intercom, Power Backup, Swimming Pool, Tennis Court",25920000
Jayanagar,1129,2,2.0,21.0,Furnished,"Children's Play Area, Intercom, Landscaped Garden, Power Backup, Swimming Pool",10990000
HSR Layout,2088,3,3.0,2.0,Furnished,"Gym, Power Backup",19780000
Electronic City,1002,2,2.0,6.0,Unfurnished,"Gym, High-Speed Elevators, Jogging Track, Tennis Court",4260000
Koramangala,1575,3,2.0,16.0,Unfurnished,"24/7 Security, Covered Parking, High-Speed Elevators, Power Backup",18050000
Bellandur,1025,2,2.0,4.0,Unfurnished,"Covered Parking, Intercom, Landscaped Garden, Swimming Pool, Tennis Court",7320000
Koramangala,1707,3,2.0,3.0,Furnished,"Children's Play Area, Intercom, Jogging Track, Landscaped Garden, Power Backup",23530000
HSR Layout,561,1,1.0,9.0,Furnished,"Clubhouse, Gym, Power Backup, Swimming Pool",4770000
Sarjapur Road,636,1,1.0,1.0,Semi-Furnished,"24/7 Security, Children's Play Area, Landscaped Garden",3140000
Rajajinagar,1056,2,2.0,18.0,Semi-Furnished,"High-Speed Elevators, Intercom, Power Backup, Swimming Pool, Tennis Court",8980000
Marathahalli,1557,3,3.0,8.0,Semi-Furnished,"Children's Play Area, Intercom",9970000
Hebbal,1218,2,2.0,4.0,Furnished,"Gym, Landscaped Garden",10370000
Banashankari,2917,4,3.0,1.0,Unfurnished,"High-Speed Elevators, Intercom, Jogging Track, Landscaped Garden",24310000
Bellandur,1540,3,2.0,0.0,Furnished,"Children's Play Area, Covered Parking, Jogging Track, Landscaped Garden, Swimming Pool, Tennis Court",12060000
Electronic City,581,1,1.0,23.0,Semi-Furnished,"Covered Parking, Intercom, Landscaped Garden, Tennis Court",2120000
Jayanagar,1090,2,2.0,8.0,Semi-Furnished,"24/7 Security, Jogging Track, Power Backup",10570000
Koramangala,2272,4,4.0,2.0,Semi-Furnished,"Clubhouse, Landscaped Garden, Swimming Pool, Tennis Court",27630000
Rajajinagar,1300,3,3.0,0.0,Semi-Furnished,"24/7 Security, High-Speed Elevators, Jogging Track, Landscaped Garden, Swimming Pool",16210000
Koramangala,1188,2,2.0,2.0,Unfurnished,"24/7 Security, High-Speed Elevators, Intercom, Jogging Track, Landscaped Garden",14870000
HSR Layout,2281,4,4.0,9.0,Unfurnished,"Children's Play Area, Clubhouse, Power Backup",18620000
Whitefield,1502,3,2.0,12.0,Semi-Furnished,"24/7 Security, Children's Play Area, Covered Parking, Gym, High-Speed Elevators, Jogging Track, Power Backup, Swimming Pool",8620000
Bellandur,3124,4,4.0,,Semi-Furnished,"Children's Play Area, High-Speed Elevators, Intercom, Power Backup",27130000
Marathahalli,1036,2,2.0,5.0,,"24/7 Security, Power Backup",6500000
Electronic City,1708,3,3.0,7.0,Unfurnished,"24/7 Security, Covered Parking, High-Speed Elevators, Intercom, Jogging Track, Landscaped Garden, Power Backup, Swimming Pool, Tennis Court",8610000
Rajajinagar,3100,5,5.0,25.0,Furnished,"Clubhouse, Covered Parking, Jogging Track, Landscaped Garden",29820000
Rajajinagar,2753,4,3.0,15.0,Semi-Furnished,"Children's Play Area, Covered Parking, Gym, Intercom, Landscaped Garden, Power Backup, Tennis Court",28280000
Bellandur,2615,4,3.0,7.0,Semi-Furnished,"Clubhouse, Gym, Landscaped Garden, Power Backup, Tennis Court",21040000
Marathahalli,3064,4,3.0,4.0,Unfurnished,"Children's Play Area, Covered Parking",18630000
Koramangala,1060,2,2.0,3.0,Furnished,"Power Backup, Tennis Court",13380000
Thanisandra,2560,4,3.0,0.0,Unfurnished,"Gym, Tennis Court",15270000
Electronic City,1072,2,2.0,20.0,Semi-Furnished,"Clubhouse, Covered Parking",3920000
Whitefield,1624,3,2.0,0.0,Semi-Furnished,"Clubhouse, Covered Parking, Power Backup",11090000
Malleshwaram,1827,3,3.0,0.0,Semi-Furnished,"Children's Play Area, Clubhouse, Jogging Track, Landscaped Garden, Power Backup",20780000
Sarjapur Road,981,2,2.0,3.0,Furnished,"Children's Play Area, Clubhouse, Covered Parking, Jogging Track, Landscaped Garden, Swimming Pool",6960000
Bellandur,1174,2,2.0,11.0,Semi-Furnished,"Intercom, Jogging Track, Swimming Pool",6780000
Marathahalli,1718,3,3.0,1.0,Furnished,"24/7 Security, Children's Play Area, Clubhouse, Covered Parking, Gym, Jogging Track, Power Backup, Tennis Court",11610000
Marathahalli,2606,4,4.0,8.0,Unfurnished,"Gym, Landscaped Garden",16690000
Koramangala,1517,3,3.0,4.0,Semi-Furnished,"Children's Play Area, Clubhouse, Intercom, Jogging Track, Tennis Court",23260000
Whitefield,2130,4,4.0,2.0,Furnished,"Clubhouse, Covered Parking, Jogging Track, Landscaped Garden, Swimming Pool",14490000
HSR Layout,946,2,2.0,0.0,Semi-Furnished,"Children's Play Area, High-Speed Elevators, Intercom, Jogging Track, Power Backup, Swimming Pool",9030000
Marathahalli,1054,2,2.0,7.0,Unfurnished,"Clubhouse, High-Speed Elevators, Intercom, Jogging Track, Landscaped Garden, Power Backup, Tennis Court",6470000
HSR Layout,575,1,1.0,7.0,Semi-Furnished,"24/7 Security, Children's Play Area, Clubhouse, Gym, Swimming Pool, Tennis Court",4430000
Koramangala,596,1,1.0,23.0,Unfurnished,"Children's Play Area, Clubhouse, Covered Parking, High-Speed Elevators, Landscaped Garden, Power Backup, Swimming Pool, Tennis Court",5070000
Malleshwaram,1862,3,2.0,3.0,Unfurnished,"Landscaped Garden, Power Backup, Swimming Pool, Tennis Court",17060000
Marathahalli,654,1,1.0,6.0,Unfurnished,"Gym, Jogging Track, Swimming Pool",4030000
Thanisandra,1558,3,3.0,2.0,Unfurnished,"Children's Play Area, Clubhouse, Covered Parking, Intercom, Jogging Track, Tennis Court",8930000
Whitefield,1656,3,2.0,0.0,Furnished,"24/7 Security, Children's Play Area, Clubhouse, Covered Parking, Gym, Landscaped Garden",11590000
Banashankari,1226,2,2.0,0.0,Unfurnished,"Clubhouse, Covered Parking, Landscaped Garden",8640000
Banashankari,1618,3,2.0,7.0,Semi-Furnished,"Gym, Intercom, Jogging Track, Swimming Pool",11430000
Banashankari,1469,3,3.0,0.0,Semi-Furnished,"Children's Play Area, Covered Parking, Swimming Pool",9560000
Whitefield,1300,3,3.0,11.0,Semi-Furnished,"Children's Play Area, Gym, Intercom, Jogging Track, Tennis Court",7680000
Thanisandra,2674,4,4.0,3.0,Unfurnished,"Landscaped Garden, Swimming Pool",14520000
Sarjapur Road,1135,2,2.0,13.0,Unfurnished,"Children's Play Area, Intercom, Jogging Track, Landscaped Garden",6610000
Whitefield,1733,3,2.0,12.0,Furnished,"Jogging Track, Power Backup",9220000
Bellandur,1249,2,2.0,3.0,Semi-Furnished,"Children's Play Area, Clubhouse, High-Speed Elevators, Jogging Track",9040000
Marathahalli,1153,2,2.0,9.0,Unfurnished,"Clubhouse, Covered Parking, Gym, Intercom",8710000
Koramangala,2100,4,3.0,1.0,Unfurnished,"Children's Play Area, Intercom, Jogging Track, Power Backup, Tennis Court",25940000
Hebbal,1980,3,3.0,4.0,,"High-Speed Elevators, Intercom, Power Backup, Swimming Pool",18680000
Koramangala,1061,2,2.0,3.0,Furnished,"24/7 Security, Children's Play Area, Clubhouse, High-Speed Elevators, Swimming Pool, Tennis Court",13660000
Electronic City,619,1,1.0,0.0,Furnished,"24/7 Security, Children's Play Area, Gym, Jogging Track, Swimming Pool",3390000
Sarjapur Road,657,1,,10.0,Semi-Furnished,"Covered Parking, High-Speed Elevators, Jogging Track, Swimming Pool, Tennis Court",3550000
Yelahanka,1348,3,2.0,5.0,Unfurnished,"Clubhouse, High-Speed Elevators, Landscaped Garden",8190000
Rajajinagar,1485,3,2.0,0.0,Unfurnished,"Gym, Power Backup",14960000
Electronic City,1185,2,2.0,2.0,Furnished,"24/7 Security, Gym, Intercom, Jogging Track, Tennis Court",7610000
Thanisandra,1149,2,2.0,16.0,Semi-Furnished,"Children's Play Area, Clubhouse, Landscaped Garden",6270000
Hebbal,1070,2,2.0,13.0,Unfurnished,"Children's Play Area, Clubhouse, Intercom, Landscaped Garden",7460000
Rajajinagar,541,1,1.0,1.0,Semi-Furnished,"Clubhouse, Covered Parking, High-Speed Elevators",4590000
Hebbal,1128,2,2.0,8.0,Semi-Furnished,"Children's Play Area, Clubhouse, Covered Parking, High-Speed Elevators, Tennis Court",9140000
Rajajinagar,1013,2,2.0,1.0,Furnished,"24/7 Security, Intercom",8760000
Banashankari,1417,3,3.0,10.0,Semi-Furnished,"Clubhouse, Covered Parking, Power Backup",9320000
Electronic City,1056,2,2.0,1.0,Unfurnished,"Jogging Track, Landscaped Garden",5750000
Electronic City,1048,2,2.0,6.0,Semi-Furnished,"Covered Parking, Gym, Intercom, Tennis Court",4540000
Hebbal,1089,2,2.0,7.0,Furnished,"Children's Play Area, Intercom, Landscaped Garden, Swimming Pool",9810000
Electronic City,1717,3,3.0,0.0,Unfurnished,"24/7 Security, Intercom, Landscaped Garden, Swimming Pool, Tennis Court",9300000
Banashankari,591,1,1.0,5.0,Semi-Furnished,"24/7 Security, Clubhouse, Gym, Intercom",4680000
Thanisandra,1187,2,2.0,3.0,Semi-Furnished,"Clubhouse, High-Speed Elevators, Landscaped Garden, Power Backup, Swimming Pool",6510000
Whitefield,607,1,1.0,1.0,Semi-Furnished,"24/7 Security, Children's Play Area, Clubhouse, Covered Parking, High-Speed Elevators",3200000
HSR Layout,2921,4,4.0,1.0,Semi-Furnished,"Children's Play Area, High-Speed Elevators, Intercom, Landscaped Garden",31030000
Bellandur,662,1,1.0,0.0,Furnished,"Clubhouse, Power Backup",4290000
Indiranagar,610,1,1.0,6.0,Unfurnished,"Children's Play Area, Clubhouse, Gym, High-Speed Elevators, Intercom, Jogging Track, Swimming Pool, Tennis Court",6700000
Sarjapur Road,1225,2,1.0,0.0,Semi-Furnished,"24/7 Security, Clubhouse, Landscaped Garden, Power Backup",8320000
Bellandur,2953,4,4.0,1.0,Furnished,"Clubhouse, Swimming Pool",25720000
Indiranagar,1260,2,1.0,2.0,Semi-Furnished,"Children's Play Area, Covered Parking, Jogging Track, Landscaped Garden",17950000
Marathahalli,1484,3,3.0,16.0,Unfurnished,"High-Speed Elevators, Jogging Track, Tennis Court",8560000
Indiranagar,1071,2,2.0,1.0,Furnished,"Gym, Intercom",14600000
Jayanagar,1537,3,2.0,1.0,Semi-Furnished,"Children's Play Area, High-Speed Elevators, Intercom, Power Backup, Tennis Court",19030000
Jayanagar,987,2,1.0,28.0,Furnished,"Covered Parking, High-Speed Elevators, Intercom, Jogging Track, Landscaped Garden, Power Backup",9720000
Yelahanka,1376,3,2.0,5.0,Semi-Furnished,"Children's Play Area, Clubhouse, Gym, High-Speed Elevators, Tennis Court",8040000
Banashankari,1876,3,3.0,22.0,Semi-Furnished,"24/7 Security, Covered Parking, Intercom, Jogging Track, Power Backup, Swimming Pool, Tennis Court",12160000
Sarjapur Road,1499,3,2.0,3.0,Semi-Furnished,"24/7 Security, Children's Play Area, Covered Parking, Gym, Intercom, Jogging Track, Power Backup, Swimming Pool",10830000
Whitefield,2607,4,4.0,0.0,Semi-Furnished,"Gym, Intercom, Jogging Track",16870000
Koramangala,1158,2,2.0,5.0,Semi-Furnished,"Clubhouse, High-Speed Elevators, Intercom, Jogging Track, Power Backup",14410000
Jayanagar,2774,4,4.0,4.0,Semi-Furnished,"Children's Play Area, Jogging Track, Swimming Pool",30460000
Whitefield,638,1,1.0,5.0,Semi-Furnished,"24/7 Security, Covered Parking, Landscaped Garden, Swimming Pool",3220000
Yelahanka,1554,3,2.0,17.0,Unfurnished,"Clubhouse, Intercom, Power Backup, Tennis Court",8720000
Whitefield,1917,3,,4.0,Unfurnished,"24/7 Security, Clubhouse, High-Speed Elevators, Intercom, Landscaped Garden",10620000
Bellandur,1233,2,2.0,1.0,Unfurnished,"Children's Play Area, Covered Parking, Gym, Intercom, Landscaped Garden, Swimming Pool",9600000
Thanisandra,1340,2,1.0,10.0,Semi-Furnished,"Clubhouse, Intercom, Landscaped Garden",6880000
Bellandur,3939,5,5.0,2.0,Unfurnished,"Children's Play Area, Covered Parking, Gym",33800000
Koramangala,1376,3,2.0,0.0,Furnished,"Clubhouse, Gym",18290000
Electronic City,649,1,1.0,19.0,Semi-Furnished,"Clubhouse, High-Speed Elevators, Intercom, Landscaped Garden, Tennis Court",2410000
Hebbal,1497,3,2.0,3.0,Semi-Furnished,"Gym, Intercom",12620000
Whitefield,800,2,2.0,14.0,Furnished,"24/7 Security, Covered Parking, High-Speed Elevators, Intercom, Jogging Track",4690000
Hebbal,663,1,1.0,1.0,Semi-Furnished,"Clubhouse, High-Speed Elevators, Intercom, Landscaped Garden, Tennis Court",5250000
Banashankari,1797,3,2.0,3.0,Furnished,"24/7 Security, Covered Parking, Power Backup, Tennis Court",13550000
Malleshwaram,3437,4,4.0,17.0,Semi-Furnished,"Clubhouse, Covered Parking, Jogging Track",37000000
Indiranagar,1086,2,2.0,26.0,Furnished,"Children's Play Area, Gym, High-Speed Elevators, Jogging Track",10340000
Whitefield,1521,3,3.0,2.0,Semi-Furnished,"Covered Parking, High-Speed Elevators",9050000
Electronic City,1658,3,3.0,9.0,Unfurnished,"Covered Parking, High-Speed Elevators, Jogging Track",7490000
Koramangala,1137,2,2.0,6.0,Semi-Furnished,"Children's Play Area, Clubhouse, Gym, Jogging Track, Tennis Court",13950000
Malleshwaram,1300,3,3.0,3.0,Semi-Furnished,"Clubhouse, High-Speed Elevators, Swimming Pool, Tennis Court",15590000
Marathahalli,2543,4,4.0,5.0,Semi-Furnished,"24/7 Security, Gym, Jogging Track",17040000
HSR Layout,1140,2,2.0,18.0,Semi-Furnished,"Children's Play Area, Intercom, Jogging Track",8240000
Indiranagar,1324,3,2.0,22.0,Unfurnished,"Clubhouse, Covered Parking, Gym, Jogging Track, Landscaped Garden, Power Backup, Tennis Court",15190000
Yelahanka,1478,3,3.0,0.0,Furnished,"Children's Play Area, Gym, High-Speed Elevators, Intercom",10500000
Electronic City,3844,5,5.0,4.0,Unfurnished,"24/7 Security, Gym, High-Speed Elevators, Intercom, Jogging Track",23270000
Yelahanka,1562,3,2.0,2.0,Semi-Furnished,"Jogging Track, Swimming Pool",9930000
Indiranagar,1187,2,1.0,5.0,Furnished,"Children's Play Area, Covered Parking",15500000
Bellandur,676,1,1.0,3.0,Unfurnished,"24/7 Security, Covered Parking, Intercom, Swimming Pool",5120000
Thanisandra,1064,2,2.0,2.0,Semi-Furnished,"High-Speed Elevators, Jogging Track, Power Backup",7020000
Marathahalli,619,1,1.0,4.0,Unfurnished,"Gym, Landscaped Garden, Tennis Court",3750000
Indiranagar,662,1,1.0,2.0,Semi-Furnished,"24/7 Security, Children's Play Area, Clubhouse, Covered Parking, Gym, Intercom, Jogging Track, Landscaped Garden, Swimming Pool",9190000
Whitefield,1448,2,2.0,7.0,Semi-Furnished,"24/7 Security, Children's Play Area, Jogging Track, Power Backup, Swimming Pool, Tennis Court",8320000
HSR Layout,1608,3,2.0,3.0,Unfurnished,"24/7 Security, Clubhouse, Covered Parking, Power Backup, Swimming Pool, Tennis Court",13140000
Marathahalli,1650,3,2.0,1.0,Furnished,"24/7 Security, Gym, High-Speed Elevators, Power Backup",12620000
HSR Layout,2679,4,3.0,5.0,Unfurnished,"Children's Play Area, Covered Parking, High-Speed Elevators, Intercom, Jogging Track, Landscaped Garden, Swimming Pool",25360000
HSR Layout,2379,4,4.0,7.0,Semi-Furnished,"Clubhouse, Swimming Pool, Tennis Court",22380000
HSR Layout,1054,2,2.0,1.0,Furnished,"Children's Play Area, Power Backup, Swimming Pool",10420000
Hebbal,1683,3,2.0,2.0,Unfurnished,"Clubhouse, High-Speed Elevators, Jogging Track, Landscaped Garden",13780000
Sarjapur Road,1548,3,3.0,12.0,Furnished,"Clubhouse, Landscaped Garden, Swimming Pool",10290000
Thanisandra,1994,3,2.0,1.0,Unfurnished,"24/7 Security, Clubhouse, High-Speed Elevators, Intercom, Power Backup",11390000
Thanisandra,1086,2,2.0,2.0,Semi-Furnished,"Clubhouse, Covered Parking, Jogging Track, Landscaped Garden, Tennis Court",6390000
Koramangala,2668,4,3.0,1.0,Semi-Furnished,"24/7 Security, Swimming Pool, Tennis Court",33820000
Malleshwaram,2551,4,4.0,1.0,Semi-Furnished,"Jogging Track, Landscaped Garden, Swimming Pool",27950000
Rajajinagar,2930,4,3.0,1.0,Semi-Furnished,"Covered Parking, High-Speed Elevators, Intercom, Jogging Track, Tennis Court",33380000
Thanisandra,2146,4,4.0,5.0,Semi-Furnished,"Covered Parking, Gym, High-Speed Elevators, Power Backup",16520000
Hebbal,3961,5,5.0,3.0,Semi-Furnished,"Children's Play Area, Clubhouse, Intercom, Jogging Track, Power Backup, Swimming Pool",40240000
Marathahalli,2798,4,3.0,0.0,,"Children's Play Area, Clubhouse, High-Speed Elevators, Jogging Track, Power Backup",21500000
Yelahanka,800,2,2.0,28.0,Furnished,"Gym, Intercom, Landscaped Garden",3170000
Marathahalli,3511,5,5.0,3.0,Semi-Furnished,"Gym, High-Speed Elevators, Intercom, Jogging Track, Landscaped Garden, Swimming Pool",23450000
Whitefield,931,2,2.0,5.0,Furnished,"High-Speed Elevators, Jogging Track, Landscaped Garden, Tennis Court",4650000
HSR Layout,541,1,,,Semi-Furnished,"Children's Play Area, Covered Parking, Gym, High-Speed Elevators, Power Backup, Swimming Pool",4910000
Whitefield,2100,4,3.0,3.0,Semi-Furnished,"Clubhouse, Jogging Track, Landscaped Garden, Swimming Pool",12030000
Koramangala,2052,3,3.0,3.0,Semi-Furnished,"24/7 Security, Gym, Intercom",24100000
Electronic City,1776,3,3.0,1.0,Semi-Furnished,"24/7 Security, Gym, Landscaped Garden, Power Backup, Tennis Court",9790000
Thanisandra,1005,2,2.0,0.0,Semi-Furnished,"24/7 Security, High-Speed Elevators, Jogging Track, Landscaped Garden",5900000
Sarjapur Road,2140,3,3.0,2.0,Semi-Furnished,"High-Speed Elevators, Intercom, Landscaped Garden",15100000
HSR Layout,1300,3,3.0,7.0,Semi-Furnished,"Children's Play Area, Intercom, Jogging Track, Swimming Pool",11470000
Rajajinagar,1888,3,3.0,1.0,Semi-Furnished,"Children's Play Area, Clubhouse, Gym, Tennis Court",19090000
HSR Layout,1967,3,3.0,4.0,Unfurnished,"Covered Parking, Power Backup",15810000
Hebbal,1494,3,2.0,1.0,Furnished,"Covered Parking, Gym, Power Backup",14380000
Indiranagar,2140,3,3.0,8.0,Semi-Furnished,"24/7 Security, Clubhouse, Covered Parking, High-Speed Elevators, Jogging Track, Landscaped Garden, Swimming Pool",25590000
Indiranagar,1514,3,3.0,3.0,Unfurnished,"High-Speed Elevators, Power Backup, Swimming Pool",17500000
Jayanagar,1691,3,3.0,3.0,,"Landscaped Garden, Swimming Pool, Tennis Court",18520000
Koramangala,1125,2,2.0,10.0,Semi-Furnished,"Children's Play Area, Covered Parking, Gym, High-Speed Elevators, Landscaped Garden, Power Backup",14620000
Sarjapur Road,1065,2,2.0,0.0,Unfurnished,"24/7 Security, Gym, High-Speed Elevators, Jogging Track",5800000
Banashankari,1493,3,3.0,2.0,Semi-Furnished,"Landscaped Garden, Power Backup, Swimming Pool, Tennis Court",11140000
HSR Layout,1782,3,3.0,0.0,Semi-Furnished,"Power Backup, Tennis Court",19060000
HSR Layout,1064,2,2.0,6.0,Semi-Furnished,"Clubhouse, Covered Parking, Gym, High-Speed Elevators, Landscaped Garden, Power Backup, Swimming Pool, Tennis Court",9850000
Sarjapur Road,1610,3,2.0,7.0,Furnished,"Clubhouse, Jogging Track, Tennis Court",11240000
Indiranagar,1250,2,2.0,5.0,Furnished,"24/7 Security, High-Speed Elevators, Intercom, Tennis Court",15190000
Whitefield,893,2,2.0,0.0,Semi-Furnished,"24/7 Security, Clubhouse, Intercom, Landscaped Garden, Power Backup",5170000
Marathahalli,1119,2,2.0,3.0,Furnished,"24/7 Security, Intercom, Power Backup, Swimming Pool",7480000
Marathahalli,2000,3,3.0,16.0,Semi-Furnished,"Clubhouse, Power Backup, Swimming Pool",11730000
Hebbal,1619,3,3.0,16.0,Semi-Furnished,"Clubhouse, Gym, Jogging Track, Landscaped Garden, Power Backup",12870000
Whitefield,3758,5,4.0,0.0,Unfurnished,"Children's Play Area, Landscaped Garden, Power Backup, Tennis Court",22700000
Banashankari,2888,4,3.0,1.0,Furnished,"Clubhouse, Gym, Intercom, Jogging Track",20440000
Sarjapur Road,1192,2,1.0,0.0,Semi-Furnished,"Clubhouse, Landscaped Garden, Power Backup, Tennis Court",8970000
Indiranagar,2920,4,3.0,3.0,Furnished,"24/7 Security, Children's Play Area, Intercom, Power Backup, Swimming Pool",35200000
Sarjapur Road,1489,3,3.0,28.0,Furnished,"24/7 Security, Covered Parking, High-Speed Elevators, Jogging Track, Landscaped Garden, Power Backup, Swimming Pool",10000000
Rajajinagar,1666,3,3.0,5.0,Unfurnished,"Covered Parking, Gym, High-Speed Elevators, Landscaped Garden, Power Backup",17140000
Whitefield,1048,2,2.0,2.0,Semi-Furnished,"Children's Play Area, Gym, Intercom, Jogging Track, Power Backup, Swimming Pool, Tennis Court",6180000
Electronic City,1186,2,2.0,9.0,Unfurnished,"Clubhouse, Intercom, Power Backup, Tennis Court",5410000
Indiranagar,1368,3,3.0,6.0,Furnished,"Children's Play Area, Gym, Intercom",17780000
Yelahanka,1072,2,2.0,2.0,Semi-Furnished,"24/7 Security, Children's Play Area, High-Speed Elevators, Landscaped Garden",6840000
Rajajinagar,1126,2,2.0,2.0,Unfurnished,"Covered Parking, Power Backup",11280000
Banashankari,968,2,1.0,1.0,Unfurnished,"24/7 Security, Intercom, Jogging Track, Power Backup, Tennis Court",7040000
Malleshwaram,1471,3,3.0,0.0,Furnished,"Clubhouse, Covered Parking, Gym, Power Backup",16760000
HSR Layout,695,1,1.0,6.0,Semi-Furnished,"24/7 Security, Clubhouse, Gym, Intercom",4840000
Whitefield,1054,2,2.0,0.0,Semi-Furnished,"Children's Play Area, Jogging Track, Power Backup",5870000
Bellandur,562,1,1.0,7.0,Unfurnished,"Covered Parking, High-Speed Elevators, Jogging Track, Landscaped Garden, Tennis Court",4070000
Sarjapur Road,638,1,1.0,10.0,Furnished,"Children's Play Area, High-Speed Elevators, Power Backup",4210000
Rajajinagar,666,1,1.0,0.0,Unfurnished,"24/7 Security, Clubhouse, Covered Parking, Jogging Track, Landscaped Garden, Swimming Pool, Tennis Court",6870000
Malleshwaram,1150,2,2.0,0.0,Furnished,"Clubhouse, Gym, Intercom, Landscaped Garden, Power Backup, Swimming Pool",13840000
Electronic City,3079,4,4.0,3.0,Semi-Furnished,"Children's Play Area, Landscaped Garden, Tennis Court",17420000
Electronic City,1041,2,2.0,17.0,Semi-Furnished,"Clubhouse, Covered Parking, Intercom, Power Backup, Swimming Pool, Tennis Court",4990000
Marathahalli,1969,3,2.0,9.0,Semi-Furnished,"Clubhouse, Intercom",12440000
Electronic City,2258,4,4.0,3.0,Unfurnished,"Jogging Track, Landscaped Garden, Tennis Court",10940000
Koramangala,2525,4,3.0,2.0,Furnished,"24/7 Security, Covered Parking, High-Speed Elevators, Jogging Track, Power Backup, Tennis Court",31310000
Koramangala,962,2,2.0,2.0,Unfurnished,"24/7 Security, Children's Play Area, Gym, Jogging Track, Landscaped Garden, Power Backup, Swimming Pool, Tennis Court",10560000
Sarjapur Road,658,1,1.0,13.0,Semi-Furnished,"Clubhouse, Gym, Jogging Track",3530000
HSR Layout,1652,3,3.0,8.0,Semi-Furnished,"24/7 Security, Gym, Intercom, Jogging Track, Power Backup, Swimming Pool, Tennis Court",15950000
Rajajinagar,1902,3,2.0,11.0,Furnished,"Covered Parking, Intercom, Swimming Pool",17220000
Koramangala,2903,4,3.0,11.0,Semi-Furnished,"High-Speed Elevators, Intercom, Landscaped Garden",35170000
Rajajinagar,863,2,1.0,2.0,Unfurnished,"24/7 Security, Children's Play Area, Covered Parking, Gym, Jogging Track, Power Backup, Swimming Pool",8370000
HSR Layout,1559,3,3.0,14.0,Semi-Furnished,"Children's Play Area, Covered Parking, Swimming Pool",14310000
Electronic City,2436,4,4.0,2.0,Unfurnished,"24/7 Security, Covered Parking, Intercom, Jogging Track, Landscaped Garden",10110000
Yelahanka,2424,4,3.0,3.0,Semi-Furnished,"Covered Parking, Gym, Swimming Pool, Tennis Court",15320000
Thanisandra,800,2,2.0,12.0,Semi-Furnished,"24/7 Security, Children's Play Area, Clubhouse, Gym, Jogging Track, Landscaped Garden, Power Backup, Swimming Pool, Tennis Court",4440000
Yelahanka,2540,4,4.0,10.0,Furnished,"Children's Play Area, Covered Parking, Landscaped Garden, Tennis Court",12620000
Thanisandra,1111,2,2.0,9.0,Semi-Furnished,"24/7 Security, Children's Play Area, Clubhouse, Covered Parking, Gym, Jogging Track, Swimming Pool, Tennis Court",6520000
Sarjapur Road,1260,2,1.0,9.0,Furnished,"24/7 Security, Children's Play Area, Gym, High-Speed Elevators, Jogging Track, Swimming Pool, Tennis Court",8500000
Yelahanka,2100,4,4.0,2.0,Semi-Furnished,"Clubhouse, High-Speed Elevators, Swimming Pool",12820000
Whitefield,1235,2,2.0,6.0,Semi-Furnished,"Covered Parking, Jogging Track, Landscaped Garden, Power Backup",6850000
Hebbal,1182,2,2.0,5.0,Furnished,"24/7 Security, Clubhouse, Covered Parking, Gym, Swimming Pool",11500000
Whitefield,2004,3,2.0,2.0,Semi-Furnished,"Children's Play Area, High-Speed Elevators, Power Backup, Tennis Court",11950000
Jayanagar,3072,4,,7.0,Furnished,"24/7 Security, Jogging Track, Tennis Court",36280000
Hebbal,1395,3,3.0,6.0,Semi-Furnished,"Clubhouse, Gym, High-Speed Elevators, Intercom, Power Backup, Swimming Pool",13410000
Sarjapur Road,1105,2,2.0,4.0,Semi-Furnished,"24/7 Security, Covered Parking, Jogging Track, Swimming Pool, Tennis Court",8710000
Marathahalli,1475,3,3.0,1.0,Semi-Furnished,"Power Backup, Swimming Pool, Tennis Court",9390000
Malleshwaram,1000,2,1.0,8.0,Furnished,"24/7 Security, Children's Play Area, Jogging Track",10240000
Electronic City,2100,4,3.0,7.0,Unfurnished,"24/7 Security, Covered Parking, Intercom, Jogging Track, Landscaped Garden, Power Backup, Swimming Pool, Tennis Court",10240000
HSR Layout,1869,3,2.0,4.0,Semi-Furnished,"24/7 Security, Covered Parking, Gym, Swimming Pool",19140000
Koramangala,873,2,2.0,9.0,Furnished,"Children's Play Area, Covered Parking, High-Speed Elevators, Landscaped Garden, Power Backup, Swimming Pool, Tennis Court",9650000
Jayanagar,3100,5,5.0,2.0,Unfurnished,"24/7 Security, Children's Play Area, Gym, Jogging Track, Power Backup, Swimming Pool",38540000
Koramangala,943,2,2.0,7.0,Semi-Furnished,"24/7 Security, Children's Play Area, Gym, Landscaped Garden, Swimming Pool, Tennis Court",12690000
Koramangala,4628,5,5.0,0.0,Semi-Furnished,"Clubhouse, Covered Parking, Jogging Track, Power Backup",65410000
Whitefield,1184,2,2.0,1.0,Semi-Furnished,"24/7 Security, Intercom, Power Backup, Tennis Court",6790000
Bellandur,1676,3,2.0,9.0,Semi-Furnished,"24/7 Security, Children's Play Area, Covered Parking, High-Speed Elevators, Intercom, Swimming Pool",13100000
Koramangala,1832,3,3.0,0.0,Furnished,"24/7 Security, Gym, High-Speed Elevators, Intercom, Jogging Track, Swimming Pool",26750000
Electronic City,1300,3,3.0,6.0,Semi-Furnished,"24/7 Security, Jogging Track, Landscaped Garden, Power Backup, Swimming Pool",7530000
HSR Layout,1797,3,3.0,6.0,Furnished,"Covered Parking, Intercom, Landscaped Garden, Tennis Court",15170000
Sarjapur Road,1299,2,2.0,6.0,Furnished,"24/7 Security, Clubhouse, Covered Parking, High-Speed Elevators, Power Backup",9400000
Whitefield,1634,3,3.0,9.0,Unfurnished,"Clubhouse, Covered Parking, Gym, Jogging Track, Swimming Pool",9010000
Bellandur,1715,3,2.0,7.0,Furnished,"Gym, High-Speed Elevators, Intercom, Landscaped Garden, Power Backup",12110000
Bellandur,1086,2,2.0,4.0,Semi-Furnished,"Clubhouse, Intercom",7640000
Rajajinagar,1369,3,3.0,2.0,Furnished,"Covered Parking, High-Speed Elevators, Intercom, Power Backup, Swimming Pool",14100000
Electronic City,537,1,1.0,0.0,Semi-Furnished,"High-Speed Elevators, Intercom, Landscaped Garden, Power Backup",2470000
Hebbal,1585,3,3.0,5.0,Unfurnished,"Children's Play Area, Clubhouse, Gym, Power Backup",14620000
Koramangala,614,1,1.0,12.0,Furnished,"Children's Play Area, Gym, High-Speed Elevators, Intercom, Landscaped Garden, Power Backup, Tennis Court",6460000
Whitefield,1600,3,3.0,6.0,Semi-Furnished,"24/7 Security, High-Speed Elevators, Intercom, Jogging Track, Landscaped Garden, Tennis Court",9440000
Koramangala,741,1,1.0,9.0,Unfurnished,"24/7 Security, Children's Play Area, Gym, Intercom, Jogging Track, Tennis Court",8180000
Electronic City,1885,3,3.0,0.0,Furnished,"Covered Parking, High-Speed Elevators, Intercom, Jogging Track, Landscaped Garden, Power Backup, Tennis Court",12150000
Koramangala,695,1,1.0,3.0,Unfurnished,"24/7 Security, Covered Parking, High-Speed Elevators, Tennis Court",6480000
Koramangala,1377,3,3.0,0.0,Semi-Furnished,"Covered Parking, Swimming Pool",17430000
Malleshwaram,1300,2,1.0,9.0,Furnished,"24/7 Security, Children's Play Area, Clubhouse, High-Speed Elevators, Landscaped Garden, Power Backup, Tennis Court",13650000
Indiranagar,1656,3,3.0,5.0,Furnished,"24/7 Security, Children's Play Area, Covered Parking, Tennis Court",20480000
Electronic City,1539,3,3.0,2.0,Unfurnished,"Children's Play Area, Intercom, Tennis Court",6550000
Marathahalli,1250,2,2.0,10.0,Semi-Furnished,"Covered Parking, Gym, High-Speed Elevators, Intercom, Landscaped Garden, Tennis Court",8320000
Whitefield,1016,2,2.0,13.0,Unfurnished,"Landscaped Garden, Tennis Court",5240000
Marathahalli,884,2,2.0,9.0,Unfurnished,"Children's Play Area, Tennis Court",5090000
Marathahalli,647,1,1.0,21.0,Semi-Furnished,"Clubhouse, Intercom, Tennis Court",3890000
HSR Layout,1574,3,3.0,3.0,Furnished,"Children's Play Area, Gym, High-Speed Elevators, Jogging Track",13940000
Rajajinagar,1609,3,2.0,3.0,Semi-Furnished,"Gym, High-Speed Elevators, Power Backup, Tennis Court",15170000
Thanisandra,945,2,1.0,9.0,Unfurnished,"24/7 Security, Children's Play Area, Clubhouse, Landscaped Garden, Swimming Pool",5190000
Whitefield,1914,3,3.0,8.0,Furnished,"24/7 Security, Covered Parking, Gym, Power Backup, Swimming Pool",11550000
Jayanagar,942,2,2.0,8.0,Semi-Furnished,"24/7 Security, Children's Play Area, Clubhouse, Power Backup, Swimming Pool",11340000
Yelahanka,1048,2,2.0,1.0,Semi-Furnished,"24/7 Security, Children's Play Area, High-Speed Elevators, Intercom, Landscaped Garden, Swimming Pool",7530000
Koramangala,1714,3,2.0,4.0,Unfurnished,"Children's Play Area, High-Speed Elevators, Swimming Pool, Tennis Court",18770000
Electronic City,1392,3,3.0,1.0,Semi-Furnished,"24/7 Security, Children's Play Area, Covered Parking, Swimming Pool",7470000
HSR Layout,3087,4,3.0,3.0,Furnished,"Children's Play Area, Clubhouse, Jogging Track",30690000
Jayanagar,1424,3,2.0,2.0,Unfurnished,"Gym, High-Speed Elevators",13890000
Sarjapur Road,2054,3,3.0,28.0,Semi-Furnished,"24/7 Security, Covered Parking, Gym, Swimming Pool, Tennis Court",11890000
Malleshwaram,1196,2,1.0,1.0,Semi-Furnished,"Clubhouse, Gym, Jogging Track",11880000
Rajajinagar,1736,3,2.0,10.0,Furnished,"24/7 Security, Children's Play Area, Intercom, Landscaped Garden, Power Backup, Swimming Pool, Tennis Court",20010000
Yelahanka,1070,2,2.0,3.0,Semi-Furnished,"Intercom, Jogging Track, Swimming Pool",5860000
Electronic City,800,2,2.0,0.0,Furnished,"24/7 Security, Children's Play Area, Clubhouse, Covered Parking, Power Backup, Swimming Pool, Tennis Court",4390000
Whitefield,1672,3,2.0,13.0,Semi-Furnished,"Children's Play Area, Covered Parking, Jogging Track, Tennis Court",8050000
HSR Layout,538,1,1.0,2.0,Furnished,"24/7 Security, Children's Play Area, Gym, Tennis Court",5300000
Sarjapur Road,1359,3,3.0,0.0,Unfurnished,"High-Speed Elevators, Intercom, Jogging Track, Landscaped Garden, Swimming Pool",9550000
Koramangala,3466,5,5.0,12.0,Semi-Furnished,"Power Backup, Swimming Pool, Tennis Court",45060000
Jayanagar,1261,2,1.0,7.0,Semi-Furnished,"Covered Parking, Gym",11440000
Bellandur,857,2,1.0,1.0,Semi-Furnished,"Children's Play Area, Clubhouse, Gym, High-Speed Elevators",6540000
Thanisandra,676,1,1.0,15.0,Semi-Furnished,"Jogging Track, Power Backup",3350000
Bellandur,1212,2,2.0,0.0,Semi-Furnished,"24/7 Security, Children's Play Area, Clubhouse, Gym, Intercom, Jogging Track, Landscaped Garden, Power Backup, Tennis Court",10450000
Rajajinagar,3344,4,4.0,1.0,Semi-Furnished,"24/7 Security, Children's Play Area, Intercom, Jogging Track",35220000
Rajajinagar,1138,2,,,Furnished,"Intercom, Power Backup",10880000
Sarjapur Road,1044,2,2.0,11.0,Furnished,"24/7 Security, Children's Play Area, Clubhouse, Intercom, Landscaped Garden, Power Backup",7870000
Koramangala,839,1,1.0,21.0,Semi-Furnished,"Children's Play Area, Intercom, Jogging Track, Landscaped Garden",8420000
HSR Layout,3383,5,5.0,0.0,Unfurnished,"Clubhouse, Power Backup, Swimming Pool",33320000
Yelahanka,482,1,1.0,8.0,Unfurnished,"Clubhouse, Covered Parking, Landscaped Garden, Power Backup, Swimming Pool, Tennis Court",2420000
Yelahanka,1128,2,2.0,10.0,Semi-Furnished,"24/7 Security, Covered Parking, Power Backup, Tennis Court",6150000
Sarjapur Road,1196,2,2.0,2.0,Furnished,"Covered Parking, Gym, High-Speed Elevators, Jogging Track, Landscaped Garden",9020000
Koramangala,1681,3,3.0,12.0,,"Covered Parking, High-Speed Elevators, Intercom, Jogging Track, Landscaped Garden, Power Backup",18900000
Indiranagar,1192,2,2.0,1.0,Unfurnished,"24/7 Security, Clubhouse, Covered Parking, Swimming Pool, Tennis Court",12770000
HSR Layout,3175,4,4.0,5.0,,"24/7 Security, Clubhouse, Gym, Intercom, Swimming Pool, Tennis Court",30110000
Indiranagar,828,2,2.0,6.0,Semi-Furnished,"24/7 Security, Clubhouse, Covered Parking, Gym, Intercom, Swimming Pool",9710000
Indiranagar,1415,3,2.0,0.0,Furnished,"24/7 Security, Children's Play Area, Swimming Pool",18800000
Electronic City,2429,4,3.0,12.0,Furnished,"Children's Play Area, Clubhouse, Gym, Jogging Track, Power Backup, Tennis Court",12570000
Sarjapur Road,777,1,1.0,21.0,Furnished,"Covered Parking, Intercom, Landscaped Garden, Swimming Pool",4410000
HSR Layout,1795,3,3.0,2.0,Unfurnished,"Children's Play Area, Covered Parking, Gym, High-Speed Elevators, Intercom, Landscaped Garden",16120000
Whitefield,572,1,1.0,6.0,Furnished,"Gym, Swimming Pool",3290000
Bellandur,1528,3,2.0,5.0,Furnished,"24/7 Security, High-Speed Elevators, Power Backup",13030000
Banashankari,1082,2,1.0,8.0,Semi-Furnished,"Children's Play Area, Clubhouse, Covered Parking, Power Backup, Swimming Pool",7120000
Hebbal,2784,4,3.0,0.0,Semi-Furnished,"Covered Parking, Gym, Intercom, Tennis Court",24730000
Marathahalli,1200,2,2.0,6.0,Semi-Furnished,"24/7 Security, Children's Play Area, Clubhouse, Covered Parking, High-Speed Elevators, Power Backup, Swimming Pool, Tennis Court",6560000
Whitefield,930,2,2.0,9.0,Unfurnished,"Children's Play Area, Covered Parking, High-Speed Elevators, Intercom, Landscaped Garden, Power Backup",5250000
Electronic City,1589,3,3.0,2.0,Semi-Furnished,"Clubhouse, Covered Parking, Jogging Track, Power Backup",8210000
Electronic City,974,2,1.0,3.0,Unfurnished,"Clubhouse, Covered Parking, High-Speed Elevators, Intercom, Jogging Track, Power Backup, Tennis Court",3720000
Koramangala,2103,4,3.0,3.0,Semi-Furnished,"24/7 Security, Children's Play Area, Gym, High-Speed Elevators, Jogging Track, Landscaped Garden, Tennis Court",31130000
Yelahanka,1246,2,2.0,14.0,Furnished,"Clubhouse, Gym, Jogging Track, Power Backup, Swimming Pool",8390000
HSR Layout,1024,2,2.0,18.0,Semi-Furnished,"24/7 Security, Covered Parking, Gym, High-Speed Elevators, Tennis Court",8670000
Bellandur,952,2,2.0,13.0,Unfurnished,"24/7 Security, Clubhouse, Covered Parking, Gym, Jogging Track, Landscaped Garden, Power Backup, Swimming Pool",7060000
Whitefield,828,2,2.0,19.0,Semi-Furnished,"Covered Parking, Tennis Court",3700000
Electronic City,1624,3,3.0,1.0,Furnished,"24/7 Security, Clubhouse, Covered Parking, Gym, Jogging Track, Landscaped Garden, Swimming Pool",9200000
Yelahanka,1578,3,2.0,4.0,Semi-Furnished,"Clubhouse, High-Speed Elevators, Intercom, Landscaped Garden, Tennis Court",10030000
Whitefield,1677,3,3.0,4.0,Semi-Furnished,"Children's Play Area, Power Backup, Swimming Pool",10160000
Bellandur,1512,3,3.0,9.0,Semi-Furnished,"Gym, Intercom, Jogging Track, Landscaped Garden, Swimming Pool",12590000
Indiranagar,1484,3,3.0,9.0,Unfurnished,"24/7 Security, Gym, Intercom, Jogging Track",17970000
Koramangala,933,2,2.0,0.0,Semi-Furnished,"Children's Play Area, High-Speed Elevators, Intercom, Landscaped Garden, Power Backup, Tennis Court",13200000
Indiranagar,883,2,2.0,6.0,Unfurnished,"Children's Play Area, Clubhouse, Covered Parking, Gym, Tennis Court",10550000
Yelahanka,1308,3,3.0,9.0,Unfurnished,"Children's Play Area, Jogging Track, Swimming Pool",8330000
HSR Layout,1026,2,2.0,28.0,Furnished,"24/7 Security, Children's Play Area, Gym, High-Speed Elevators, Landscaped Garden",7090000
Malleshwaram,987,2,2.0,7.0,Furnished,"Covered Parking, Intercom, Jogging Track, Power Backup",11120000
Rajajinagar,487,1,1.0,3.0,Semi-Furnished,"Gym, Intercom, Swimming Pool",4210000
Whitefield,966,2,2.0,5.0,Semi-Furnished,"Children's Play Area, Clubhouse, Covered Parking, Jogging Track, Swimming Pool, Tennis Court",5200000
Indiranagar,1257,2,2.0,0.0,Unfurnished,"Children's Play Area, High-Speed Elevators, Intercom, Landscaped Garden",14870000
Yelahanka,1003,2,2.0,2.0,Semi-Furnished,"Children's Play Area, Swimming Pool",5190000
Hebbal,1162,2,2.0,1.0,Semi-Furnished,"24/7 Security, Children's Play Area, Clubhouse, Covered Parking, High-Speed Elevators, Landscaped Garden, Power Backup, Swimming Pool, Tennis Court",10780000
Whitefield,1015,2,2.0,1.0,Furnished,"Clubhouse, Covered Parking, Gym, High-Speed Elevators, Jogging Track, Power Backup, Swimming Pool, Tennis Court",6370000
Whitefield,1337,3,3.0,8.0,Semi-Furnished,"Clubhouse, Covered Parking, Gym, Power Backup",7760000
Whitefield,1363,3,3.0,9.0,Unfurnished,"Children's Play Area, Gym, High-Speed Elevators, Intercom, Power Backup, Tennis Court",7880000
Indiranagar,2357,4,3.0,3.0,Unfurnished,"24/7 Security, Clubhouse, Gym, Power Backup",28950000
Whitefield,1149,2,2.0,1.0,Semi-Furnished,"Gym, Jogging Track, Power Backup, Swimming Pool",7810000
Sarjapur Road,1522,3,3.0,0.0,Semi-Furnished,"Children's Play Area, Clubhouse, Power Backup, Swimming Pool",10570000
Bellandur,1026,2,1.0,4.0,Furnished,"24/7 Security, Children's Play Area, Clubhouse, Covered Parking, Intercom, Landscaped Garden, Power Backup, Swimming Pool",8430000
Thanisandra,2676,4,4.0,0.0,,"Gym, Power Backup",16970000
Marathahalli,1733,3,2.0,0.0,Semi-Furnished,"Children's Play Area, High-Speed Elevators, Landscaped Garden",11790000
Electronic City,1205,2,2.0,0.0,Semi-Furnished,"24/7 Security, Gym, High-Speed Elevators, Power Backup, Swimming Pool",6310000
Malleshwaram,1420,3,3.0,13.0,Furnished,"Children's Play Area, Gym, High-Speed Elevators, Jogging Track, Tennis Court",15950000
Rajajinagar,2450,4,4.0,6.0,Furnished,"Covered Parking, Intercom, Power Backup, Swimming Pool, Tennis Court",24420000
Malleshwaram,2490,4,3.0,6.0,Semi-Furnished,"High-Speed Elevators, Landscaped Garden",29630000
Jayanagar,2865,4,4.0,3.0,Unfurnished,"Children's Play Area, Power Backup, Swimming Pool, Tennis Court",30600000
HSR Layout,1197,2,2.0,4.0,Semi-Furnished,"Children's Play Area, High-Speed Elevators, Intercom, Jogging Track, Tennis Court",9490000
Electronic City,1190,2,2.0,0.0,Semi-Furnished,"24/7 Security, High-Speed Elevators, Power Backup",6170000
Hebbal,1429,3,2.0,6.0,Unfurnished,"Children's Play Area, Clubhouse, Gym, High-Speed Elevators, Power Backup, Tennis Court",11610000
Thanisandra,1145,2,2.0,15.0,Semi-Furnished,"Covered Parking, Gym, High-Speed Elevators, Jogging Track, Landscaped Garden, Power Backup, Swimming Pool, Tennis Court",6620000
Jayanagar,994,2,2.0,10.0,Unfurnished,"24/7 Security, Gym, High-Speed Elevators, Power Backup, Swimming Pool",10160000
Malleshwaram,606,1,1.0,11.0,Furnished,"Children's Play Area, Clubhouse, Covered Parking, Gym, High-Speed Elevators, Power Backup, Tennis Court",5990000
Electronic City,1536,3,3.0,14.0,Semi-Furnished,"24/7 Security, Children's Play Area, Gym, Intercom, Power Backup, Swimming Pool, Tennis Court",7520000
Indiranagar,802,1,1.0,0.0,Unfurnished,"24/7 Security, Landscaped Garden, Power Backup",9200000
HSR Layout,1047,2,2.0,0.0,Furnished,"High-Speed Elevators, Intercom, Power Backup",10530000
Sarjapur Road,1300,3,3.0,,Semi-Furnished,"24/7 Security, Children's Play Area, High-Speed Elevators, Jogging Track, Tennis Court",9580000
Malleshwaram,2106,3,3.0,13.0,Furnished,"Covered Parking, High-Speed Elevators, Landscaped Garden",22520000
Electronic City,1015,2,2.0,5.0,Unfurnished,"High-Speed Elevators, Jogging Track, Tennis Court",4460000
Marathahalli,1482,3,2.0,5.0,Semi-Furnished,"Children's Play Area, High-Speed Elevators, Intercom, Power Backup, Swimming Pool",8830000
Rajajinagar,2543,4,4.0,8.0,Semi-Furnished,"Clubhouse, Gym, Landscaped Garden, Power Backup",27980000
Whitefield,901,2,2.0,3.0,Semi-Furnished,"Children's Play Area, Covered Parking, High-Speed Elevators, Intercom, Power Backup, Tennis Court",5070000
Electronic City,2740,4,4.0,4.0,Furnished,"24/7 Security, Children's Play Area, Jogging Track, Tennis Court",12220000
Whitefield,1512,3,3.0,3.0,Semi-Furnished,"24/7 Security, Clubhouse, Covered Parking, Gym, Power Backup",9010000
Hebbal,520,1,1.0,8.0,Unfurnished,"24/7 Security, Covered Parking, Intercom, Jogging Track, Swimming Pool, Tennis Court",4220000
Electronic City,1022,2,2.0,2.0,Semi-Furnished,"24/7 Security, Children's Play Area, Intercom, Power Backup",5090000
Thanisandra,696,1,1.0,6.0,Semi-Furnished,"24/7 Security, Children's Play Area, Gym, Intercom, Tennis Court",3940000
Koramangala,1356,3,2.0,11.0,Unfurnished,"24/7 Security, Children's Play Area, Clubhouse, Power Backup",12560000
Electronic City,904,2,2.0,2.0,Furnished,"24/7 Security, Covered Parking, Jogging Track, Power Backup, Swimming Pool",4710000
Whitefield,616,1,1.0,10.0,Semi-Furnished,"Clubhouse, Intercom, Power Backup, Swimming Pool",3480000
HSR Layout,1577,3,2.0,0.0,Semi-Furnished,"24/7 Security, Covered Parking, Gym, Landscaped Garden",16460000
Jayanagar,867,2,2.0,1.0,Semi-Furnished,"24/7 Security, Clubhouse, Gym, Intercom, Landscaped Garden, Tennis Court",7900000
Hebbal,1904,3,3.0,20.0,Furnished,"Covered Parking, Gym, High-Speed Elevators, Jogging Track, Swimming Pool",14240000
Marathahalli,2164,4,3.0,0.0,Semi-Furnished,"24/7 Security, Children's Play Area, Gym, Landscaped Garden, Power Backup",15710000
Thanisandra,3084,4,4.0,5.0,Semi-Furnished,"Covered Parking, Gym, High-Speed Elevators",21110000
Koramangala,1834,3,2.0,3.0,Semi-Furnished,"24/7 Security, Jogging Track, Tennis Court",21710000
Whitefield,1044,2,2.0,5.0,Semi-Furnished,"Children's Play Area, Covered Parking, High-Speed Elevators",6120000
Koramangala,1171,2,2.0,8.0,Unfurnished,"Clubhouse, Jogging Track, Landscaped Garden, Power Backup, Swimming Pool",11540000
Bellandur,1831,3,3.0,0.0,Semi-Furnished,"Clubhouse, Covered Parking, High-Speed Elevators, Intercom, Jogging Track, Landscaped Garden, Power Backup, Tennis Court",15970000
Rajajinagar,738,1,1.0,20.0,Furnished,"24/7 Security, High-Speed Elevators, Landscaped Garden",6930000
Marathahalli,1919,3,3.0,3.0,Semi-Furnished,"Children's Play Area, Clubhouse, Gym, High-Speed Elevators, Intercom, Jogging Track, Power Backup, Swimming Pool",13570000
Rajajinagar,1083,2,2.0,4.0,Semi-Furnished,"Children's Play Area, Clubhouse, Covered Parking, Intercom, Jogging Track, Tennis Court",11780000
Bellandur,1300,3,3.0,1.0,Semi-Furnished,"Covered Parking, High-Speed Elevators, Swimming Pool",10780000
Whitefield,3031,4,4.0,4.0,Unfurnished,"Clubhouse, Intercom, Jogging Track, Landscaped Garden",18500000
Whitefield,1088,2,2.0,6.0,Furnished,"Intercom, Power Backup",7250000
Banashankari,1524,3,3.0,2.0,Unfurnished,"24/7 Security, Children's Play Area, Covered Parking, Swimming Pool",8530000
Indiranagar,1010,2,1.0,12.0,Furnished,"Children's Play Area, Clubhouse, Power Backup",11420000
Indiranagar,2100,4,4.0,4.0,Unfurnished,"Covered Parking, High-Speed Elevators, Jogging Track, Swimming Pool",24940000
Thanisandra,1702,3,3.0,2.0,Unfurnished,"Children's Play Area, Covered Parking, Power Backup",9610000
Bellandur,550,1,1.0,2.0,Furnished,"Gym, Intercom, Jogging Track, Landscaped Garden, Swimming Pool",3670000
Indiranagar,1858,3,2.0,0.0,Furnished,"Clubhouse, High-Speed Elevators, Intercom, Power Backup, Swimming Pool",27750000
Jayanagar,1337,3,3.0,3.0,Unfurnished,"Power Backup, Swimming Pool, Tennis Court",17160000
HSR Layout,715,1,1.0,0.0,Semi-Furnished,"Children's Play Area, Gym, Landscaped Garden, Power Backup, Tennis Court",6350000
Thanisandra,1142,2,2.0,0.0,Semi-Furnished,"Covered Parking, Swimming Pool",7840000
Whitefield,1007,2,2.0,6.0,Furnished,"Clubhouse, Covered Parking, High-Speed Elevators, Intercom, Landscaped Garden, Power Backup, Swimming Pool",6530000
Hebbal,1666,3,3.0,0.0,Semi-Furnished,"Covered Parking, Jogging Track, Tennis Court",15320000
Hebbal,1659,3,2.0,9.0,Semi-Furnished,"Covered Parking, Gym",14260000
Indiranagar,1401,3,2.0,2.0,Semi-Furnished,"Children's Play Area, Covered Parking, Gym, High-Speed Elevators, Power Backup",15330000
Sarjapur Road,572,1,1.0,,Furnished,"24/7 Security, Children's Play Area, Jogging Track, Landscaped Garden, Power Backup, Swimming Pool, Tennis Court",3930000
Sarjapur Road,1026,2,2.0,6.0,Furnished,"Children's Play Area, Clubhouse, Gym, Intercom, Landscaped Garden",7660000
Yelahanka,991,2,2.0,11.0,Unfurnished,"Children's Play Area, Covered Parking, Gym",5190000
Koramangala,2688,4,4.0,17.0,Unfurnished,"24/7 Security, Clubhouse, Covered Parking, High-Speed Elevators, Intercom, Jogging Track, Landscaped Garden, Swimming Pool",34160000
Sarjapur Road,1086,2,2.0,4.0,Furnished,"24/7 Security, Clubhouse, Intercom, Jogging Track, Landscaped Garden, Power Backup",8670000
Hebbal,1249,2,2.0,9.0,Semi-Furnished,"24/7 Security, Covered Parking, Intercom, Power Backup, Swimming Pool",10710000
Hebbal,685,1,1.0,7.0,Unfurnished,"Jogging Track, Landscaped Garden",4580000
Marathahalli,462,1,1.0,1.0,Semi-Furnished,"Gym, High-Speed Elevators, Power Backup, Tennis Court",2610000
Electronic City,1153,2,2.0,2.0,Semi-Furnished,"Intercom, Jogging Track, Landscaped Garden",6350000
Indiranagar,1959,3,2.0,1.0,Semi-Furnished,"24/7 Security, Covered Parking, Gym, High-Speed Elevators, Jogging Track, Landscaped Garden, Power Backup",22600000
Malleshwaram,530,1,1.0,1.0,Furnished,"Children's Play Area, Covered Parking",5240000
Electronic City,998,2,2.0,5.0,Furnished,"Jogging Track, Landscaped Garden, Swimming Pool",4700000
Jayanagar,2497,4,4.0,14.0,Semi-Furnished,"Covered Parking, Jogging Track, Swimming Pool",24410000
Whitefield,1325,2,2.0,6.0,Furnished,"Covered Parking, Jogging Track, Tennis Court",7740000
Electronic City,800,2,2.0,0.0,Semi-Furnished,"24/7 Security, Gym, High-Speed Elevators, Swimming Pool",3990000
Rajajinagar,4414,5,4.0,0.0,Furnished,"24/7 Security, Clubhouse, Covered Parking, Intercom, Tennis Court",53930000
Electronic City,1966,3,3.0,1.0,Unfurnished,"Children's Play Area, Clubhouse, Covered Parking, Intercom, Swimming Pool",9790000
Banashankari,1356,2,2.0,4.0,Semi-Furnished,"Children's Play Area, Jogging Track",8750000
Whitefield,1741,3,3.0,10.0,Furnished,"Children's Play Area, Covered Parking, Gym, High-Speed Elevators, Power Backup, Tennis Court",10140000
HSR Layout,1094,2,2.0,9.0,Furnished,"Intercom, Jogging Track, Landscaped Garden, Tennis Court",9390000
Bellandur,2964,4,3.0,3.0,Unfurnished,"Gym, Landscaped Garden, Power Backup",22490000
Marathahalli,1051,2,2.0,14.0,Semi-Furnished,"High-Speed Elevators, Landscaped Garden, Power Backup, Tennis Court",6100000
Jayanagar,800,2,1.0,1.0,Semi-Furnished,"Children's Play Area, Jogging Track, Tennis Court",9780000
Electronic City,1085,2,2.0,5.0,Semi-Furnished,"Children's Play Area, Covered Parking, Power Backup",5380000
Marathahalli,1868,3,3.0,11.0,Furnished,"Clubhouse, Covered Parking, High-Speed Elevators, Intercom, Landscaped Garden, Tennis Court",11270000
Whitefield,957,2,2.0,3.0,Furnished,"Clubhouse, High-Speed Elevators, Tennis Court",5280000
Sarjapur Road,1105,2,2.0,3.0,Furnished,"24/7 Security, Children's Play Area, Covered Parking, Gym, Jogging Track, Power Backup, Tennis Court",8260000
Koramangala,893,2,2.0,12.0,Semi-Furnished,"Clubhouse, High-Speed Elevators, Intercom, Swimming Pool, Tennis Court",9080000
Jayanagar,931,2,2.0,8.0,Furnished,"Children's Play Area, Clubhouse, High-Speed Elevators, Intercom, Jogging Track",11750000
HSR Layout,1105,2,2.0,1.0,Semi-Furnished,"Covered Parking, Intercom, Landscaped Garden, Swimming Pool",11710000
Marathahalli,860,2,2.0,1.0,Furnished,"Gym, High-Speed Elevators, Intercom, Jogging Track, Landscaped Garden, Power Backup",7560000
Thanisandra,911,2,2.0,2.0,Semi-Furnished,"24/7 Security, High-Speed Elevators, Intercom, Swimming Pool, Tennis Court",5670000
Sarjapur Road,1409,3,3.0,3.0,Semi-Furnished,"24/7 Security, Children's Play Area, Intercom, Swimming Pool",10200000
Whitefield,1527,3,3.0,1.0,Semi-Furnished,"24/7 Security, Clubhouse, Gym, Intercom, Swimming Pool, Tennis Court",8620000
Yelahanka,1450,2,1.0,7.0,Semi-Furnished,"24/7 Security, Swimming Pool",7010000
Electronic City,650,1,1.0,2.0,Unfurnished,"24/7 Security, Clubhouse, Gym, Jogging Track, Landscaped Garden, Swimming Pool, Tennis Court",2980000
Yelahanka,1057,2,2.0,2.0,Semi-Furnished,"24/7 Security, Intercom, Jogging Track, Power Backup",6130000
Malleshwaram,1097,2,2.0,1.0,Semi-Furnished,"24/7 Security, Gym, High-Speed Elevators, Power Backup, Swimming Pool",11480000
Bellandur,601,1,1.0,12.0,Furnished,"Clubhouse, Intercom, Landscaped Garden, Tennis Court",4250000
HSR Layout,1111,2,,5.0,Furnished,"24/7 Security, High-Speed Elevators, Landscaped Garden, Power Backup",10600000
Electronic City,1654,3,3.0,1.0,Semi-Furnished,"24/7 Security, Clubhouse, Intercom, Power Backup",7590000
Hebbal,1596,3,2.0,6.0,Furnished,"Children's Play Area, High-Speed Elevators, Jogging Track, Power Backup",14140000
Bellandur,1496,3,3.0,13.0,Semi-Furnished,"24/7 Security, Power Backup",10020000
Hebbal,697,1,1.0,14.0,Furnished,"Children's Play Area, High-Speed Elevators, Jogging Track, Tennis Court",5630000
Bellandur,1694,3,3.0,3.0,Furnished,"Covered Parking, Jogging Track, Swimming Pool, Tennis Court",14050000
Hebbal,4973,5,4.0,5.0,Unfurnished,"24/7 Security, Children's Play Area, Jogging Track, Landscaped Garden",43800000
Sarjapur Road,749,1,1.0,5.0,Furnished,"24/7 Security, Covered Parking, Jogging Track, Swimming Pool",5050000
Electronic City,3866,5,5.0,2.0,Furnished,"Clubhouse, Gym, Jogging Track, Landscaped Garden, Tennis Court",23560000
Bellandur,1451,3,3.0,1.0,Furnished,"Covered Parking, Gym, High-Speed Elevators, Intercom",14420000
Electronic City,710,1,1.0,8.0,Semi-Furnished,"Children's Play Area, Landscaped Garden, Power Backup, Tennis Court",3070000
Sarjapur Road,1300,3,3.0,7.0,Unfurnished,"Landscaped Garden, Tennis Court",8480000
Koramangala,1132,2,2.0,8.0,Furnished,"24/7 Security, Clubhouse, Jogging Track",11220000
Bellandur,1550,3,3.0,8.0,Semi-Furnished,"Covered Parking, Gym, High-Speed Elevators, Jogging Track, Landscaped Garden, Power Backup, Swimming Pool, Tennis Court",11600000
Bellandur,1987,3,3.0,6.0,Unfurnished,"Gym, Intercom, Jogging Track, Tennis Court",14540000
Marathahalli,1161,2,2.0,15.0,Furnished,"24/7 Security, High-Speed Elevators, Landscaped Garden, Tennis Court",7450000
Rajajinagar,1635,3,3.0,7.0,Semi-Furnished,"24/7 Security, Children's Play Area, Covered Parking, Gym, Landscaped Garden, Power Backup, Swimming Pool",16230000
Whitefield,598,1,1.0,14.0,Furnished,"24/7 Security, High-Speed Elevators",3050000
HSR Layout,1233,2,2.0,1.0,Semi-Furnished,"Clubhouse, Gym, Intercom",10040000
Marathahalli,1080,2,2.0,7.0,Unfurnished,"Gym, Power Backup",6160000
Thanisandra,548,1,1.0,1.0,Semi-Furnished,"High-Speed Elevators, Intercom, Power Backup, Swimming Pool",3120000
Malleshwaram,613,1,1.0,8.0,Furnished,"Clubhouse, Intercom, Power Backup",5750000
Sarjapur Road,1686,3,3.0,8.0,Furnished,"Clubhouse, Gym, Landscaped Garden, Power Backup, Swimming Pool",11740000
Hebbal,1087,2,1.0,7.0,Semi-Furnished,"Children's Play Area, High-Speed Elevators, Jogging Track, Landscaped Garden, Swimming Pool",8290000
Whitefield,992,2,2.0,6.0,Semi-Furnished,"Gym, High-Speed Elevators, Landscaped Garden, Power Backup, Tennis Court",5810000
Koramangala,953,2,2.0,5.0,Furnished,"24/7 Security, Children's Play Area, Covered Parking, Power Backup, Tennis Court",11590000
Banashankari,2756,4,4.0,13.0,Unfurnished,"24/7 Security, Intercom, Power Backup",19440000
HSR Layout,2521,4,4.0,1.0,Furnished,"Covered Parking, High-Speed Elevators, Landscaped Garden, Power Backup, Swimming Pool",27830000
Banashankari,1083,2,2.0,16.0,Semi-Furnished,"Children's Play Area, Covered Parking, Gym, High-Speed Elevators, Power Backup, Tennis Court",6250000
Bellandur,1547,3,3.0,8.0,Furnished,"Clubhouse, Gym, Landscaped Garden",11950000
Electronic City,1149,2,1.0,4.0,Semi-Furnished,"Children's Play Area, Clubhouse, Power Backup, Tennis Court",5800000
Indiranagar,1888,3,3.0,1.0,Unfurnished,"Gym, Tennis Court",25450000
Sarjapur Road,620,1,1.0,0.0,Semi-Furnished,"Covered Parking, Intercom, Swimming Pool, Tennis Court",4080000
HSR Layout,1189,2,2.0,0.0,Furnished,"Clubhouse, Intercom, Swimming Pool, Tennis Court",11660000
Marathahalli,1941,3,2.0,2.0,Semi-Furnished,"Children's Play Area, Gym, Jogging Track",13340000
Whitefield,1553,3,3.0,8.0,Furnished,"Covered Parking, High-Speed Elevators, Jogging Track, Swimming Pool",8600000
Koramangala,1179,2,2.0,3.0,Semi-Furnished,"Gym, High-Speed Elevators, Power Backup, Swimming Pool",12780000
Indiranagar,1180,2,2.0,6.0,Unfurnished,"High-Speed Elevators, Landscaped Garden",12230000
Marathahalli,1300,3,3.0,9.0,Unfurnished,"Clubhouse, Covered Parking, Gym, Landscaped Garden, Power Backup",8770000
Indiranagar,1081,2,1.0,0.0,Semi-Furnished,"24/7 Security, Intercom, Swimming Pool",13440000
Bellandur,919,2,2.0,5.0,Furnished,"Children's Play Area, Clubhouse, Jogging Track, Swimming Pool",7010000
Marathahalli,1300,3,3.0,1.0,Unfurnished,"High-Speed Elevators, Power Backup",8270000
Indiranagar,600,1,1.0,2.0,Semi-Furnished,"24/7 Security, Jogging Track",7710000
Indiranagar,1002,2,2.0,4.0,Unfurnished,"High-Speed Elevators, Jogging Track, Landscaped Garden, Swimming Pool, Tennis Court",11430000
Banashankari,2290,4,3.0,2.0,Semi-Furnished,"Intercom, Landscaped Garden, Swimming Pool",16390000
Malleshwaram,1545,3,3.0,10.0,Unfurnished,"Clubhouse, Covered Parking, Gym, Jogging Track, Power Backup, Swimming Pool, Tennis Court",15600000
Sarjapur Road,1864,3,3.0,14.0,Unfurnished,"Children's Play Area, Gym, Power Backup, Swimming Pool",10910000
Jayanagar,1778,3,3.0,3.0,Semi-Furnished,"24/7 Security, Children's Play Area, Covered Parking, Intercom, Landscaped Garden, Power Backup",18480000
HSR Layout,1709,3,2.0,0.0,Semi-Furnished,"24/7 Security, Children's Play Area, Clubhouse, Landscaped Garden",14750000
Marathahalli,1311,3,2.0,15.0,Semi-Furnished,"Gym, Jogging Track, Swimming Pool, Tennis Court",8240000
Electronic City,1772,3,2.0,17.0,Semi-Furnished,"Clubhouse, Swimming Pool",7970000
Electronic City,933,2,2.0,6.0,Furnished,"High-Speed Elevators, Jogging Track, Tennis Court",4260000
Hebbal,1121,2,2.0,2.0,Semi-Furnished,"Clubhouse, Jogging Track, Landscaped Garden, Tennis Court",10270000
Bellandur,1368,3,3.0,5.0,Semi-Furnished,"Gym, Power Backup",10250000
Electronic City,573,1,1.0,8.0,Furnished,"Landscaped Garden, Tennis Court",2660000
Electronic City,1067,2,2.0,3.0,Semi-Furnished,"Landscaped Garden, Tennis Court",5740000
Rajajinagar,1285,2,2.0,4.0,Unfurnished,"24/7 Security, High-Speed Elevators, Intercom, Power Backup, Tennis Court",12510000
Sarjapur Road,580,1,1.0,5.0,Semi-Furnished,"Covered Parking, Landscaped Garden, Swimming Pool",3580000
Malleshwaram,1681,3,3.0,5.0,Semi-Furnished,"24/7 Security, Children's Play Area, Clubhouse, Gym, High-Speed Elevators, Jogging Track, Landscaped Garden, Swimming Pool",19950000
Sarjapur Road,2049,3,2.0,1.0,Semi-Furnished,"Children's Play Area, Clubhouse, Covered Parking, High-Speed Elevators, Jogging Track, Tennis Court",13800000
Indiranagar,916,2,2.0,1.0,Semi-Furnished,"Covered Parking, Jogging Track, Power Backup, Swimming Pool",13200000
Koramangala,2806,4,4.0,13.0,Semi-Furnished,"24/7 Security, Covered Parking, High-Speed Elevators, Intercom, Jogging Track, Landscaped Garden",38900000
Bellandur,1508,3,3.0,1.0,Unfurnished,"24/7 Security, Children's Play Area, Covered Parking, High-Speed Elevators",14310000
Whitefield,617,1,1.0,3.0,Semi-Furnished,"24/7 Security, Covered Parking, Intercom, Jogging Track, Power Backup, Tennis Court",2930000
Koramangala,1014,2,2.0,0.0,Semi-Furnished,"24/7 Security, Clubhouse, Covered Parking, Intercom",11040000
Electronic City,991,2,2.0,8.0,Semi-Furnished,"24/7 Security, Children's Play Area, Intercom",3950000
Electronic City,1678,3,3.0,2.0,Furnished,"24/7 Security, Covered Parking, High-Speed Elevators, Jogging Track, Swimming Pool",8650000
Hebbal,800,2,2.0,5.0,Semi-Furnished,"Children's Play Area, Covered Parking, Landscaped Garden, Swimming Pool",6710000
Hebbal,1086,2,2.0,5.0,Unfurnished,"High-Speed Elevators, Intercom, Tennis Court",9060000
Banashankari,2855,4,4.0,14.0,Semi-Furnished,"Clubhouse, Covered Parking, High-Speed Elevators, Intercom",22880000
Malleshwaram,1879,3,3.0,10.0,Semi-Furnished,"Children's Play Area, Intercom, Landscaped Garden",17740000
Thanisandra,2599,4,4.0,20.0,Furnished,"Clubhouse, Covered Parking, High-Speed Elevators, Swimming Pool, Tennis Court",14660000
Marathahalli,1506,3,2.0,12.0,Unfurnished,"Gym, High-Speed Elevators, Power Backup, Swimming Pool, Tennis Court",9800000
Malleshwaram,1683,3,3.0,5.0,Furnished,"Jogging Track, Swimming Pool, Tennis Court",19550000
Marathahalli,1579,3,3.0,12.0,Semi-Furnished,"Clubhouse, High-Speed Elevators, Intercom, Landscaped Garden",10180000
Yelahanka,1048,2,2.0,0.0,Semi-Furnished,"24/7 Security, Clubhouse, Covered Parking, Tennis Court",6980000
HSR Layout,1228,2,2.0,7.0,Unfurnished,"24/7 Security, Intercom, Jogging Track, Power Backup",11230000
Bellandur,1184,2,2.0,0.0,Furnished,"Clubhouse, Covered Parking, Gym, High-Speed Elevators",10670000
Marathahalli,1133,2,2.0,6.0,Semi-Furnished,"Children's Play Area, Intercom",6680000
Whitefield,1426,3,3.0,3.0,Furnished,"24/7 Security, Children's Play Area, Clubhouse, Gym",8760000
Banashankari,3501,5,4.0,9.0,Semi-Furnished,"Jogging Track, Landscaped Garden, Swimming Pool, Tennis Court",29460000
Sarjapur Road,2757,4,4.0,2.0,Unfurnished,"Children's Play Area, Clubhouse, Landscaped Garden",18010000
Sarjapur Road,1103,2,2.0,0.0,Semi-Furnished,"24/7 Security, Children's Play Area, Gym, Jogging Track, Tennis Court",6770000
HSR Layout,1246,2,2.0,3.0,Furnished,"24/7 Security, Children's Play Area, Gym, High-Speed Elevators",11260000
Electronic City,1091,2,2.0,17.0,Unfurnished,"24/7 Security, Children's Play Area, Clubhouse, Gym, Intercom, Jogging Track, Power Backup, Swimming Pool, Tennis Court",5180000
HSR Layout,1153,2,2.0,1.0,Furnished,"24/7 Security, Covered Parking, High-Speed Elevators, Intercom",11630000
Hebbal,920,2,2.0,0.0,Unfurnished,"Gym, High-Speed Elevators, Tennis Court",6630000
Whitefield,1425,3,3.0,0.0,Unfurnished,"Gym, High-Speed Elevators, Tennis Court",7830000
Malleshwaram,4269,5,5.0,0.0,Furnished,"Children's Play Area, Clubhouse, Covered Parking, Intercom, Jogging Track, Landscaped Garden",56000000
Electronic City,2644,4,4.0,12.0,Unfurnished,"24/7 Security, Children's Play Area, Intercom, Landscaped Garden",11150000
Electronic City,1024,2,2.0,2.0,Unfurnished,"Children's Play Area, Covered Parking, High-Speed Elevators, Tennis Court",4680000
Marathahalli,1355,3,3.0,6.0,Unfurnished,"Covered Parking, Jogging Track, Landscaped Garden, Power Backup",8030000
Electronic City,1773,3,2.0,1.0,Semi-Furnished,"24/7 Security, Covered Parking, High-Speed Elevators",10100000
Whitefield,1641,3,3.0,1.0,Furnished,"24/7 Security, Children's Play Area, High-Speed Elevators, Intercom, Swimming Pool",10350000
Malleshwaram,2836,4,4.0,2.0,Semi-Furnished,"Children's Play Area, Clubhouse, Gym, Intercom",32920000
Electronic City,1566,3,2.0,3.0,Unfurnished,"Intercom, Landscaped Garden",7540000
Yelahanka,1083,2,2.0,3.0,Semi-Furnished,"24/7 Security, Covered Parking, Gym, Jogging Track, Power Backup, Tennis Court",7930000
Thanisandra,1509,3,2.0,0.0,Semi-Furnished,"24/7 Security, Clubhouse, Intercom, Jogging Track, Swimming Pool",10050000
Sarjapur Road,450,1,1.0,3.0,Semi-Furnished,"Children's Play Area, Covered Parking, Jogging Track, Power Backup",2890000
HSR Layout,586,1,1.0,0.0,Semi-Furnished,"24/7 Security, Gym, Intercom, Jogging Track, Landscaped Garden, Power Backup, Swimming Pool",5420000
Koramangala,966,2,2.0,2.0,Semi-Furnished,"Clubhouse, Covered Parking, Jogging Track",14020000
Koramangala,1872,3,3.0,6.0,Semi-Furnished,"24/7 Security, Gym, High-Speed Elevators, Jogging Track, Tennis Court",22780000
HSR Layout,1300,3,2.0,12.0,Semi-Furnished,"Clubhouse, Gym, Landscaped Garden",11340000
Yelahanka,1657,3,3.0,3.0,Furnished,"Children's Play Area, High-Speed Elevators, Tennis Court",11350000
Malleshwaram,2622,4,4.0,3.0,Unfurnished,"24/7 Security, Clubhouse, High-Speed Elevators, Tennis Court",30570000
Hebbal,1124,2,1.0,7.0,Semi-Furnished,"24/7 Security, Children's Play Area, Jogging Track, Landscaped Garden, Swimming Pool, Tennis Court",9420000
Marathahalli,3366,4,3.0,1.0,Semi-Furnished,"24/7 Security, Landscaped Garden, Power Backup, Tennis Court",22390000
Hebbal,717,1,1.0,11.0,Unfurnished,"Covered Parking, Jogging Track, Landscaped Garden",4770000
Jayanagar,1024,2,1.0,2.0,Unfurnished,"High-Speed Elevators, Jogging Track",8930000
Electronic City,2671,4,4.0,5.0,Unfurnished,"Children's Play Area, Clubhouse, Landscaped Garden, Power Backup, Tennis Court",14810000
Hebbal,2484,4,4.0,0.0,Semi-Furnished,"24/7 Security, Children's Play Area, Covered Parking, Intercom, Jogging Track, Landscaped Garden",25010000
Thanisandra,1345,3,3.0,0.0,Furnished,"Gym, High-Speed Elevators, Intercom, Swimming Pool",10210000
Marathahalli,2602,4,4.0,4.0,Unfurnished,"Clubhouse, Gym, Intercom, Landscaped Garden",17850000
HSR Layout,3095,4,3.0,0.0,Unfurnished,"Clubhouse, Gym, High-Speed Elevators, Intercom",31780000
Koramangala,1385,3,3.0,2.0,Furnished,"Clubhouse, Covered Parking, Intercom, Swimming Pool",17720000
Electronic City,1853,3,3.0,11.0,Semi-Furnished,"24/7 Security, Intercom, Jogging Track, Landscaped Garden, Swimming Pool",8430000
Indiranagar,1739,3,2.0,2.0,Semi-Furnished,"Children's Play Area, Clubhouse, Intercom, Power Backup, Tennis Court",21600000
Hebbal,1636,3,3.0,1.0,Furnished,"Clubhouse, Covered Parking, Gym, High-Speed Elevators",15970000
Marathahalli,2527,4,4.0,0.0,Semi-Furnished,"Clubhouse, Covered Parking, High-Speed Elevators, Intercom, Jogging Track",20570000
Electronic City,833,2,1.0,5.0,Semi-Furnished,"Clubhouse, Gym, Jogging Track, Swimming Pool, Tennis Court",3470000
Bellandur,1588,3,3.0,3.0,Unfurnished,"24/7 Security, Children's Play Area, Clubhouse, Gym, Intercom, Jogging Track, Landscaped Garden, Power Backup, Swimming Pool",11600000
Banashankari,2487,4,3.0,7.0,Unfurnished,"24/7 Security, Clubhouse, Covered Parking, Landscaped Garden, Tennis Court",15780000
Koramangala,1194,2,1.0,13.0,Semi-Furnished,"24/7 Security, Landscaped Garden, Power Backup",12660000
Whitefield,1342,2,2.0,1.0,Semi-Furnished,"Clubhouse, Jogging Track, Swimming Pool, Tennis Court",9110000
Whitefield,1190,2,2.0,0.0,Semi-Furnished,"Children's Play Area, Gym, Intercom, Jogging Track, Power Backup, Tennis Court",6840000
Whitefield,1087,2,2.0,7.0,Furnished,"Jogging Track, Landscaped Garden",6460000
Yelahanka,1141,2,2.0,0.0,Semi-Furnished,"24/7 Security, Children's Play Area, Clubhouse, Gym, Tennis Court",7010000
Koramangala,973,2,1.0,11.0,Furnished,"24/7 Security, High-Speed Elevators, Swimming Pool",11340000
Whitefield,975,2,2.0,2.0,Semi-Furnished,"24/7 Security, Clubhouse, Covered Parking, Jogging Track, Power Backup, Tennis Court",6100000
Electronic City,1187,2,2.0,17.0,Furnished,"24/7 Security, Covered Parking, Gym, Intercom, Tennis Court",5330000
Marathahalli,950,2,2.0,4.0,Semi-Furnished,"Gym, High-Speed Elevators, Landscaped Garden",6380000
Indiranagar,1476,3,2.0,1.0,Unfurnished,"Children's Play Area, Jogging Track, Landscaped Garden, Tennis Court",18440000
Whitefield,1193,2,2.0,2.0,Unfurnished,"Children's Play Area, Gym, Landscaped Garden, Power Backup, Swimming Pool",7100000
HSR Layout,2168,3,2.0,0.0,Furnished,"24/7 Security, Gym, High-Speed Elevators, Power Backup",20920000
Thanisandra,2473,4,3.0,6.0,Semi-Furnished,"24/7 Security, Children's Play Area, Gym, High-Speed Elevators, Landscaped Garden, Swimming Pool",17600000
Banashankari,1712,3,3.0,13.0,Semi-Furnished,"24/7 Security, Landscaped Garden, Power Backup",10070000
Electronic City,675,1,1.0,1.0,Semi-Furnished,"24/7 Security, Children's Play Area, Clubhouse, Covered Parking, Intercom, Jogging Track, Power Backup, Tennis Court",3250000
Electronic City,1306,2,2.0,3.0,Semi-Furnished,"24/7 Security, Covered Parking, High-Speed Elevators",6030000
Yelahanka,1183,2,2.0,28.0,Furnished,"Intercom, Jogging Track, Power Backup, Swimming Pool, Tennis Court",6350000
HSR Layout,1050,2,2.0,3.0,Semi-Furnished,"Children's Play Area, Clubhouse, Covered Parking, Jogging Track, Tennis Court",9940000
Jayanagar,1251,2,2.0,26.0,Semi-Furnished,"24/7 Security, Covered Parking, High-Speed Elevators, Intercom, Jogging Track, Power Backup",11070000
Banashankari,2117,3,2.0,4.0,Semi-Furnished,"Clubhouse, Jogging Track, Power Backup, Swimming Pool, Tennis Court",14270000
Koramangala,2336,4,4.0,1.0,Semi-Furnished,"24/7 Security, Children's Play Area, Jogging Track, Landscaped Garden",30850000
Indiranagar,555,1,1.0,14.0,Semi-Furnished,"Clubhouse, Intercom, Landscaped Garden",6670000
Electronic City,1070,2,2.0,19.0,Furnished,"Covered Parking, Intercom, Landscaped Garden, Swimming Pool, Tennis Court",4550000
Whitefield,2877,4,3.0,3.0,Semi-Furnished,"Children's Play Area, Clubhouse, High-Speed Elevators, Landscaped Garden, Tennis Court",16520000
Jayanagar,1138,2,2.0,0.0,Furnished,"Clubhouse, Gym, High-Speed Elevators, Jogging Track, Landscaped Garden, Power Backup, Tennis Court",13130000
Electronic City,1491,3,3.0,0.0,Semi-Furnished,"Children's Play Area, Jogging Track, Swimming Pool",8080000
Hebbal,908,2,2.0,1.0,Semi-Furnished,"Children's Play Area, Covered Parking, Gym, High-Speed Elevators, Intercom, Tennis Court",7400000
Jayanagar,1251,2,2.0,5.0,Unfurnished,"24/7 Security, Covered Parking, Jogging Track, Swimming Pool, Tennis Court",12110000
Sarjapur Road,1719,3,3.0,0.0,Semi-Furnished,"24/7 Security, High-Speed Elevators, Intercom, Power Backup, Swimming Pool, Tennis Court",15370000
Whitefield,1146,2,2.0,14.0,Semi-Furnished,"Children's Play Area, Clubhouse, Power Backup, Swimming Pool, Tennis Court",6060000
Electronic City,2463,4,3.0,7.0,Unfurnished,"Landscaped Garden, Swimming Pool",11930000
Sarjapur Road,1380,2,2.0,3.0,Furnished,"Gym, Jogging Track, Swimming Pool",9900000
Malleshwaram,1059,2,,4.0,Unfurnished,"24/7 Security, Covered Parking",11410000
Bellandur,664,1,1.0,0.0,Semi-Furnished,"High-Speed Elevators, Intercom, Landscaped Garden, Tennis Court",4680000
HSR Layout,2779,4,3.0,8.0,Semi-Furnished,"Covered Parking, Jogging Track, Landscaped Garden, Power Backup",27250000
Whitefield,1660,3,2.0,17.0,Unfurnished,"24/7 Security, Children's Play Area, Clubhouse, Covered Parking, Landscaped Garden, Power Backup",7280000
Electronic City,899,2,2.0,6.0,Semi-Furnished,"Children's Play Area, Covered Parking, High-Speed Elevators, Jogging Track",3670000
Indiranagar,1113,2,2.0,2.0,Semi-Furnished,"24/7 Security, Clubhouse, Covered Parking, Gym, High-Speed Elevators, Landscaped Garden, Tennis Court",16100000
Thanisandra,2303,4,4.0,2.0,Furnished,"24/7 Security, Children's Play Area, Clubhouse, Landscaped Garden, Tennis Court",14750000
Jayanagar,1253,2,2.0,5.0,Semi-Furnished,"24/7 Security, Jogging Track, Power Backup, Swimming Pool",14240000
Whitefield,648,1,1.0,0.0,Semi-Furnished,"24/7 Security, Clubhouse, Power Backup, Tennis Court",3150000
Marathahalli,2554,4,3.0,7.0,Furnished,"24/7 Security, Children's Play Area, Gym, Intercom, Tennis Court",17400000
HSR Layout,2100,4,3.0,0.0,Semi-Furnished,"Children's Play Area, Gym",19640000
Electronic City,3162,4,4.0,6.0,Semi-Furnished,"High-Speed Elevators, Intercom",18340000
Hebbal,1079,2,2.0,5.0,Unfurnished,"24/7 Security, Children's Play Area, Covered Parking, Intercom, Landscaped Garden, Power Backup",9320000
Thanisandra,1901,3,3.0,1.0,Unfurnished,"Covered Parking, Jogging Track",10460000
Marathahalli,2400,4,3.0,2.0,Semi-Furnished,"24/7 Security, Children's Play Area, Swimming Pool",18830000
Marathahalli,999,2,2.0,9.0,Semi-Furnished,"Children's Play Area, Jogging Track, Swimming Pool, Tennis Court",4850000
Yelahanka,1174,2,2.0,18.0,Semi-Furnished,"24/7 Security, Children's Play Area, High-Speed Elevators, Jogging Track, Landscaped Garden",5770000
Electronic City,2539,4,3.0,6.0,Furnished,"Gym, High-Speed Elevators, Intercom, Swimming Pool",12580000
Electronic City,973,2,1.0,8.0,Semi-Furnished,"Children's Play Area, Clubhouse, Intercom, Jogging Track, Landscaped Garden, Power Backup, Tennis Court",3890000
Sarjapur Road,1300,3,3.0,8.0,Semi-Furnished,"24/7 Security, Children's Play Area, Clubhouse, Gym, High-Speed Elevators, Intercom, Swimming Pool",9510000
Electronic City,3735,5,4.0,5.0,Furnished,"Children's Play Area, Clubhouse, High-Speed Elevators, Landscaped Garden, Power Backup",20850000
Bellandur,1644,3,3.0,10.0,Semi-Furnished,"Clubhouse, Intercom, Jogging Track",11940000
Koramangala,1144,2,2.0,22.0,Semi-Furnished,"Children's Play Area, Tennis Court",10970000
HSR Layout,2640,4,3.0,8.0,Semi-Furnished,"Children's Play Area, Gym",26380000
Electronic City,803,2,2.0,3.0,Unfurnished,"24/7 Security, Covered Parking, Landscaped Garden",3550000
Whitefield,1297,2,2.0,4.0,Unfurnished,"24/7 Security, High-Speed Elevators, Intercom, Power Backup, Tennis Court",5960000
Whitefield,1053,2,1.0,4.0,Unfurnished,"Children's Play Area, Landscaped Garden, Power Backup",5820000
Hebbal,941,2,2.0,2.0,Unfurnished,"24/7 Security, Covered Parking, Intercom, Power Backup",6900000
Marathahalli,1020,2,2.0,23.0,Unfurnished,"Children's Play Area, Gym, High-Speed Elevators",4620000
Rajajinagar,3362,5,4.0,0.0,Furnished,"24/7 Security, Children's Play Area, High-Speed Elevators, Intercom, Power Backup, Tennis Court",44940000
Thanisandra,800,2,2.0,12.0,Semi-Furnished,"24/7 Security, Children's Play Area, Clubhouse, Intercom, Jogging Track, Power Backup, Swimming Pool",4650000
HSR Layout,1939,3,3.0,4.0,Unfurnished,"24/7 Security, Children's Play Area, Clubhouse, Landscaped Garden",17070000
Marathahalli,2935,4,4.0,3.0,Furnished,"24/7 Security, Children's Play Area, Gym, Intercom, Power Backup, Tennis Court",25820000
Yelahanka,1436,3,2.0,2.0,Furnished,"24/7 Security, Clubhouse, Intercom, Jogging Track, Power Backup",10490000
Koramangala,1074,2,2.0,,Semi-Furnished,"24/7 Security, Children's Play Area, Clubhouse, High-Speed Elevators, Jogging Track, Power Backup, Swimming Pool",15550000
Sarjapur Road,902,2,2.0,6.0,Semi-Furnished,"High-Speed Elevators, Intercom, Power Backup",5510000
Koramangala,976,2,1.0,13.0,Semi-Furnished,"Children's Play Area, High-Speed Elevators",9500000
Whitefield,937,2,2.0,4.0,Semi-Furnished,"24/7 Security, Children's Play Area, Clubhouse, High-Speed Elevators, Power Backup",5300000
Yelahanka,979,2,2.0,0.0,Semi-Furnished,"24/7 Security, Covered Parking, Swimming Pool",5600000
Malleshwaram,1232,2,2.0,0.0,Semi-Furnished,"Children's Play Area, Covered Parking, Intercom, Landscaped Garden",13240000
Whitefield,1154,2,2.0,10.0,Furnished,"Gym, High-Speed Elevators, Intercom, Landscaped Garden",6420000
Electronic City,1688,3,3.0,0.0,Unfurnished,"24/7 Security, Covered Parking, Jogging Track, Tennis Court",8290000
Banashankari,1336,3,2.0,6.0,Semi-Furnished,"24/7 Security, Children's Play Area, Intercom, Power Backup, Swimming Pool",9580000
Indiranagar,1721,3,2.0,15.0,Semi-Furnished,"High-Speed Elevators, Intercom, Jogging Track, Power Backup, Tennis Court",19750000
Electronic City,1608,3,3.0,23.0,Unfurnished,"24/7 Security, Landscaped Garden, Power Backup, Swimming Pool",6420000
Koramangala,1300,3,2.0,11.0,Semi-Furnished,"Covered Parking, Gym, Jogging Track, Power Backup, Swimming Pool, Tennis Court",13350000
Rajajinagar,1226,2,2.0,1.0,Furnished,"Covered Parking, Gym, Intercom, Jogging Track, Swimming Pool",13500000
Marathahalli,2289,4,4.0,10.0,Semi-Furnished,"Gym, High-Speed Elevators, Jogging Track, Landscaped Garden, Power Backup, Swimming Pool",14730000
Whitefield,1370,2,2.0,3.0,Semi-Furnished,"24/7 Security, Children's Play Area, Intercom, Jogging Track, Landscaped Garden, Swimming Pool",8490000
Marathahalli,787,1,1.0,0.0,Furnished,"High-Speed Elevators, Intercom, Power Backup, Swimming Pool",4840000
Electronic City,1374,3,3.0,0.0,Furnished,"24/7 Security, Clubhouse, Covered Parking, Gym",7010000
Sarjapur Road,2697,4,3.0,17.0,Semi-Furnished,"24/7 Security, Children's Play Area, Clubhouse, Intercom, Landscaped Garden, Power Backup, Swimming Pool",18350000
Whitefield,1755,3,3.0,0.0,Furnished,"Children's Play Area, Covered Parking, High-Speed Elevators, Intercom, Tennis Court",10800000
Electronic City,1517,3,2.0,11.0,Semi-Furnished,"24/7 Security, Children's Play Area, Clubhouse, Covered Parking, Gym, High-Speed Elevators, Jogging Track, Tennis Court",7040000
Sarjapur Road,1403,3,,2.0,Semi-Furnished,"Covered Parking, High-Speed Elevators, Landscaped Garden",10730000
Rajajinagar,1704,3,2.0,15.0,Unfurnished,"Children's Play Area, Gym, Intercom, Jogging Track, Tennis Court",15520000
Bellandur,1807,3,2.0,16.0,Semi-Furnished,"Intercom, Landscaped Garden, Power Backup, Swimming Pool",12180000
Indiranagar,1300,3,2.0,12.0,Semi-Furnished,"Clubhouse, Gym, High-Speed Elevators, Landscaped Garden, Tennis Court",15200000
Hebbal,1604,3,2.0,2.0,Unfurnished,"Children's Play Area, Clubhouse, High-Speed Elevators, Intercom, Swimming Pool",12970000
HSR Layout,4093,5,4.0,0.0,Semi-Furnished,"Clubhouse, Jogging Track, Power Backup, Swimming Pool",39400000
Electronic City,2037,3,2.0,2.0,Furnished,"Children's Play Area, Covered Parking, Landscaped Garden, Swimming Pool",10560000
Sarjapur Road,1134,2,2.0,1.0,Unfurnished,"Children's Play Area, Intercom, Jogging Track, Swimming Pool",6740000
Malleshwaram,2378,4,3.0,2.0,Unfurnished,"24/7 Security, Clubhouse, Gym, Landscaped Garden, Power Backup",24950000
Thanisandra,519,1,1.0,4.0,Semi-Furnished,"Covered Parking, Intercom",2620000
Rajajinagar,605,1,1.0,1.0,Unfurnished,"24/7 Security, Children's Play Area, Clubhouse, High-Speed Elevators, Tennis Court",5510000
Banashankari,1187,2,2.0,5.0,Furnished,"Gym, Power Backup, Swimming Pool",7920000
Whitefield,1862,3,2.0,3.0,Semi-Furnished,"24/7 Security, Intercom, Landscaped Garden, Swimming Pool",12430000
Marathahalli,1705,3,2.0,4.0,Furnished,"Covered Parking, Intercom, Power Backup",11430000
Marathahalli,1786,3,3.0,13.0,Unfurnished,"Children's Play Area, Covered Parking, Gym, High-Speed Elevators, Intercom, Power Backup, Tennis Court",11100000
Whitefield,712,1,1.0,0.0,Furnished,"24/7 Security, Children's Play Area, Covered Parking, Landscaped Garden, Power Backup",4260000
Hebbal,1221,2,2.0,9.0,Unfurnished,"24/7 Security, High-Speed Elevators, Jogging Track, Landscaped Garden, Power Backup, Swimming Pool, Tennis Court",10360000
Electronic City,925,2,2.0,5.0,Unfurnished,"24/7 Security, High-Speed Elevators",4050000
Electronic City,1657,3,3.0,6.0,Unfurnished,"Children's Play Area, Clubhouse",8620000
Thanisandra,1586,3,3.0,2.0,Semi-Furnished,"Children's Play Area, Clubhouse, Covered Parking, Gym, Intercom",9980000
HSR Layout,1456,3,2.0,7.0,Unfurnished,"Intercom, Power Backup",10190000
Hebbal,1099,2,2.0,6.0,Semi-Furnished,"Covered Parking, Gym, Intercom, Landscaped Garden, Power Backup",8440000
Indiranagar,1506,3,3.0,5.0,Semi-Furnished,"24/7 Security, Clubhouse, Landscaped Garden, Power Backup",18890000
Electronic City,1267,2,2.0,5.0,Semi-Furnished,"Clubhouse, Covered Parking, Gym, Power Backup, Swimming Pool",5710000
Yelahanka,1081,2,2.0,5.0,Semi-Furnished,"24/7 Security, Covered Parking, Gym, High-Speed Elevators, Intercom",6630000
Thanisandra,1605,3,3.0,4.0,Unfurnished,"24/7 Security, Clubhouse, Covered Parking, Jogging Track, Landscaped Garden, Swimming Pool",10560000
Bellandur,2501,4,4.0,6.0,Semi-Furnished,"Clubhouse, Gym, Jogging Track, Landscaped Garden, Tennis Court",21270000
HSR Layout,1248,2,2.0,0.0,Furnished,"High-Speed Elevators, Power Backup",12260000
HSR Layout,2479,4,4.0,,Semi-Furnished,"24/7 Security, Children's Play Area, Covered Parking, Gym, High-Speed Elevators, Intercom, Jogging Track, Landscaped Garden",28010000
Koramangala,3100,5,5.0,0.0,Semi-Furnished,"Children's Play Area, Covered Parking, Gym, High-Speed Elevators, Intercom, Jogging Track, Tennis Court",44530000
Jayanagar,2291,4,3.0,5.0,Unfurnished,"Children's Play Area, Clubhouse, Intercom",24940000
Thanisandra,2214,3,3.0,1.0,Unfurnished,"24/7 Security, High-Speed Elevators, Landscaped Garden",13650000
Jayanagar,3794,5,5.0,0.0,Semi-Furnished,"Children's Play Area, Covered Parking, High-Speed Elevators, Intercom, Power Backup, Swimming Pool",58430000
Indiranagar,1200,2,,1.0,Unfurnished,"Children's Play Area, Clubhouse, Intercom, Swimming Pool",13770000
Koramangala,1132,2,2.0,9.0,Furnished,"24/7 Security, Clubhouse, Covered Parking, Intercom, Swimming Pool",13280000
Sarjapur Road,1194,2,2.0,3.0,Unfurnished,"Gym, Jogging Track, Tennis Court",6660000
Malleshwaram,3003,4,4.0,7.0,Furnished,"Clubhouse, High-Speed Elevators, Power Backup",35270000
Sarjapur Road,1230,2,,8.0,Semi-Furnished,"Children's Play Area, Intercom, Jogging Track, Power Backup",8430000
Thanisandra,1749,3,3.0,1.0,Semi-Furnished,"24/7 Security, Children's Play Area, Covered Parking, Gym, Intercom, Landscaped Garden, Power Backup",10810000
Sarjapur Road,2049,3,2.0,11.0,Semi-Furnished,"24/7 Security, Covered Parking, Jogging Track, Landscaped Garden, Power Backup, Tennis Court",11470000
Whitefield,1140,2,2.0,0.0,Unfurnished,"High-Speed Elevators, Jogging Track, Power Backup",6320000
HSR Layout,1264,2,2.0,10.0,Semi-Furnished,"Intercom, Jogging Track, Landscaped Garden",10580000
Malleshwaram,1770,3,3.0,7.0,Furnished,"24/7 Security, Gym, Intercom, Landscaped Garden, Swimming Pool, Tennis Court",19520000
Banashankari,1636,3,2.0,5.0,Semi-Furnished,"Clubhouse, High-Speed Elevators",12040000
Thanisandra,494,1,1.0,1.0,Semi-Furnished,"Children's Play Area, High-Speed Elevators, Jogging Track",2610000
Whitefield,2542,4,3.0,5.0,Semi-Furnished,"Children's Play Area, Intercom, Power Backup",14340000
Indiranagar,1697,3,2.0,6.0,Semi-Furnished,"24/7 Security, Gym, Intercom, Power Backup",20640000
Koramangala,1542,3,3.0,6.0,Semi-Furnished,"24/7 Security, Children's Play Area, Gym, Jogging Track, Power Backup",21020000
Electronic City,1742,3,3.0,5.0,Semi-Furnished,"24/7 Security, Gym, Power Backup",7080000
Banashankari,1308,2,2.0,9.0,Furnished,"Intercom, Jogging Track, Power Backup, Tennis Court",8710000
Electronic City,1654,3,2.0,0.0,Semi-Furnished,"24/7 Security, Children's Play Area, Clubhouse, Swimming Pool, Tennis Court",7840000
Banashankari,1744,3,3.0,4.0,Semi-Furnished,"Covered Parking, Swimming Pool",13250000
Hebbal,1378,3,3.0,3.0,Furnished,"24/7 Security, Children's Play Area, Clubhouse, High-Speed Elevators, Intercom, Jogging Track, Landscaped Garden, Tennis Court",14730000
Jayanagar,1580,3,3.0,2.0,Semi-Furnished,"Children's Play Area, Clubhouse, Gym, Swimming Pool",18350000
Hebbal,2922,4,3.0,1.0,Furnished,"Children's Play Area, High-Speed Elevators, Swimming Pool",23910000
Electronic City,1682,3,3.0,11.0,Furnished,"Children's Play Area, Clubhouse, Gym, Intercom, Jogging Track, Swimming Pool, Tennis Court",8460000
Jayanagar,1605,3,3.0,1.0,Furnished,"24/7 Security, Covered Parking, High-Speed Elevators, Jogging Track, Swimming Pool, Tennis Court",20760000
Bellandur,1708,3,3.0,4.0,Unfurnished,"High-Speed Elevators, Intercom, Jogging Track, Landscaped Garden",13840000
Bellandur,1130,2,2.0,2.0,Semi-Furnished,"24/7 Security, Covered Parking, Intercom, Jogging Track, Power Backup",9580000
Sarjapur Road,535,1,1.0,11.0,Semi-Furnished,"24/7 Security, High-Speed Elevators, Intercom, Landscaped Garden, Power Backup, Swimming Pool, Tennis Court",2860000
Jayanagar,1232,2,2.0,6.0,Semi-Furnished,"Gym, Intercom, Power Backup, Swimming Pool, Tennis Court",12980000
HSR Layout,1615,3,3.0,2.0,Semi-Furnished,"24/7 Security, High-Speed Elevators, Swimming Pool",15840000
Indiranagar,1790,3,2.0,4.0,Unfurnished,"Clubhouse, Intercom",20200000
Hebbal,1157,2,2.0,0.0,Unfurnished,"Clubhouse, Gym, Intercom, Landscaped Garden, Tennis Court",8550000
Hebbal,1348,3,3.0,5.0,Semi-Furnished,"Covered Parking, Intercom, Jogging Track, Landscaped Garden",12320000
HSR Layout,1182,2,2.0,1.0,Semi-Furnished,"Children's Play Area, Clubhouse, Gym, Landscaped Garden, Swimming Pool, Tennis Court",11610000
Indiranagar,705,1,1.0,2.0,Furnished,"24/7 Security, Gym, High-Speed Elevators, Intercom",8170000
Bellandur,1814,3,2.0,2.0,Unfurnished,"Landscaped Garden, Swimming Pool",14120000
Indiranagar,1117,2,1.0,27.0,Unfurnished,"24/7 Security, Jogging Track, Power Backup, Swimming Pool",9790000
Indiranagar,1078,2,2.0,4.0,Semi-Furnished,"Children's Play Area, Gym, Jogging Track, Power Backup, Swimming Pool, Tennis Court",11460000
HSR Layout,1259,2,2.0,2.0,Unfurnished,"Children's Play Area, Clubhouse, Covered Parking, Gym, Power Backup",11550000
Jayanagar,1300,3,,1.0,Semi-Furnished,"Gym, High-Speed Elevators",13610000
Whitefield,2027,3,3.0,9.0,Furnished,"24/7 Security, Children's Play Area, High-Speed Elevators",12630000
Whitefield,489,1,1.0,14.0,Semi-Furnished,"24/7 Security, Covered Parking, Gym, Intercom, Landscaped Garden, Power Backup, Tennis Court",2610000
Whitefield,1151,2,2.0,3.0,Unfurnished,"Clubhouse, Covered Parking, Gym, Intercom, Power Backup, Swimming Pool",5740000
Marathahalli,4156,5,5.0,0.0,Furnished,"Children's Play Area, Clubhouse, High-Speed Elevators, Intercom",33240000
Hebbal,1101,2,2.0,0.0,Unfurnished,"Children's Play Area, High-Speed Elevators, Landscaped Garden, Swimming Pool",8630000
Bellandur,1084,2,1.0,5.0,Furnished,"Clubhouse, Intercom, Tennis Court",8220000
Indiranagar,1389,2,2.0,3.0,Furnished,"Covered Parking, High-Speed Elevators, Power Backup",16870000
Whitefield,1150,2,2.0,0.0,Semi-Furnished,"Intercom, Jogging Track, Landscaped Garden, Swimming Pool",7630000
Koramangala,1512,3,3.0,1.0,Semi-Furnished,"24/7 Security, High-Speed Elevators, Jogging Track, Landscaped Garden, Swimming Pool, Tennis Court",22720000
Indiranagar,1202,2,2.0,4.0,Furnished,"High-Speed Elevators, Swimming Pool",16020000
Sarjapur Road,4021,5,5.0,1.0,Semi-Furnished,"Children's Play Area, Covered Parking, Gym, High-Speed Elevators, Swimming Pool",35590000
Koramangala,1451,3,3.0,6.0,Semi-Furnished,"Children's Play Area, Gym, Power Backup, Tennis Court",15100000
Sarjapur Road,911,2,2.0,1.0,Semi-Furnished,"Clubhouse, High-Speed Elevators, Intercom, Tennis Court",6130000
Sarjapur Road,592,1,1.0,2.0,Furnished,"High-Speed Elevators, Intercom, Landscaped Garden",3840000
Sarjapur Road,1050,2,2.0,1.0,Furnished,"Children's Play Area, Clubhouse, Covered Parking",7170000
Bellandur,582,1,1.0,18.0,Furnished,"Children's Play Area, Jogging Track, Landscaped Garden, Swimming Pool, Tennis Court",4270000
Whitefield,2505,4,3.0,2.0,Semi-Furnished,"Children's Play Area, Clubhouse, Covered Parking, Gym, High-Speed Elevators, Intercom, Tennis Court",15810000
Koramangala,1013,2,1.0,16.0,Semi-Furnished,"Clubhouse, Gym, Swimming Pool, Tennis Court",10680000
Sarjapur Road,1676,3,2.0,6.0,Furnished,"Children's Play Area, Intercom",12980000
Marathahalli,1768,3,2.0,2.0,Unfurnished,"Children's Play Area, High-Speed Elevators, Intercom",11810000
Rajajinagar,3665,5,5.0,18.0,Furnished,"Children's Play Area, Covered Parking, Gym, High-Speed Elevators, Swimming Pool, Tennis Court",32770000
Bellandur,2705,4,4.0,0.0,Unfurnished,"24/7 Security, Children's Play Area, Clubhouse, Covered Parking, Jogging Track, Landscaped Garden, Power Backup, Swimming Pool",22210000
Bellandur,1413,3,2.0,0.0,Semi-Furnished,"Covered Parking, Gym, High-Speed Elevators, Intercom",11250000
Indiranagar,2357,3,3.0,6.0,Furnished,"Covered Parking, Gym, High-Speed Elevators, Jogging Track",28640000
Hebbal,2100,4,4.0,13.0,Semi-Furnished,"24/7 Security, Children's Play Area, Clubhouse, Jogging Track, Swimming Pool",16550000
HSR Layout,2625,4,3.0,7.0,Unfurnished,"Clubhouse, Landscaped Garden",17870000
Electronic City,1097,2,2.0,6.0,Furnished,"Children's Play Area, Clubhouse, Landscaped Garden, Power Backup, Swimming Pool, Tennis Court",6310000
Whitefield,738,1,1.0,2.0,Unfurnished,"Clubhouse, Gym, Jogging Track, Landscaped Garden, Swimming Pool",4100000
Thanisandra,705,1,1.0,4.0,Semi-Furnished,"24/7 Security, Gym, High-Speed Elevators, Jogging Track, Swimming Pool",4220000
Koramangala,604,1,1.0,0.0,Semi-Furnished,"24/7 Security, Clubhouse, Covered Parking, High-Speed Elevators, Tennis Court",7400000
Banashankari,1800,3,3.0,5.0,Semi-Furnished,"Children's Play Area, Gym, High-Speed Elevators, Landscaped Garden, Power Backup, Tennis Court",12070000
Indiranagar,1929,3,3.0,1.0,Semi-Furnished,"Gym, Jogging Track, Swimming Pool",21460000
Jayanagar,1348,3,2.0,2.0,Semi-Furnished,"Clubhouse, High-Speed Elevators, Intercom, Jogging Track, Landscaped Garden",14880000
Sarjapur Road,760,1,1.0,7.0,Semi-Furnished,"24/7 Security, Gym, Landscaped Garden",4510000
Electronic City,1632,3,3.0,8.0,Semi-Furnished,"Children's Play Area, Clubhouse, Intercom, Landscaped Garden",7970000
Sarjapur Road,940,2,2.0,6.0,Unfurnished,"Clubhouse, Jogging Track",5980000
HSR Layout,2030,3,2.0,1.0,Semi-Furnished,"Children's Play Area, Jogging Track, Power Backup",17580000
Malleshwaram,1147,2,2.0,1.0,Unfurnished,"24/7 Security, Children's Play Area, Gym",11230000
Koramangala,2001,3,3.0,14.0,Unfurnished,"Jogging Track, Swimming Pool, Tennis Court",19190000
Marathahalli,689,1,1.0,2.0,Furnished,"Gym, Jogging Track, Landscaped Garden, Swimming Pool",4450000
Koramangala,1823,3,2.0,11.0,Furnished,"24/7 Security, Children's Play Area, High-Speed Elevators, Swimming Pool, Tennis Court",19750000
Koramangala,1706,3,2.0,2.0,Semi-Furnished,"High-Speed Elevators, Intercom, Landscaped Garden",21210000
Thanisandra,1713,3,3.0,0.0,Semi-Furnished,"Intercom, Jogging Track, Landscaped Garden, Power Backup, Tennis Court",13260000
Hebbal,1361,3,2.0,2.0,Semi-Furnished,"Children's Play Area, Gym, High-Speed Elevators, Swimming Pool, Tennis Court",11790000
Bellandur,2930,4,3.0,3.0,Semi-Furnished,"Children's Play Area, Covered Parking, Gym, Jogging Track, Power Backup, Swimming Pool",24270000
Electronic City,1331,3,3.0,0.0,Semi-Furnished,"Children's Play Area, High-Speed Elevators, Landscaped Garden",6380000
Electronic City,736,1,1.0,0.0,Semi-Furnished,"24/7 Security, Children's Play Area, Clubhouse, Covered Parking, Gym, Intercom, Power Backup",3960000
HSR Layout,1805,3,2.0,4.0,Semi-Furnished,"24/7 Security, Children's Play Area, Covered Parking, Landscaped Garden, Power Backup, Tennis Court",15490000
Marathahalli,3061,4,4.0,12.0,Semi-Furnished,"Clubhouse, Covered Parking, Intercom, Jogging Track, Power Backup",19120000
Whitefield,1007,2,2.0,4.0,Semi-Furnished,"Covered Parking, Gym, Intercom",5220000
Bellandur,1667,3,3.0,2.0,Semi-Furnished,"24/7 Security, High-Speed Elevators, Intercom, Jogging Track",11330000
Koramangala,1634,3,3.0,4.0,Unfurnished,"Covered Parking, Gym, Swimming Pool",18510000
Marathahalli,1102,2,2.0,12.0,Semi-Furnished,"Covered Parking, Gym, Intercom, Jogging Track, Swimming Pool",7670000
Whitefield,2868,4,4.0,1.0,Furnished,"Clubhouse, Swimming Pool, Tennis Court",18260000
HSR Layout,941,2,2.0,10.0,Furnished,"24/7 Security, Children's Play Area, Covered Parking, High-Speed Elevators, Jogging Track, Landscaped Garden",7890000
HSR Layout,1739,3,3.0,11.0,Semi-Furnished,"Clubhouse, High-Speed Elevators, Intercom, Tennis Court",15290000
Rajajinagar,1435,3,3.0,19.0,Unfurnished,"Children's Play Area, Covered Parking, High-Speed Elevators, Jogging Track, Landscaped Garden, Power Backup, Swimming Pool, Tennis Court",13640000
Bellandur,2741,4,3.0,0.0,Semi-Furnished,"Clubhouse, Covered Parking, Gym, Landscaped Garden, Power Backup, Swimming Pool, Tennis Court",22630000
Koramangala,989,2,1.0,17.0,Furnished,"High-Speed Elevators, Landscaped Garden, Swimming Pool",10200000
Bellandur,1709,3,2.0,0.0,Unfurnished,"24/7 Security, Covered Parking, High-Speed Elevators, Jogging Track, Landscaped Garden, Tennis Court",14450000
Whitefield,1049,2,2.0,1.0,Semi-Furnished,"24/7 Security, Clubhouse, Covered Parking",6990000
Marathahalli,1750,3,3.0,3.0,Semi-Furnished,"Children's Play Area, Clubhouse, Landscaped Garden, Power Backup",12570000
Marathahalli,1538,3,2.0,5.0,Furnished,"24/7 Security, Clubhouse, Covered Parking, High-Speed Elevators, Intercom, Landscaped Garden, Tennis Court",10980000
Whitefield,1050,2,2.0,25.0,,"Children's Play Area, Swimming Pool",5470000
Rajajinagar,606,1,1.0,2.0,Unfurnished,"Intercom, Power Backup",6100000
Banashankari,1704,3,3.0,5.0,Semi-Furnished,"24/7 Security, Children's Play Area, High-Speed Elevators, Intercom, Jogging Track, Landscaped Garden, Power Backup",12470000
Indiranagar,740,1,1.0,0.0,Semi-Furnished,"Clubhouse, High-Speed Elevators, Intercom, Jogging Track, Power Backup",8950000
Whitefield,1290,2,1.0,1.0,Semi-Furnished,"Children's Play Area, Clubhouse, Swimming Pool, Tennis Court",8280000
Indiranagar,2243,4,3.0,2.0,Unfurnished,"24/7 Security, Clubhouse, High-Speed Elevators, Swimming Pool",28520000
Koramangala,1089,2,2.0,5.0,Furnished,"Children's Play Area, Covered Parking, Jogging Track, Swimming Pool",11610000
Koramangala,523,1,1.0,8.0,Furnished,"Covered Parking, Gym, High-Speed Elevators, Swimming Pool, Tennis Court",6190000
Yelahanka,1914,3,2.0,3.0,Unfurnished,"Children's Play Area, Clubhouse, Gym, Intercom, Landscaped Garden, Tennis Court",11970000
Koramangala,1870,3,3.0,28.0,Unfurnished,"Children's Play Area, Covered Parking, Gym, Power Backup, Swimming Pool",15270000
Banashankari,1071,2,2.0,1.0,Unfurnished,"Children's Play Area, High-Speed Elevators, Landscaped Garden, Tennis Court",7950000
Koramangala,1724,3,3.0,7.0,Semi-Furnished,"Gym, Jogging Track",18260000
Electronic City,1002,2,2.0,3.0,Semi-Furnished,"24/7 Security, Children's Play Area, Clubhouse, Gym",5260000
Banashankari,996,2,2.0,1.0,Furnished,"Gym, Jogging Track",7230000
Sarjapur Road,1801,3,3.0,11.0,Unfurnished,"24/7 Security, High-Speed Elevators, Intercom, Power Backup, Swimming Pool",12130000
Indiranagar,582,1,1.0,6.0,Semi-Furnished,"24/7 Security, Covered Parking",6700000
Sarjapur Road,568,1,1.0,1.0,Furnished,"Children's Play Area, Covered Parking, Jogging Track, Power Backup",3960000
Thanisandra,1508,3,3.0,6.0,Semi-Furnished,"Jogging Track, Power Backup, Tennis Court",10760000
Whitefield,1014,2,1.0,22.0,Semi-Furnished,"Clubhouse, Intercom, Power Backup, Tennis Court",3820000
Marathahalli,1039,2,2.0,2.0,Semi-Furnished,"Covered Parking, Intercom, Landscaped Garden, Swimming Pool",7500000
Rajajinagar,1640,3,2.0,3.0,Unfurnished,"Intercom, Power Backup",13800000
Whitefield,964,2,2.0,8.0,,"Clubhouse, Covered Parking, Landscaped Garden, Swimming Pool, Tennis Court",5890000
Electronic City,2558,4,4.0,5.0,Furnished,"Gym, Jogging Track",14940000
Thanisandra,1837,3,3.0,2.0,Unfurnished,"Clubhouse, Covered Parking, Intercom, Jogging Track, Power Backup, Swimming Pool",11270000
Indiranagar,1108,2,2.0,8.0,Semi-Furnished,"Children's Play Area, Clubhouse, Covered Parking, High-Speed Elevators, Jogging Track, Landscaped Garden, Power Backup, Swimming Pool, Tennis Court",13470000
Rajajinagar,642,1,1.0,11.0,Unfurnished,"Intercom, Jogging Track, Landscaped Garden, Power Backup",5440000
Electronic City,3170,4,4.0,11.0,Semi-Furnished,"Children's Play Area, Clubhouse, High-Speed Elevators, Jogging Track, Power Backup",16180000
Malleshwaram,1214,2,2.0,2.0,Semi-Furnished,"24/7 Security, Children's Play Area, Gym, Swimming Pool",12530000
Whitefield,2731,4,4.0,0.0,Unfurnished,"Children's Play Area, Gym, High-Speed Elevators, Power Backup, Tennis Court",16740000
Bellandur,1100,2,2.0,8.0,Furnished,"Children's Play Area, Clubhouse, Covered Parking, Intercom, Landscaped Garden, Swimming Pool",8390000
Bellandur,1628,3,3.0,12.0,Semi-Furnished,"24/7 Security, Children's Play Area, Covered Parking, High-Speed Elevators, Tennis Court",12250000
HSR Layout,803,1,1.0,1.0,Furnished,"Clubhouse, Gym, Intercom, Tennis Court",8430000
Yelahanka,1408,2,2.0,0.0,Semi-Furnished,"Power Backup, Tennis Court",8420000
Jayanagar,1450,2,2.0,4.0,Semi-Furnished,"Clubhouse, Swimming Pool",18750000
Indiranagar,1461,3,2.0,0.0,Furnished,"Children's Play Area, Gym, Intercom, Tennis Court",17500000
Bellandur,800,2,2.0,13.0,Furnished,"Children's Play Area, Clubhouse, Covered Parking, Intercom, Jogging Track, Power Backup, Swimming Pool",6900000
Koramangala,1190,2,2.0,1.0,Semi-Furnished,"24/7 Security, Children's Play Area, Landscaped Garden, Tennis Court",13650000
Electronic City,560,1,1.0,20.0,Furnished,"24/7 Security, Children's Play Area, Covered Parking, Intercom, Power Backup, Swimming Pool, Tennis Court",2420000
Electronic City,800,2,1.0,1.0,Furnished,"24/7 Security, Covered Parking, Gym, Intercom, Tennis Court",4050000
Indiranagar,1671,3,2.0,1.0,Semi-Furnished,"Children's Play Area, Covered Parking, High-Speed Elevators, Intercom, Landscaped Garden",23410000
Whitefield,3456,5,5.0,12.0,Semi-Furnished,"Gym, High-Speed Elevators, Jogging Track",22790000
Whitefield,1300,3,2.0,5.0,Semi-Furnished,"Intercom, Landscaped Garden",7160000
Whitefield,4891,5,5.0,1.0,Furnished,"24/7 Security, Clubhouse, Landscaped Garden",36750000
Sarjapur Road,1005,2,2.0,3.0,Unfurnished,"Clubhouse, Gym, High-Speed Elevators, Jogging Track, Landscaped Garden, Power Backup",6600000
Thanisandra,3564,5,5.0,0.0,Semi-Furnished,"Intercom, Landscaped Garden, Swimming Pool, Tennis Court",31750000
Bellandur,1349,3,2.0,13.0,Semi-Furnished,"24/7 Security, Covered Parking, Gym, Landscaped Garden, Power Backup",9320000
Bellandur,2156,3,3.0,4.0,Unfurnished,"24/7 Security, Clubhouse, Power Backup, Swimming Pool",15190000
Yelahanka,2548,4,3.0,2.0,Semi-Furnished,"Clubhouse, Jogging Track, Power Backup, Tennis Court",17390000
Marathahalli,1007,2,2.0,5.0,Furnished,"24/7 Security, Gym, High-Speed Elevators, Power Backup",5920000
HSR Layout,2377,4,,3.0,Semi-Furnished,"Clubhouse, Gym, High-Speed Elevators, Intercom, Jogging Track, Landscaped Garden, Swimming Pool, Tennis Court",23920000
Whitefield,2582,4,4.0,6.0,Unfurnished,"Children's Play Area, Covered Parking, Jogging Track, Swimming Pool",12310000
Yelahanka,1315,2,2.0,7.0,Semi-Furnished,"Clubhouse, Jogging Track, Power Backup, Swimming Pool",7860000
Indiranagar,517,1,1.0,14.0,Furnished,"24/7 Security, High-Speed Elevators, Power Backup, Swimming Pool",5140000
Yelahanka,1436,3,3.0,3.0,Semi-Furnished,"24/7 Security, Covered Parking, Landscaped Garden, Swimming Pool, Tennis Court",9530000
Electronic City,2483,4,3.0,2.0,Unfurnished,"Children's Play Area, Intercom, Power Backup",14820000
Banashankari,2030,3,3.0,12.0,Unfurnished,"Children's Play Area, Intercom, Jogging Track, Tennis Court",13530000
Rajajinagar,2404,4,4.0,26.0,Furnished,"Covered Parking, High-Speed Elevators",19330000
Marathahalli,2315,4,4.0,0.0,Semi-Furnished,"Intercom, Jogging Track",15910000
Marathahalli,3329,5,5.0,22.0,Semi-Furnished,"Clubhouse, Covered Parking, Gym, High-Speed Elevators, Intercom, Jogging Track, Power Backup, Swimming Pool, Tennis Court",24400000
Koramangala,629,1,1.0,15.0,Furnished,"24/7 Security, Clubhouse, High-Speed Elevators, Intercom, Tennis Court",6500000
Sarjapur Road,706,1,1.0,11.0,Furnished,"Intercom, Power Backup",4580000
Electronic City,1500,3,2.0,2.0,Semi-Furnished,"24/7 Security, Children's Play Area, Gym, High-Speed Elevators, Intercom, Landscaped Garden, Power Backup, Tennis Court",6980000
Thanisandra,1212,2,2.0,8.0,Unfurnished,"Clubhouse, Landscaped Garden, Tennis Court",7040000
Rajajinagar,821,2,2.0,6.0,Semi-Furnished,"24/7 Security, Clubhouse, Covered Parking, Landscaped Garden, Power Backup",8690000
Thanisandra,1694,3,3.0,7.0,Semi-Furnished,"Children's Play Area, Jogging Track, Landscaped Garden, Tennis Court",11010000
Hebbal,739,1,1.0,7.0,Furnished,"24/7 Security, Children's Play Area, Intercom, Landscaped Garden",5970000
Indiranagar,593,1,1.0,10.0,Semi-Furnished,"24/7 Security, Children's Play Area, Power Backup, Tennis Court",6570000
Whitefield,2119,3,2.0,3.0,Semi-Furnished,"Children's Play Area, Covered Parking, Gym, Landscaped Garden, Power Backup, Tennis Court",14430000
HSR Layout,3412,5,5.0,0.0,Unfurnished,"24/7 Security, Children's Play Area, Covered Parking, Intercom, Landscaped Garden",35470000
Marathahalli,1091,2,2.0,0.0,Furnished,"Gym, High-Speed Elevators, Jogging Track",8000000
Yelahanka,1145,2,1.0,5.0,,"Intercom, Jogging Track, Tennis Court",6590000
Sarjapur Road,1628,3,2.0,0.0,Furnished,"Clubhouse, Covered Parking, High-Speed Elevators, Swimming Pool, Tennis Court",13860000
Electronic City,2680,4,4.0,2.0,Unfurnished,"Children's Play Area, Clubhouse, Covered Parking, High-Speed Elevators, Jogging Track, Landscaped Garden, Power Backup, Swimming Pool, Tennis Court",14360000
Electronic City,1241,2,2.0,0.0,Unfurnished,"Gym, High-Speed Elevators, Power Backup, Swimming Pool, Tennis Court",5720000
HSR Layout,1395,3,3.0,2.0,Semi-Furnished,"Children's Play Area, Clubhouse, Intercom",13550000
Yelahanka,1090,2,2.0,,Semi-Furnished,"Children's Play Area, Covered Parking, Intercom",6610000
Koramangala,2213,4,4.0,3.0,Furnished,"Gym, High-Speed Elevators, Jogging Track, Landscaped Garden",29580000
Bellandur,1681,3,,6.0,Semi-Furnished,"24/7 Security, Children's Play Area, Clubhouse, Gym, High-Speed Elevators, Power Backup, Swimming Pool",13880000
Bellandur,1802,3,2.0,1.0,Semi-Furnished,"24/7 Security, Covered Parking, Gym, Intercom, Jogging Track, Tennis Court",13650000
Electronic City,1454,3,2.0,2.0,Semi-Furnished,"Clubhouse, Gym, Landscaped Garden",7230000
Bellandur,1670,3,3.0,28.0,Furnished,"Clubhouse, Gym, Intercom, Power Backup, Swimming Pool",12860000
Jayanagar,1575,3,3.0,3.0,Furnished,"Children's Play Area, Covered Parking, Jogging Track, Landscaped Garden, Power Backup",23810000
Jayanagar,1156,2,2.0,11.0,Semi-Furnished,"Clubhouse, Landscaped Garden, Swimming Pool, Tennis Court",12600000
Koramangala,1912,3,2.0,1.0,Semi-Furnished,"24/7 Security, Children's Play Area, Swimming Pool, Tennis Court",21180000
Marathahalli,1217,2,2.0,19.0,Unfurnished,"24/7 Security, Children's Play Area, Clubhouse, Covered Parking, Jogging Track, Tennis Court",6690000
Koramangala,1717,3,2.0,20.0,Semi-Furnished,"Children's Play Area, Covered Parking, High-Speed Elevators, Swimming Pool",19380000
Rajajinagar,841,2,2.0,9.0,Semi-Furnished,"Gym, Landscaped Garden",7060000
Koramangala,555,1,1.0,0.0,Semi-Furnished,"24/7 Security, High-Speed Elevators, Jogging Track, Power Backup, Swimming Pool, Tennis Court",6330000
Yelahanka,2257,4,3.0,4.0,Semi-Furnished,"Landscaped Garden, Tennis Court",11850000
Sarjapur Road,2778,4,4.0,9.0,Unfurnished,"Children's Play Area, Jogging Track, Landscaped Garden, Tennis Court",19990000
HSR Layout,1436,3,3.0,10.0,Semi-Furnished,"Gym, Swimming Pool, Tennis Court",11810000
Malleshwaram,2059,3,3.0,3.0,Semi-Furnished,"24/7 Security, Children's Play Area, Clubhouse, Gym, High-Speed Elevators, Intercom, Swimming Pool, Tennis Court",23260000
Indiranagar,582,1,1.0,1.0,Furnished,"24/7 Security, Landscaped Garden, Swimming Pool",5690000
Indiranagar,2016,3,3.0,4.0,Semi-Furnished,"Children's Play Area, High-Speed Elevators, Intercom, Jogging Track",21580000
Banashankari,620,1,1.0,11.0,Furnished,"24/7 Security, Intercom, Power Backup, Tennis Court",3730000
Electronic City,1258,2,2.0,0.0,Unfurnished,"24/7 Security, Children's Play Area, Covered Parking, Jogging Track, Swimming Pool",5680000
Indiranagar,1099,2,2.0,18.0,Semi-Furnished,"Covered Parking, Intercom, Landscaped Garden, Swimming Pool",10390000
Whitefield,1053,2,2.0,4.0,Semi-Furnished,"24/7 Security, Covered Parking, High-Speed Elevators, Jogging Track, Power Backup, Tennis Court",6360000
Whitefield,1664,3,3.0,0.0,Semi-Furnished,"24/7 Security, Clubhouse, High-Speed Elevators, Intercom, Landscaped Garden, Tennis Court",10010000
Jayanagar,1443,3,2.0,12.0,Furnished,"High-Speed Elevators, Power Backup, Tennis Court",15100000
Jayanagar,645,1,1.0,0.0,Semi-Furnished,"24/7 Security, Children's Play Area, Clubhouse, Covered Parking, Gym, Jogging Track, Power Backup, Swimming Pool, Tennis Court",6470000
Koramangala,2100,4,4.0,0.0,Semi-Furnished,"Children's Play Area, Gym, High-Speed Elevators, Intercom",27120000
Whitefield,1315,2,2.0,17.0,Semi-Furnished,"Children's Play Area, Clubhouse, Intercom, Jogging Track, Landscaped Garden",5850000
Marathahalli,3563,5,5.0,1.0,Furnished,"Children's Play Area, High-Speed Elevators, Landscaped Garden",32030000
Sarjapur Road,3536,5,5.0,2.0,Furnished,"High-Speed Elevators, Landscaped Garden, Swimming Pool",32950000
Malleshwaram,1399,2,2.0,3.0,Semi-Furnished,"Gym, High-Speed Elevators, Intercom, Power Backup, Swimming Pool",14360000
Thanisandra,1300,3,2.0,3.0,Semi-Furnished,"Children's Play Area, Covered Parking, Landscaped Garden",7610000
Whitefield,1597,3,3.0,2.0,Semi-Furnished,"Children's Play Area, Clubhouse, Covered Parking, Power Backup, Tennis Court",11560000
Sarjapur Road,1684,3,3.0,9.0,Semi-Furnished,"Clubhouse, Covered Parking, High-Speed Elevators, Jogging Track",12080000
Electronic City,1708,3,2.0,16.0,Semi-Furnished,"Clubhouse, High-Speed Elevators, Swimming Pool, Tennis Court",8990000
Thanisandra,599,1,1.0,19.0,Semi-Furnished,"24/7 Security, Covered Parking, Jogging Track, Swimming Pool",3080000
Malleshwaram,2038,3,3.0,17.0,Semi-Furnished,"Power Backup, Tennis Court",22070000
Bellandur,4374,5,4.0,4.0,Unfurnished,"Clubhouse, Power Backup, Swimming Pool",32880000
Koramangala,1507,3,3.0,2.0,Furnished,"Children's Play Area, Covered Parking, Tennis Court",18790000
Whitefield,1692,3,3.0,3.0,Unfurnished,"Children's Play Area, Jogging Track, Power Backup, Tennis Court",9460000
HSR Layout,1412,3,2.0,6.0,Furnished,"Covered Parking, Intercom, Landscaped Garden",13070000
Marathahalli,2814,4,4.0,3.0,Semi-Furnished,"24/7 Security, High-Speed Elevators, Intercom",18880000
Indiranagar,2570,4,3.0,6.0,Furnished,"Gym, Jogging Track, Swimming Pool",30550000
Electronic City,1776,3,3.0,4.0,Furnished,"Covered Parking, Intercom, Landscaped Garden, Power Backup",9130000
Thanisandra,1481,3,2.0,2.0,Semi-Furnished,"High-Speed Elevators, Intercom, Landscaped Garden, Tennis Court",8180000
Malleshwaram,1042,2,2.0,27.0,Furnished,"Children's Play Area, High-Speed Elevators, Intercom, Swimming Pool",9560000
Marathahalli,889,2,1.0,2.0,Unfurnished,"Clubhouse, Intercom, Jogging Track, Landscaped Garden, Tennis Court",5960000
Thanisandra,1114,2,2.0,12.0,Furnished,"Clubhouse, Covered Parking, Gym, Power Backup, Swimming Pool",5490000
Marathahalli,2100,4,4.0,4.0,Furnished,"Clubhouse, Tennis Court",13990000
Sarjapur Road,1065,2,2.0,0.0,Unfurnished,"Clubhouse, High-Speed Elevators, Intercom",6610000
HSR Layout,940,2,1.0,8.0,Furnished,"Children's Play Area, Clubhouse, Jogging Track, Power Backup, Swimming Pool",6930000
Electronic City,909,2,2.0,7.0,Semi-Furnished,"Children's Play Area, Covered Parking, Gym, Jogging Track, Swimming Pool, Tennis Court",4310000
Bellandur,1685,3,3.0,8.0,Unfurnished,"Covered Parking, Swimming Pool",14380000
Rajajinagar,851,2,2.0,,Semi-Furnished,"24/7 Security, Covered Parking, Intercom, Tennis Court",8620000
Bellandur,1226,2,2.0,7.0,Unfurnished,"Children's Play Area, Clubhouse, Gym, Jogging Track, Tennis Court",8770000
Marathahalli,1481,3,3.0,1.0,Furnished,"24/7 Security, Children's Play Area, Landscaped Garden, Swimming Pool, Tennis Court",12160000
Electronic City,1162,2,2.0,9.0,Unfurnished,"Children's Play Area, Landscaped Garden, Power Backup",5010000
Yelahanka,928,2,2.0,15.0,Semi-Furnished,"24/7 Security, Gym, High-Speed Elevators, Landscaped Garden",5300000
HSR Layout,1090,2,2.0,10.0,Semi-Furnished,"Gym, Jogging Track",9160000
Bellandur,2494,4,3.0,5.0,Semi-Furnished,"Clubhouse, Gym, High-Speed Elevators, Tennis Court",18190000
Koramangala,1713,3,2.0,2.0,Semi-Furnished,"24/7 Security, Children's Play Area, High-Speed Elevators, Jogging Track, Power Backup, Tennis Court",22810000
HSR Layout,3853,5,5.0,19.0,Furnished,"Children's Play Area, Jogging Track, Landscaped Garden, Swimming Pool",34000000
HSR Layout,1130,2,2.0,1.0,Semi-Furnished,"Intercom, Power Backup",10390000
Whitefield,1087,2,2.0,0.0,Furnished,"24/7 Security, Clubhouse, Gym, Intercom",7590000
Hebbal,1673,3,3.0,9.0,Furnished,"Clubhouse, Covered Parking, Gym, Jogging Track, Swimming Pool",15390000
Koramangala,1503,3,3.0,18.0,Furnished,"Clubhouse, Covered Parking, High-Speed Elevators, Power Backup, Tennis Court",18470000
Yelahanka,2628,4,4.0,0.0,Semi-Furnished,"Covered Parking, High-Speed Elevators, Intercom, Landscaped Garden, Swimming Pool",18140000
Electronic City,1005,2,1.0,0.0,Semi-Furnished,"Gym, High-Speed Elevators, Landscaped Garden, Swimming Pool",5420000
Electronic City,2010,3,3.0,28.0,Furnished,"Children's Play Area, Landscaped Garden, Power Backup",9210000
Electronic City,1764,3,2.0,6.0,Furnished,"24/7 Security, Landscaped Garden, Power Backup, Tennis Court",9540000
Jayanagar,1206,2,2.0,1.0,Furnished,"High-Speed Elevators, Landscaped Garden, Tennis Court",14040000
Koramangala,1405,3,2.0,3.0,Semi-Furnished,"Clubhouse, Gym, High-Speed Elevators, Landscaped Garden, Power Backup",17900000
Thanisandra,1006,2,2.0,7.0,Semi-Furnished,"24/7 Security, Children's Play Area, Clubhouse, High-Speed Elevators, Intercom, Landscaped Garden, Tennis Court",6310000
HSR Layout,1082,2,1.0,1.0,Semi-Furnished,"Jogging Track, Tennis Court",8710000
Banashankari,906,2,2.0,8.0,Semi-Furnished,"Children's Play Area, High-Speed Elevators, Intercom, Jogging Track, Landscaped Garden, Swimming Pool, Tennis Court",6600000
Rajajinagar,939,2,2.0,2.0,Semi-Furnished,"24/7 Security, Children's Play Area, Covered Parking, Gym, High-Speed Elevators, Intercom, Power Backup",10620000
Indiranagar,676,1,1.0,5.0,Semi-Furnished,"Covered Parking, Gym, Swimming Pool",7620000
Marathahalli,2471,4,4.0,12.0,Furnished,"24/7 Security, Landscaped Garden, Power Backup",17210000
Koramangala,1080,2,2.0,11.0,Furnished,"24/7 Security, Children's Play Area, Gym, Intercom, Jogging Track, Power Backup, Tennis Court",12040000
Whitefield,2696,4,3.0,8.0,Semi-Furnished,"Gym, High-Speed Elevators, Power Backup, Swimming Pool, Tennis Court",15090000
Banashankari,1140,2,2.0,2.0,Semi-Furnished,"Children's Play Area, Covered Parking, High-Speed Elevators, Power Backup",8880000
Whitefield,2936,4,4.0,0.0,Semi-Furnished,"24/7 Security, Children's Play Area, Clubhouse, Landscaped Garden, Tennis Court",20970000
Whitefield,1501,3,3.0,9.0,Unfurnished,"Children's Play Area, Covered Parking, Gym, Intercom, Power Backup, Swimming Pool, Tennis Court",10020000
Hebbal,1097,2,2.0,6.0,Semi-Furnished,"24/7 Security, Children's Play Area, Covered Parking, Gym, Intercom, Landscaped Garden",9750000
Marathahalli,977,2,2.0,0.0,Furnished,"Jogging Track, Power Backup",6070000
Hebbal,1392,2,1.0,0.0,Furnished,"24/7 Security, Clubhouse, Intercom, Swimming Pool",13090000
Sarjapur Road,1010,2,2.0,8.0,Semi-Furnished,"Clubhouse, Gym, High-Speed Elevators, Landscaped Garden, Power Backup",6630000
HSR Layout,1520,3,2.0,8.0,Unfurnished,"Children's Play Area, Clubhouse, Landscaped Garden, Swimming Pool",11390000
Thanisandra,1206,2,1.0,4.0,Unfurnished,"24/7 Security, Children's Play Area, Covered Parking, Gym, High-Speed Elevators, Intercom",7160000
Rajajinagar,1570,3,2.0,1.0,Unfurnished,"24/7 Security, Jogging Track, Power Backup, Tennis Court",15510000
Rajajinagar,940,2,1.0,0.0,Unfurnished,"24/7 Security, High-Speed Elevators, Jogging Track, Power Backup, Tennis Court",9100000
Sarjapur Road,958,2,2.0,17.0,Unfurnished,"Covered Parking, Gym, Landscaped Garden, Power Backup, Swimming Pool",5510000
Indiranagar,1600,3,,7.0,Semi-Furnished,"Clubhouse, Jogging Track, Landscaped Garden",20900000
Whitefield,1669,3,2.0,6.0,Semi-Furnished,"24/7 Security, Clubhouse, Gym, High-Speed Elevators, Intercom, Jogging Track, Landscaped Garden, Swimming Pool",10180000
Sarjapur Road,1791,3,3.0,10.0,Semi-Furnished,"Children's Play Area, Clubhouse, Covered Parking, Gym, High-Speed Elevators, Intercom",12270000
HSR Layout,1064,2,2.0,0.0,Furnished,"Children's Play Area, Clubhouse, Gym, Jogging Track, Swimming Pool",10260000
Whitefield,1979,3,2.0,9.0,Semi-Furnished,"Clubhouse, Gym, Landscaped Garden, Swimming Pool",10380000
Electronic City,3091,4,4.0,4.0,Semi-Furnished,"Children's Play Area, Swimming Pool, Tennis Court",16840000
HSR Layout,1423,3,3.0,,Semi-Furnished,"Clubhouse, Jogging Track, Landscaped Garden, Swimming Pool",11520000
Electronic City,688,1,1.0,0.0,Semi-Furnished,"Clubhouse, High-Speed Elevators, Intercom, Jogging Track",3360000
HSR Layout,2470,4,4.0,10.0,Furnished,"Clubhouse, Jogging Track, Landscaped Garden",25420000
Electronic City,1480,3,2.0,6.0,Furnished,"Children's Play Area, Covered Parking, Gym, Tennis Court",7910000
Thanisandra,1754,3,2.0,1.0,Furnished,"Clubhouse, High-Speed Elevators, Intercom, Tennis Court",11440000
Whitefield,450,1,1.0,7.0,Semi-Furnished,"24/7 Security, High-Speed Elevators, Intercom, Landscaped Garden, Power Backup",2100000
Banashankari,1040,2,1.0,11.0,Furnished,"Children's Play Area, Gym, Jogging Track, Landscaped Garden, Swimming Pool, Tennis Court",7680000
HSR Layout,971,2,2.0,15.0,Unfurnished,"Children's Play Area, Gym, Jogging Track, Landscaped Garden, Power Backup, Swimming Pool",6790000
Bellandur,1272,2,2.0,7.0,Semi-Furnished,"Intercom, Swimming Pool, Tennis Court",8560000
Rajajinagar,1228,2,2.0,22.0,Semi-Furnished,"24/7 Security, High-Speed Elevators, Landscaped Garden",10380000
HSR Layout,1816,3,3.0,12.0,Unfurnished,"Clubhouse, Gym, Intercom, Jogging Track, Landscaped Garden, Tennis Court",14760000
Marathahalli,2463,4,4.0,3.0,Semi-Furnished,"Covered Parking, Intercom, Landscaped Garden",20220000
Jayanagar,1300,3,3.0,8.0,Semi-Furnished,"24/7 Security, Covered Parking, High-Speed Elevators",17060000
Marathahalli,1529,3,2.0,0.0,Unfurnished,"Covered Parking, Intercom, Landscaped Garden, Power Backup, Swimming Pool",9580000
Yelahanka,871,2,2.0,20.0,Furnished,"Children's Play Area, High-Speed Elevators, Jogging Track, Landscaped Garden, Tennis Court",5290000
Indiranagar,945,2,2.0,1.0,Semi-Furnished,"Covered Parking, High-Speed Elevators, Jogging Track",13900000
Koramangala,1000,2,2.0,5.0,Furnished,"Gym, High-Speed Elevators, Jogging Track",10750000
Whitefield,1500,3,2.0,5.0,Semi-Furnished,"Gym, Swimming Pool, Clubhouse, 24/7 Security, Power Backup, Covered Parking",8500000
Whitefield,1859,3,2.0,8.0,Semi-Furnished,"24/7 Security, Clubhouse, Gym, Intercom, Jogging Track, Landscaped Garden, Power Backup, Tennis Court",9850000
Hebbal,1722,3,3.0,,Unfurnished,"Gym, Jogging Track, Swimming Pool",14170000
Indiranagar,1908,3,3.0,18.0,Furnished,"Jogging Track, Landscaped Garden, Power Backup",22660000
Electronic City,2547,4,4.0,9.0,Semi-Furnished,"24/7 Security, Children's Play Area, Clubhouse, Covered Parking, Gym, High-Speed Elevators, Intercom, Jogging Track, Landscaped Garden",15170000
Rajajinagar,2100,4,3.0,16.0,Unfurnished,"24/7 Security, Children's Play Area, Clubhouse, High-Speed Elevators, Intercom, Landscaped Garden, Swimming Pool, Tennis Court",19830000
Hebbal,2255,4,4.0,6.0,Furnished,"Covered Parking, Gym, Power Backup, Swimming Pool",23990000
HSR Layout,1300,3,2.0,1.0,Unfurnished,"Landscaped Garden, Power Backup, Swimming Pool, Tennis Court",11100000
Whitefield,2100,4,4.0,8.0,Furnished,"24/7 Security, Gym, High-Speed Elevators, Landscaped Garden, Swimming Pool",13920000
Koramangala,835,2,2.0,14.0,Unfurnished,"24/7 Security, Covered Parking, Intercom, Landscaped Garden, Swimming Pool",9390000
Electronic City,2174,3,3.0,8.0,Semi-Furnished,"24/7 Security, High-Speed Elevators, Jogging Track, Tennis Court",10840000
Hebbal,1347,3,3.0,2.0,Semi-Furnished,"Clubhouse, Covered Parking, Gym, Swimming Pool, Tennis Court",12130000
Malleshwaram,1202,2,2.0,0.0,Furnished,"Clubhouse, High-Speed Elevators, Swimming Pool, Tennis Court",14000000
Koramangala,1321,2,2.0,0.0,Unfurnished,"Clubhouse, Jogging Track",13820000
Sarjapur Road,641,1,1.0,0.0,Semi-Furnished,"24/7 Security, Jogging Track, Tennis Court",4580000
Hebbal,651,1,1.0,1.0,Unfurnished,"24/7 Security, Children's Play Area, Covered Parking, Gym, Power Backup",4920000
Yelahanka,1947,3,3.0,7.0,Semi-Furnished,"Children's Play Area, Intercom",10370000
Electronic City,1163,2,2.0,1.0,Unfurnished,"High-Speed Elevators, Power Backup, Swimming Pool, Tennis Court",5520000
Sarjapur Road,1060,2,2.0,10.0,Semi-Furnished,"High-Speed Elevators, Intercom, Swimming Pool, Tennis Court",6980000
Koramangala,3879,5,5.0,1.0,Semi-Furnished,"Clubhouse, Intercom",54860000
Whitefield,1688,3,3.0,6.0,Unfurnished,"24/7 Security, High-Speed Elevators, Intercom, Jogging Track",8970000
Sarjapur Road,1758,3,3.0,13.0,Semi-Furnished,"High-Speed Elevators, Landscaped Garden, Power Backup, Tennis Court",12800000
Electronic City,1335,3,3.0,9.0,Semi-Furnished,"Jogging Track, Power Backup",6710000
Whitefield,1779,3,3.0,23.0,Unfurnished,"Gym, Landscaped Garden, Swimming Pool",8780000
HSR Layout,1489,3,3.0,6.0,Semi-Furnished,"Covered Parking, High-Speed Elevators, Jogging Track, Landscaped Garden, Tennis Court",13550000
Indiranagar,2100,4,4.0,1.0,Semi-Furnished,"Intercom, Jogging Track, Landscaped Garden, Swimming Pool, Tennis Court",28430000
HSR Layout,864,2,2.0,6.0,Semi-Furnished,"Covered Parking, Jogging Track",7190000
Jayanagar,717,1,1.0,13.0,Semi-Furnished,"Children's Play Area, Covered Parking, Gym, Swimming Pool",8120000
Marathahalli,1009,2,2.0,4.0,Semi-Furnished,"High-Speed Elevators, Intercom, Swimming Pool, Tennis Court",7050000
Whitefield,1219,2,2.0,1.0,Semi-Furnished,"Covered Parking, Tennis Court",7840000
Koramangala,3798,5,5.0,7.0,Semi-Furnished,"Jogging Track, Tennis Court",45570000
Whitefield,3931,5,5.0,19.0,Furnished,"24/7 Security, Children's Play Area, Landscaped Garden, Tennis Court",23810000
HSR Layout,1283,2,2.0,0.0,Semi-Furnished,"Children's Play Area, Clubhouse, Gym, Intercom, Landscaped Garden, Power Backup, Tennis Court",11090000
Rajajinagar,1087,2,2.0,17.0,Semi-Furnished,"Children's Play Area, Covered Parking, Gym, Swimming Pool",10550000
Thanisandra,1816,3,3.0,4.0,Semi-Furnished,"24/7 Security, Children's Play Area, Gym, Intercom",10980000
Whitefield,1544,3,2.0,6.0,Unfurnished,"Children's Play Area, High-Speed Elevators, Intercom, Swimming Pool",8850000
Malleshwaram,1688,3,3.0,3.0,Semi-Furnished,"Covered Parking, Jogging Track, Swimming Pool",18550000
Sarjapur Road,1300,3,3.0,2.0,Unfurnished,"24/7 Security, Children's Play Area, Gym, Intercom",8800000
Banashankari,955,2,2.0,5.0,Semi-Furnished,"24/7 Security, Intercom, Swimming Pool, Tennis Court",6640000
Electronic City,819,2,2.0,5.0,Semi-Furnished,"24/7 Security, Children's Play Area, Gym, Landscaped Garden, Power Backup",3400000
Banashankari,1043,2,2.0,1.0,Unfurnished,"24/7 Security, High-Speed Elevators, Jogging Track, Swimming Pool",7060000
Hebbal,468,1,1.0,4.0,Unfurnished,"Clubhouse, Swimming Pool, Tennis Court",3370000
Yelahanka,854,2,2.0,1.0,Furnished,"Children's Play Area, High-Speed Elevators, Intercom, Jogging Track, Landscaped Garden, Power Backup, Swimming Pool",5700000
Marathahalli,1863,3,2.0,2.0,Furnished,"24/7 Security, Intercom",13800000
Sarjapur Road,527,1,1.0,22.0,Unfurnished,"Jogging Track, Power Backup, Tennis Court",2770000
Bellandur,1964,3,3.0,0.0,Furnished,"24/7 Security, Clubhouse, Covered Parking, Jogging Track",17620000
Whitefield,978,2,2.0,0.0,Semi-Furnished,"Covered Parking, High-Speed Elevators, Jogging Track, Swimming Pool",5730000
Whitefield,1184,2,2.0,6.0,Furnished,"24/7 Security, Children's Play Area, Intercom, Jogging Track, Power Backup",7340000
